{"MAE":2.533562795076013e+65,"L2RE":1.6094712848753332,"max_APE":3.6226116675355753e+68,"_timestamp":1.723996230274893e+09,"_runtime":34.741396091,"_step":0,"MSE":0.03037255295202679,"_wandb":{"runtime":35}}