{"weighted_score":0.09467104003004584,"weighted_array":[0.25,0.25,0.25,0.25],"max_APE":2.8329032302244797e+67,"_step":1,"MAE":1.5871114741853598e+64,"activation_function":"Swish","_wandb":{"runtime":3},"L2RE":0.9890663712015482,"_runtime":2.639628794,"iterations":2,"initialization_method":"He normal","_timestamp":1.724404897674596e+09,"MSE":0.01147006038351851}