{"initialization_method":"He normal","_wandb":{"runtime":2},"iterations":300,"L2RE":1.727057147101507,"max_APE":7.793419365381578e+68,"MSE":0.034972626448801045,"_runtime":1.360057547,"MAE":5.669995942665946e+65,"_timestamp":1.7242360309927702e+09,"activation_function":"Swish","_step":0}