{"L2RE":2.1939863343532657,"_step":0,"iterations":3,"max_APE":2.8707222376775574e+69,"MSE":0.05643943647237961,"_runtime":1.412553051,"_timestamp":1.7242737109829988e+09,"initialization_method":"Glorot normal","activation_function":"Sigmoid","_wandb":{"runtime":2},"MAE":2.2492268105160765e+66}