{"_step":0,"_wandb":{"runtime":1362},"MSE":0.005430991736262008,"MAE":1.1841229826156944e+66,"L2RE":0.6805846578432235,"max_APE":2.4529152428435293e+69,"_timestamp":1.723297992888173e+09,"_runtime":1361.922530669}