{"MAE":4.364009488496405e+65,"L2RE":1.5454552144942943,"_wandb":{"runtime":34},"max_APE":6.023976963880395e+68,"_timestamp":1.7242373279775262e+09,"_runtime":33.834746467,"_step":0,"MSE":0.02800449083686678}