{"_step":0,"_wandb":{"runtime":33},"MSE":0.03820252551094775,"MAE":4.287403716958228e+65,"L2RE":1.8050474420662725,"max_APE":1.0877661596557378e+69,"_timestamp":1.7240273379241467e+09,"_runtime":33.136013177}