{"MSE":0.01803649442685353,"MAE":1.073115271187616e+66,"L2RE":1.2402768846344017,"max_APE":1.930526689157749e+69,"_timestamp":1.7235682002800508e+09,"_runtime":35.168441304,"_step":0,"_wandb":{"runtime":35}}