{"L2RE":0.7310956736160827,"MAE":4.271565264036752e+65,"MSE":0.006267051452895044,"_wandb":{"runtime":2},"max_APE":7.696800625081774e+68,"_timestamp":1.7232356456015604e+09,"_runtime":1.48188984,"_step":0}