{"MAE":5.669995942665946e+65,"_timestamp":1.7242348115669904e+09,"iterations":200,"MSE":0.034972626448801045,"_wandb":{"runtime":2},"_step":0,"activation_function":"SiLU","_runtime":1.567640344,"L2RE":1.727057147101507,"max_APE":7.793419365381578e+68,"initialization_method":"He normal"}