{"_timestamp":1.724273873109277e+09,"_wandb":{"runtime":2},"iterations":15,"MSE":0.05643943647237961,"_step":0,"activation_function":"Sigmoid","initialization_method":"Glorot normal","MAE":2.2492268105160765e+66,"L2RE":2.1939863343532657,"max_APE":2.8707222376775574e+69,"_runtime":2.137506126}