{"L2RE":1.812246822242899,"iterations":1,"_step":0,"MSE":0.03850787259720428,"max_APE":7.934607384628394e+68,"_wandb":{"runtime":1},"activation_function":"ReLu","initialization_method":"He normal","_runtime":1.204604262,"MAE":3.256774038161601e+65,"_timestamp":1.7243571569915931e+09}