{"_runtime":33.492305096,"_step":0,"_wandb":{"runtime":33},"MSE":0.048781966216754576,"MAE":2.930377721721396e+65,"L2RE":2.039727890407325,"max_APE":3.7391171184225726e+68,"_timestamp":1.724232924805641e+09}