{"_wandb":{"runtime":94},"_runtime":93.81624742,"_step":0,"MSE":0.014519279714771453,"MAE":1.4057337705899387e+66,"L2RE":1.1127948825102105,"max_APE":1.8226436821511145e+69,"_timestamp":1.7235700951478252e+09}