{"_runtime":3994.612379,"_step":0,"_wandb":{"runtime":3995},"MSE":0.0034557276391346606,"MAE":3.298781875715071e+43,"L2RE":0.12460787183950704,"max_APE":7.620178517858484e+45,"_timestamp":1.7197462703089151e+09}