{"_step":0,"MSE":0.016313558765360437,"MAE":4.887831551155803e+65,"_wandb":{"runtime":38},"L2RE":1.1795515879688196,"max_APE":1.0819177212542318e+69,"_timestamp":1.7239969797085612e+09,"_runtime":37.640144799}