{"L2RE":2.9729209681549165,"max_APE":1.9872663977332072e+69,"_timestamp":1.7233000007540522e+09,"_runtime":29.756828626,"_wandb":{"runtime":29},"_step":0,"MSE":0.10362906046864012,"MAE":1.4616557866364728e+66}