{"_runtime":2.356546125,"_step":1,"max_APE":5.106414610320549e+69,"L2RE":4.8479145265507615,"iterations":7,"activation_function":"Softplus","MSE":0.2755654344241879,"weighted_array":[0.25,0.25,0.25,0.25],"_timestamp":1.7242766626073332e+09,"weighted_score":0.9999999999027726,"MAE":3.991036138653676e+66,"initialization_method":"Glorot normal","_wandb":{"runtime":3}}