{"_wandb":{"runtime":9},"L2RE":0.8810044058361416,"_runtime":2.783986014,"MSE":0.009100620261415872,"weighted_score":0.16707132915446535,"MAE":3.816930648329751e+65,"activation_function":"SELU","initialization_method":"Glorot normal","_step":1,"_timestamp":1.7244048320054412e+09,"max_APE":5.383709615442269e+68,"iterations":2,"weighted_array":[0.25,0.25,0.25,0.25]}