{"_step":0,"MSE":0.005542644151299722,"MAE":2.3342363463591394e+65,"L2RE":0.6875449273216278,"_wandb":{"runtime":30},"max_APE":3.372452608588014e+68,"_timestamp":1.7239994821252577e+09,"_runtime":30.420493554}