{"MAE":9.193078454494602e+64,"L2RE":0.4565658624643288,"max_APE":1.387272866541234e+68,"_timestamp":1.724344605464153e+09,"_runtime":35.72422826,"_step":0,"_wandb":{"runtime":36},"MSE":0.0024441153841030226}