{"max_APE":2.6636746948523145e+67,"weighted_score":0.1328165480470302,"_runtime":3.233601179,"weighted_array":[0.25,0.25,0.25,0.25],"activation_function":"Mish","_wandb":{"runtime":5},"L2RE":1.1736554906308545,"MSE":0.016150876720304446,"iterations":3,"initialization_method":"He normal","_timestamp":1.724404949390178e+09,"MAE":1.1364763230131538e+64,"_step":1}