{"_runtime":1.1977043840000001,"max_APE":7.793419365381578e+68,"iterations":50,"MSE":0.034972626448801045,"_wandb":{"runtime":2},"initialization_method":"He normal","L2RE":1.727057147101507,"_timestamp":1.7242357074979305e+09,"activation_function":"Swish","MAE":5.669995942665946e+65,"_step":0}