{"_wandb":{"runtime":1},"MAE":2.288606660963791e+65,"activation_function":"GELU","iterations":3,"max_APE":3.8184107801525346e+68,"MSE":0.03601653556785414,"initialization_method":"He normal","L2RE":1.7526433590160473,"_step":0,"_timestamp":1.7242727914196215e+09,"_runtime":1.240731875}