{"_runtime":33.065138006,"_step":0,"MSE":0.07436735711999912,"MAE":2.020739040682361e+66,"_wandb":{"runtime":33},"L2RE":2.5184524621904645,"max_APE":2.664033308082899e+69,"_timestamp":1.7243581949566646e+09}