{"initialization_method":"He normal","_wandb":{"runtime":1},"MSE":0.037413443533896626,"_timestamp":1.7242760608416474e+09,"max_APE":3.0644256790733366e+68,"_runtime":1.295964097,"iterations":3,"activation_function":"APTx","MAE":1.4218833827512665e+65,"L2RE":1.7863083363702963,"_step":0}