{"activation_function":"sin","max_APE":1.137570413925212e+69,"MSE":0.015673707568259598,"initialization_method":"Glorot normal","L2RE":1.1561879894496223,"_step":0,"_timestamp":1.724235389067869e+09,"_runtime":1.388723667,"_wandb":{"runtime":2},"iterations":200,"MAE":5.432439844354207e+65}