{"MAE":4.155014334974775e+65,"L2RE":1.9085053900455407,"max_APE":5.647375368954981e+68,"_timestamp":1.724232602962385e+09,"_runtime":33.662618585,"_step":0,"MSE":0.04270725067587338,"_wandb":{"runtime":34}}