{"L2RE":2.7540670901040594,"_wandb":{"runtime":33},"max_APE":2.3888070631500516e+69,"_timestamp":1.7233035725798616e+09,"_runtime":32.74014921,"_step":0,"MSE":0.08893318860287226,"MAE":1.2434064467799355e+66}