{"MAE":2.181231914793642e+65,"_runtime":1.242480051,"_wandb":{"runtime":1},"MSE":0.022873119116520853,"max_APE":4.627955300400308e+68,"initialization_method":"Glorot normal","L2RE":1.3967069029927779,"_step":0,"activation_function":"APTx","iterations":350,"_timestamp":1.7240298864191306e+09}