{"MSE":0.011288014434894165,"_runtime":2.2791708,"MAE":1.175616162980637e+65,"activation_function":"SiLU","L2RE":0.9811860427812782,"iterations":200,"initialization_method":"He normal","_wandb":{"runtime":2},"_step":0,"max_APE":2.3086579763011973e+68,"_timestamp":1.7239980632655823e+09}