{"_timestamp":1.7239976907614112e+09,"_runtime":30.852099503,"_step":0,"MSE":0.010365491745596846,"MAE":1.164057373521937e+66,"L2RE":0.9402374359490859,"max_APE":1.4858254729384975e+69,"_wandb":{"runtime":31}}