{"_runtime":39.264615095,"_step":0,"MSE":0.08461586307319761,"_wandb":{"runtime":39},"MAE":1.5820396243320514e+66,"L2RE":2.686386386855885,"max_APE":2.467429575935748e+69,"_timestamp":1.7240291718885543e+09}