{"_step":0,"MSE":0.04855103802144116,"MAE":1.3632318838781486e+66,"_wandb":{"runtime":37},"L2RE":2.0348942449864764,"max_APE":2.2723008666173227e+69,"_timestamp":1.7240669145825388e+09,"_runtime":37.557342335}