{"weighted_array":[0.25,0.25,0.25,0.25],"MSE":0.04183275700077686,"iterations":250,"L2RE":1.8888646012216197,"weighted_score":0.11535394529871053,"max_APE":4.838784597383686e+68,"_runtime":2.429799003,"_timestamp":1.7242397764418852e+09,"initialization_method":"Glorot normal","activation_function":"APTx","_wandb":{"runtime":3},"_step":1,"MAE":3.3239370663264945e+65}