{"_timestamp":1.7207885128389518e+09,"MSE":0.010488921495959994,"MAE":7.685194797569878e+59,"L2RE":0.68670993782622,"_runtime":141.646723,"_step":0,"_wandb":{"runtime":143},"max_APE":1.951296335684995e+63}