{"initialization_method":"Glorot normal","iterations":1,"L2RE":1.0364265881659818,"activation_function":"Sigmoid","MAE":1.2617994149449704e+66,"_step":0,"MSE":0.012594818805329203,"max_APE":1.6044365595850858e+69,"_runtime":1.166939387,"_wandb":{"runtime":1},"_timestamp":1.7244023946886423e+09}