{"weighted_score":0.11533434948435324,"iterations":20,"initialization_method":"He normal","_step":1,"max_APE":5.293780334143051e+68,"_wandb":{"runtime":3},"_timestamp":1.7242765137110536e+09,"_runtime":2.324853084,"L2RE":1.4440228122359775,"MAE":3.9320035438791094e+65,"MSE":0.02444910359824417,"weighted_array":[0.25,0.25,0.25,0.25],"activation_function":"SiLU"}