{
	"Parameters":{
		"a1":1.0613750000000002,
		"a2":4.428317250000002,
		"a3":0.0,
		"deltaT":8,
		"q0":16
	}
}