{"_runtime":1.261355761,"max_APE":6.023976963880395e+68,"activation_function":"Mish","L2RE":1.5454552144942943,"initialization_method":"He normal","iterations":250,"_step":0,"MAE":4.364009488496405e+65,"MSE":0.02800449083686678,"_wandb":{"runtime":1},"_timestamp":1.7242371237567365e+09}