{"max_APE":5.862844954897018e+68,"_timestamp":1.723998321898312e+09,"_runtime":34.45584667,"_step":0,"_wandb":{"runtime":34},"MSE":0.02272547979185751,"MAE":3.1639851726618836e+65,"L2RE":1.3921919372884384}