{"_wandb":{"runtime":4},"activation_function":"APTx","_step":1,"max_APE":3.711417057359597e+68,"_runtime":3.479836041,"weighted_score":0.29007406402989344,"MAE":2.662000745933248e+65,"_timestamp":1.724002335325248e+09,"weighted_array":[0.25,0.25,0.25,0.25],"MSE":0.037946398227894446,"iterations":100,"L2RE":1.7989863321773043,"initialization_method":"He normal"}