{"activation_function":"Swish","max_APE":6.412103191444859e+68,"initialization_method":"He normal","MAE":2.980710475046983e+65,"_step":0,"_timestamp":1.7240867652543619e+09,"_runtime":1.149987467,"L2RE":1.5646305854715452,"iterations":1000,"MSE":0.028703738425958455,"_wandb":{"runtime":1}}