{"_timestamp":1.7242394869483428e+09,"_wandb":{"runtime":3},"MAE":5.669995942665947e+65,"_runtime":3.37058805,"MSE":0.034972626448801045,"L2RE":1.727057147101507,"activation_function":"Swish","iterations":100,"weighted_array":[0.25,0.25,0.25,0.25],"_step":1,"initialization_method":"He normal","max_APE":7.793419365381578e+68,"weighted_score":0.1285172508772952}