{"initialization_method":"He normal","MSE":0.034972626448801045,"max_APE":7.793419365381578e+68,"_timestamp":1.7242347710639868e+09,"_runtime":1.315217214,"_step":0,"iterations":175,"L2RE":1.727057147101507,"_wandb":{"runtime":2},"MAE":5.669995942665946e+65,"activation_function":"SiLU"}