{"max_APE":4.1749158668963205e+68,"iterations":75,"MSE":0.02667880077665708,"_timestamp":1.7240245341399e+09,"initialization_method":"He normal","_wandb":{"runtime":1},"_step":0,"L2RE":1.508431995628699,"MAE":1.9569830492651726e+65,"activation_function":"GELU","_runtime":1.183168379}