{"_runtime":3762.402194507,"_step":0,"_wandb":{"runtime":3762},"MSE":0.0028443013039235613,"MAE":1.5814141979467912e+65,"L2RE":0.4925273864134692,"max_APE":2.0813397407568146e+68,"_timestamp":1.7240535140208015e+09}