{"_wandb":{"runtime":3},"weighted_score":0.033675323866084135,"_step":1,"max_APE":7.254268695653187e+67,"L2RE":0.4304149503275988,"MAE":3.191990462673953e+64,"initialization_method":"He normal","_runtime":3.32226918,"weighted_array":[0.25,0.25,0.25,0.25],"MSE":0.0021721485791105803,"iterations":750,"_timestamp":1.7241901984746604e+09,"activation_function":"ELU"}