{"_runtime":32.173703168,"_step":0,"MSE":0.012594818805329203,"_wandb":{"runtime":32},"MAE":1.2617994149449704e+66,"L2RE":1.0364265881659818,"max_APE":1.6044365595850858e+69,"_timestamp":1.724357435847251e+09}