{"initialization_method":"Glorot normal","weighted_array":[0.25,0.25,0.25,0.25],"_timestamp":1.7243527116198514e+09,"_wandb":{"runtime":4},"_runtime":3.31792751,"MSE":0.2755654344241879,"iterations":10,"_step":1,"max_APE":5.106414610320549e+69,"MAE":3.991036138653676e+66,"weighted_score":0.9999999999027726,"L2RE":4.8479145265507615,"activation_function":"Softplus"}