{"MAE":2.9982241196633372e+66,"L2RE":3.1215600743783565,"MSE":0.11425053099184891,"_wandb":{"runtime":2},"activation_function":"Sigmoid","_timestamp":1.7242342030772562e+09,"max_APE":3.8281546752129725e+69,"initialization_method":"Glorot normal","_runtime":1.356554173,"iterations":175,"_step":0}