{"iterations":7,"max_APE":4.0360149464657366e+68,"MSE":0.02260332901705805,"_runtime":3.94931571,"initialization_method":"He normal","weighted_score":0.09820889667878913,"weighted_array":[0.25,0.25,0.25,0.25],"_timestamp":1.7243526646272132e+09,"activation_function":"Mish","_wandb":{"runtime":4},"MAE":3.005237873851247e+65,"_step":1,"L2RE":1.388445339667925}