{"L2RE":0.8386381182804508,"iterations":125,"initialization_method":"Glorot normal","_wandb":{"runtime":4},"weighted_array":[0.25,0.25,0.25,0.25],"MAE":4.2744759125924835e+65,"max_APE":8.275274617106667e+68,"_runtime":3.392581305,"MSE":0.008246393017834665,"weighted_score":0.06607352429952101,"_step":1,"_timestamp":1.7242395590026727e+09,"activation_function":"tanh"}