{"_runtime":33.817884346,"_step":0,"_wandb":{"runtime":34},"MSE":0.009203197422940323,"MAE":1.1043181080986473e+66,"L2RE":0.8859555905344062,"max_APE":1.410225130088274e+69,"_timestamp":1.7239976526791747e+09}