{"max_APE":1.1715376951468563e+69,"_timestamp":1.7239968525329404e+09,"_runtime":38.112408879,"_step":0,"_wandb":{"runtime":38},"MSE":0.01564664871761363,"MAE":4.873437868883524e+65,"L2RE":1.1551895456482777}