{"_wandb":{"runtime":33},"_timestamp":1.7240261580317478e+09,"_runtime":33.21926338,"_step":0,"MSE":0.013930727158931866,"MAE":9.696743125918331e+64,"L2RE":1.0900074768052415,"max_APE":1.407477239156511e+68}