{"_timestamp":1.7240270135930645e+09,"_runtime":33.237050471,"_step":0,"MSE":0.02833581655416394,"_wandb":{"runtime":33},"MAE":5.60050989082257e+65,"L2RE":1.5545705992382526,"max_APE":1.400205142749279e+69}