{"weighted_array":[0.25,0.25,0.25,0.25],"L2RE":1.7863083363702963,"_step":1,"activation_function":"APTx","max_APE":3.0644256790733366e+68,"initialization_method":"Glorot normal","MSE":0.037413443533896626,"_wandb":{"runtime":4},"_timestamp":1.7243527569011781e+09,"_runtime":3.797990253,"MAE":1.4218833827512663e+65,"weighted_score":0.1193740535222172,"iterations":15}