{"max_APE":5.293780334143051e+68,"_timestamp":1.7243461990829852e+09,"_runtime":33.435460303,"_step":0,"MSE":0.02444910359824417,"_wandb":{"runtime":33},"MAE":3.9320035438791094e+65,"L2RE":1.4440228122359777}