{"L2RE":2.542242927363662,"max_APE":2.2942979579823972e+69,"_timestamp":1.7240003277642365e+09,"_runtime":35.524246626,"_wandb":{"runtime":36},"_step":0,"MSE":0.07577901014671438,"MAE":1.6922003979967056e+66}