{"max_APE":5.620511108970966e+68,"_timestamp":1.7239985145091262e+09,"_runtime":30.559314259,"_step":0,"_wandb":{"runtime":30},"MSE":0.028698700250965267,"MAE":3.7131528804528807e+65,"L2RE":1.5644932648809295}