{"initialization_method":"He normal","L2RE":1.1736554906308545,"_step":0,"MAE":1.1364763230131538e+64,"MSE":0.016150876720304446,"_timestamp":1.7243581172124708e+09,"_runtime":1.188049845,"activation_function":"Mish","iterations":3,"max_APE":2.6636746948523145e+67,"_wandb":{"runtime":1}}