{"_runtime":32.666474421,"_step":0,"_wandb":{"runtime":33},"MSE":0.08455051372171046,"MAE":1.7791751133796464e+66,"L2RE":2.6853488301246426,"max_APE":2.3952765566598653e+69,"_timestamp":1.724000244989991e+09}