{"activation_function":"APTx","MAE":1.1853644717611464e+66,"_step":0,"initialization_method":"He normal","L2RE":2.689158566024318,"max_APE":2.2694617188159286e+69,"iterations":200,"_runtime":1.625245972,"MSE":0.08479058951231262,"_wandb":{"runtime":2},"_timestamp":1.7233035366986713e+09}