{"_wandb":{"runtime":40},"MSE":0.014509320574042448,"MAE":1.2101008940864718e+65,"L2RE":1.1124131699822604,"max_APE":2.4478242788261957e+68,"_timestamp":1.7241653354739957e+09,"_runtime":40.019149674,"_step":0}