{"_wandb":{"runtime":40},"max_APE":4.0360149464657366e+68,"_timestamp":1.7243472045824766e+09,"_runtime":39.591309713,"_step":0,"MSE":0.02260332901705805,"MAE":3.005237873851247e+65,"L2RE":1.388445339667925}