{"_timestamp":1.724276528880935e+09,"_wandb":{"runtime":5},"MSE":0.017332594889706704,"initialization_method":"Glorot normal","activation_function":"sin","weighted_score":0.11923442903897193,"max_APE":9.054034475472478e+68,"MAE":4.630936975108509e+65,"_runtime":4.390654341,"iterations":5,"weighted_array":[0.25,0.25,0.25,0.25],"_step":1,"L2RE":1.2158342603954233}