{"activation_function":"Mish","iterations":175,"_timestamp":1.7242370408805685e+09,"MAE":4.364009488496405e+65,"_wandb":{"runtime":1},"_runtime":1.135249626,"L2RE":1.5454552144942943,"max_APE":6.023976963880395e+68,"_step":0,"initialization_method":"He normal","MSE":0.02800449083686678}