{"_step":0,"MSE":0.002210639645237221,"_wandb":{"runtime":520},"MAE":8.608893053616186e+64,"L2RE":0.4342117393957655,"max_APE":2.1398900466331305e+68,"_timestamp":1.7239883311608167e+09,"_runtime":520.236277462}