{"_wandb":{"runtime":32},"L2RE":0.4613493946960407,"max_APE":1.410126230349896e+68,"_timestamp":1.724231759679164e+09,"_runtime":31.864141375,"_step":0,"MSE":0.002495598654340934,"MAE":1.1052501318670818e+65}