{"max_APE":6.674886371555458e+68,"_timestamp":1.724068552906102e+09,"_runtime":36.022749427,"_wandb":{"runtime":36},"_step":0,"MSE":0.009350002429313409,"MAE":2.8268332926396576e+65,"L2RE":0.8929938040827885}