{"L2RE":1.820248036872686,"MAE":1.189873186133621e+66,"activation_function":"Mish","max_APE":2.389967287908161e+69,"iterations":400,"_runtime":1.6949206700000001,"_step":0,"MSE":0.038848653901821524,"_wandb":{"runtime":2},"initialization_method":"He normal","_timestamp":1.7233026747844298e+09}