{"max_APE":2.5221621417741398e+69,"_wandb":{"runtime":33},"_timestamp":1.7234441030268915e+09,"_runtime":33.239136379,"_step":0,"MSE":0.006004098023102669,"MAE":1.6052485179463235e+66,"L2RE":0.7155936378500818}