{"MAE":3.2163636040868327e+66,"MSE":0.2094839005683474,"iterations":100,"_wandb":{"runtime":1},"max_APE":4.2893818411358976e+69,"_step":0,"L2RE":4.226860448526344,"activation_function":"Softplus","initialization_method":"Glorot normal","_runtime":1.1937365899999999,"_timestamp":1.7233027728904648e+09}