{"_wandb":{"runtime":36},"_timestamp":1.7196861163391523e+09,"MSE":0.005007912233215042,"MAE":9.744955663271284e+42,"L2RE":0.15000442828282048,"max_APE":2.251081681633743e+45,"_runtime":35.718356,"_step":0}