{"activation_function":"APTx","MAE":2.751588025323648e+65,"_runtime":1.266887543,"iterations":500,"MSE":0.00927928990834215,"_timestamp":1.724068775657761e+09,"max_APE":6.414201845248965e+68,"_wandb":{"runtime":1},"_step":0,"initialization_method":"He normal","L2RE":0.8896106131383401}