{"_step":0,"_wandb":{"runtime":33},"MSE":0.11425053099184891,"MAE":2.9982241196633372e+66,"L2RE":3.1215600743783565,"max_APE":3.8281546752129725e+69,"_timestamp":1.7242340427165353e+09,"_runtime":32.98688021}