{"max_APE":1.226768555691772e+68,"_timestamp":1.7241821755943122e+09,"_wandb":{"runtime":875},"_runtime":874.80671705,"_step":0,"MSE":0.0022212957701868642,"MAE":5.785743930976418e+64,"L2RE":0.43525701422501295}