{"iterations":2,"MAE":1.1620415947659637e+65,"MSE":0.03065324857643442,"max_APE":1.7206753065511447e+68,"activation_function":"APTx","_timestamp":1.7243584794515016e+09,"_runtime":1.4300735549999999,"_wandb":{"runtime":2},"initialization_method":"He normal","_step":0,"L2RE":1.6168913485311258}