{"MAE":1.6101029115213464e+66,"L2RE":1.2447819176862798,"max_APE":2.1384056693397743e+69,"_timestamp":1.7235699924311523e+09,"_wandb":{"runtime":94},"_runtime":94.249922512,"_step":0,"MSE":0.01816775959031473}