{"max_APE":1.6926236735257987e+69,"_timestamp":1.724025441811319e+09,"_runtime":37.080054257,"_step":0,"MSE":0.027835793829161022,"MAE":8.257767976904819e+65,"_wandb":{"runtime":37},"L2RE":1.5407933284983018}