{"MAE":1.3109404324595948e+66,"L2RE":1.9406705168902394,"_wandb":{"runtime":35},"max_APE":2.1312720088411803e+69,"_timestamp":1.7240669573879473e+09,"_runtime":35.228213549,"_step":0,"MSE":0.044158920534837776}