{"initialization_method":"He normal","_step":0,"MSE":0.02260332901705805,"L2RE":1.388445339667925,"_wandb":{"runtime":2},"activation_function":"Mish","MAE":3.005237873851247e+65,"max_APE":4.0360149464657366e+68,"_runtime":1.3275250459999999,"iterations":5,"_timestamp":1.7242752005857384e+09}