{"_timestamp":1.7240280464829535e+09,"_wandb":{"runtime":32},"_runtime":32.134203879,"_step":0,"MSE":0.020750247338545053,"MAE":4.329343438231672e+65,"L2RE":1.330314187130648,"max_APE":9.726087006792198e+68}