{"max_APE":1.387272866541234e+68,"_runtime":1.254863672,"L2RE":0.4565658624643288,"_timestamp":1.72434456670531e+09,"MSE":0.0024441153841030226,"activation_function":"ELU","initialization_method":"He normal","iterations":7,"_wandb":{"runtime":1},"MAE":9.193078454494602e+64,"_step":0}