{"MSE":0.016150876720304446,"MAE":1.1364763230131538e+64,"L2RE":1.1736554906308545,"max_APE":2.6636746948523145e+67,"_wandb":{"runtime":34},"_timestamp":1.7243580262753575e+09,"_runtime":33.92837547,"_step":0}