{"_step":1,"_timestamp":1.7242767323607647e+09,"weighted_array":[0.25,0.25,0.25,0.25],"weighted_score":0.1193740535222172,"L2RE":1.7863083363702963,"MAE":1.4218833827512663e+65,"MSE":0.037413443533896626,"activation_function":"APTx","_runtime":3.39797438,"iterations":10,"initialization_method":"He normal","_wandb":{"runtime":4},"max_APE":3.0644256790733366e+68}