{"initialization_method":"Glorot normal","activation_function":"tanh","MSE":0.008246393017834665,"max_APE":8.275274617106667e+68,"_runtime":1.132996708,"MAE":4.274475912592483e+65,"_timestamp":1.724236349245747e+09,"_step":0,"_wandb":{"runtime":1},"iterations":100,"L2RE":0.8386381182804508}