{"_runtime":33.859791711,"_step":0,"_wandb":{"runtime":34},"MSE":0.011288014434894165,"MAE":1.175616162980637e+65,"L2RE":0.9811860427812782,"max_APE":2.3086579763011973e+68,"_timestamp":1.7239990407552469e+09}