{"L2RE":1.2152265565750666,"MAE":1.511046133184653e+65,"_wandb":{"runtime":1},"_runtime":1.181608424,"max_APE":2.5122762012018637e+68,"MSE":0.017315272706696846,"_step":0,"activation_function":"Mish","iterations":250,"initialization_method":"He normal","_timestamp":1.72417783775459e+09}