{"_timestamp":1.7242370826547098e+09,"initialization_method":"He normal","max_APE":6.023976963880395e+68,"_wandb":{"runtime":1},"MSE":0.02800449083686678,"_runtime":1.184561423,"iterations":200,"activation_function":"Mish","L2RE":1.5454552144942943,"_step":0,"MAE":4.364009488496405e+65}