{"activation_function":"SELU","MSE":0.018635821577732012,"iterations":200,"_step":0,"L2RE":1.260714812883418,"_wandb":{"runtime":1},"initialization_method":"Glorot normal","max_APE":2.1821531111187948e+69,"_timestamp":1.7233003845529122e+09,"MAE":1.1183200336502715e+66,"_runtime":1.163961179}