{"MSE":0.003983395916671265,"MAE":1.3851817018723383e+65,"L2RE":0.5828668026719861,"max_APE":2.148070288701766e+68,"_timestamp":1.7243579843923197e+09,"_runtime":30.261198006,"_step":0,"_wandb":{"runtime":30}}