{"max_APE":5.293780334143051e+68,"weighted_array":[0.25,0.25,0.25,0.25],"_runtime":3.444523714,"_wandb":{"runtime":4},"L2RE":1.4440228122359775,"_timestamp":1.7242764938249784e+09,"activation_function":"SiLU","initialization_method":"He normal","iterations":5,"_step":1,"weighted_score":0.11533434948435324,"MAE":3.9320035438791094e+65,"MSE":0.02444910359824417}