{"MSE": 0.004892105139960686, "MAE": 6.558618309819366e+43, "L2RE": 0.1482598705783567, "max_APE": 1.515039998919775e+46, "_timestamp": 1719409663.1416829, "_runtime": 5143.845477819443, "_step": 0, "_wandb": {"runtime": 5142}}