{"weighted_score":0.1193740535222172,"_step":1,"activation_function":"APTx","L2RE":1.7863083363702963,"iterations":15,"MSE":0.037413443533896626,"_timestamp":1.7243528004751217e+09,"initialization_method":"He normal","_runtime":3.705240343,"MAE":1.4218833827512663e+65,"max_APE":3.0644256790733366e+68,"weighted_array":[0.25,0.25,0.25,0.25],"_wandb":{"runtime":4}}