{"MAE":2.1423382774382096e+66,"L2RE":1.4026002731003882,"_wandb":{"runtime":34},"max_APE":3.0636614599845934e+69,"_timestamp":1.7234441921838923e+09,"_runtime":33.423852503,"_step":0,"MSE":0.023066551465559658}