{"max_APE":2.471306120307492e+69,"_timestamp":1.724029215482502e+09,"_runtime":36.97902842,"_step":0,"_wandb":{"runtime":37},"MSE":0.08449527031629689,"MAE":1.586947798477849e+66,"L2RE":2.684471413493626}