{"MSE":0.05411485854995457,"MAE":1.4898080145209635e+66,"_wandb":{"runtime":37},"L2RE":2.1483292798672298,"max_APE":2.5495387281616247e+69,"_timestamp":1.7240668206180565e+09,"_runtime":36.475380291,"_step":0}