{"_step":0,"MSE":0.012594818805329203,"MAE":1.2617994149449704e+66,"_wandb":{"runtime":29},"L2RE":1.0364265881659818,"max_APE":1.6044365595850858e+69,"_timestamp":1.7244024273343415e+09,"_runtime":29.536384555}