{"max_APE":1.9152981630267688e+68,"_runtime":2.334325676,"iterations":125,"L2RE":1.0339562483486036,"activation_function":"SiLU","_wandb":{"runtime":2},"_timestamp":1.7240454077682824e+09,"weighted_score":0.08970813637375333,"initialization_method":"He normal","MSE":0.012534850442892676,"_step":1,"MAE":8.73627390723786e+64,"weighted_array":[0.25,0.25,0.25,0.25]}