{"_wandb":{"runtime":32},"_runtime":31.791107012,"_step":0,"MSE":0.05643943647237961,"MAE":2.2492268105160765e+66,"L2RE":2.1939863343532657,"max_APE":2.8707222376775574e+69,"_timestamp":1.7242738678043923e+09}