{"_timestamp":1.72440337797808e+09,"initialization_method":"Glorot normal","max_APE":3.903884489276563e+68,"activation_function":"sin","iterations":2,"L2RE":1.004378167441385,"_wandb":{"runtime":1},"_runtime":1.242720635,"MSE":0.011827946730609159,"MAE":2.57056457393607e+65,"_step":0}