{"max_APE":8.275274617106667e+68,"_runtime":2.988359844,"activation_function":"tanh","MAE":4.2744759125924835e+65,"iterations":300,"_step":1,"L2RE":0.8386381182804508,"weighted_array":[0.25,0.25,0.25,0.25],"weighted_score":0.06607352429952101,"_wandb":{"runtime":3},"MSE":0.008246393017834665,"initialization_method":"Glorot normal","_timestamp":1.724239581916775e+09}