{"_runtime":32.601798255,"_step":0,"MSE":0.006732044056606928,"MAE":9.646108122542882e+65,"_wandb":{"runtime":33},"L2RE":0.7577327502972225,"max_APE":1.2264778216424889e+69,"_timestamp":1.723997366676857e+09}