{"MSE":0.01895204666202369,"MAE":9.769425911496698e+65,"L2RE":1.2713661442863244,"max_APE":1.931986256784041e+69,"_timestamp":1.7240257912533278e+09,"_runtime":34.115405294,"_step":0,"_wandb":{"runtime":34}}