{"_timestamp":1.7241652392745123e+09,"_runtime":42.716817837,"_step":0,"_wandb":{"runtime":43},"MSE":0.009249291856054106,"MAE":6.596964957678055e+64,"L2RE":0.8881714842309288,"max_APE":1.2994293597107605e+68}