{"max_APE":5.293780334143051e+68,"_timestamp":1.724274197952053e+09,"_runtime":33.231611012,"_step":0,"MSE":0.02444910359824417,"MAE":3.9320035438791094e+65,"_wandb":{"runtime":33},"L2RE":1.4440228122359777}