{"_wandb":{"runtime":30},"_step":0,"MSE":0.036964255877620984,"MAE":2.529455421218253e+65,"L2RE":1.7755527025337143,"max_APE":3.417818372748146e+68,"_timestamp":1.7240013007530637e+09,"_runtime":30.252785882}