{"_runtime":1.259926583,"L2RE":1.1495828981634157,"_timestamp":1.7240287268722582e+09,"iterations":200,"_step":0,"max_APE":3.4219922941947804e+68,"MSE":0.015495137029785768,"_wandb":{"runtime":1},"initialization_method":"He normal","activation_function":"Mish","MAE":1.4382761474720007e+65}