{"L2RE":1.2547102283840204,"max_APE":2.008426061155907e+69,"_timestamp":1.723300688390325e+09,"_wandb":{"runtime":29},"_runtime":29.500718958,"_step":0,"MSE":0.01845872540593957,"MAE":1.551798275857769e+66}