{"_timestamp":1.7205717404570518e+09,"_runtime":9981.580217,"_step":0,"_wandb":{"runtime":9982},"MSE":0.006330670311696597,"MAE":1.0125841855085148e+38,"L2RE":0.19966869698569026,"max_APE":5.933980941772462e+39}