{"MAE":2.9982241196633372e+66,"_wandb":{"runtime":30},"L2RE":3.1215600743783565,"max_APE":3.8281546752129725e+69,"_timestamp":1.7242342791529515e+09,"_runtime":30.573612958,"_step":0,"MSE":0.11425053099184891}