{"_wandb":{"runtime":2943},"MAE":7.036879657762689e+63,"L2RE":0.5891185093792234,"max_APE":1.0820236792073178e+67,"_timestamp":1.724075998720854e+09,"_runtime":2943.136765512,"_step":0,"MSE":0.004069304309970776}