{"_step":0,"_wandb":{"runtime":32},"MSE":0.008200293256186533,"MAE":1.051805825388733e+66,"L2RE":0.83629071618309,"max_APE":1.3407026133809354e+69,"_timestamp":1.723997610487027e+09,"_runtime":32.161565091}