{"MSE": 0.005587461792282661, "MAE": 5.325429338504384e+43, "L2RE": 0.15844663078167393, "max_APE": 1.230173432129592e+46, "_timestamp": 1719395424.4835842, "_runtime": 2985.049646139145, "_step": 0, "_wandb": {"runtime": 2983}}