{"_timestamp":1.7240264379027786e+09,"_runtime":1.116958093,"_step":0,"L2RE":1.1262978012429294,"initialization_method":"Glorot normal","activation_function":"Sigmoid","_wandb":{"runtime":1},"MSE":0.014873778341603005,"iterations":500,"max_APE":1.8166644846027056e+68,"MAE":1.3318625698195507e+65}