{"_runtime":3.269432347,"MAE":2.751588025323648e+65,"iterations":500,"MSE":0.00927928990834215,"max_APE":6.414201845248965e+68,"weighted_array":[0.25,0.25,0.25,0.25],"L2RE":0.8896106131383401,"weighted_score":0.15089354847976863,"initialization_method":"He normal","activation_function":"APTx","_timestamp":1.724069100482416e+09,"_wandb":{"runtime":4},"_step":1}