{"max_APE":4.990963434711822e+68,"initialization_method":"He normal","MSE":0.02845394684387141,"_runtime":1.320453467,"L2RE":1.5578076839167976,"_step":0,"_wandb":{"runtime":1},"iterations":200,"activation_function":"APTx","_timestamp":1.724030245949872e+09,"MAE":2.401645310533099e+65}