{"iterations":250,"_timestamp":1.723294383543984e+09,"_step":0,"L2RE":0.7254213801040232,"activation_function":"ELU","_wandb":{"runtime":5},"MSE":0.006170147341581556,"_runtime":4.210661054,"MAE":1.132467668298974e+66,"initialization_method":"He normal","max_APE":2.4068606375995042e+69}