{"MAE":3.657870229309938e+65,"L2RE":0.9296442171154644,"max_APE":6.820952269605355e+68,"_timestamp":1.7240676540697918e+09,"_wandb":{"runtime":39},"_runtime":38.911771719,"_step":0,"MSE":0.010133241117643792}