{"_timestamp":1.7239967662514105e+09,"_runtime":33.782945547,"_wandb":{"runtime":34},"_step":0,"MSE":0.04440461613558194,"MAE":3.8000388757382517e+65,"L2RE":1.9460618716308695,"max_APE":9.066451510480103e+68}