{"L2RE":5.926590282741275,"max_APE":6.197633245284772e+69,"_timestamp":1.7242374988896e+09,"_runtime":33.316975879,"_wandb":{"runtime":33},"_step":0,"MSE":0.4118363173112845,"MAE":4.780666084904372e+66}