{"_wandb":{"runtime":4},"_step":1,"iterations":1,"L2RE":0.9890663712015482,"MAE":1.5871114741853598e+64,"initialization_method":"He normal","_runtime":3.494152636,"activation_function":"Swish","weighted_score":0.09467104003004584,"_timestamp":1.724358624865515e+09,"MSE":0.01147006038351851,"weighted_array":[0.25,0.25,0.25,0.25],"max_APE":2.8329032302244797e+67}