{"iterations":15,"L2RE":1.7526433590160473,"_wandb":{"runtime":1},"initialization_method":"He normal","max_APE":3.8184107801525346e+68,"_runtime":1.293110302,"activation_function":"GELU","_step":0,"MSE":0.03601653556785414,"MAE":2.288606660963791e+65,"_timestamp":1.724272963300184e+09}