{"MSE":0.002495598654340934,"_wandb":{"runtime":37},"MAE":1.1052501318670818e+65,"L2RE":0.4613493946960407,"max_APE":1.410126230349896e+68,"_timestamp":1.7242321209388056e+09,"_runtime":34.243560334,"_step":0}