{"_wandb":{"runtime":31},"L2RE":1.5618187265740362,"max_APE":6.154064351765442e+68,"_timestamp":1.7239986389607618e+09,"_runtime":30.926269178,"_step":0,"MSE":0.02860066190590583,"MAE":4.088740672388453e+65}