{"iterations":100,"MAE":2.662000745933248e+65,"MSE":0.037946398227894446,"_wandb":{"runtime":2},"_timestamp":1.7240012674448822e+09,"initialization_method":"He normal","L2RE":1.7989863321773043,"_runtime":1.9595426310000001,"max_APE":3.711417057359597e+68,"activation_function":"APTx","_step":0}