{"iterations":750,"max_APE":3.8281546752129725e+69,"MSE":0.11425053099184893,"_wandb":{"runtime":3},"_timestamp":1.7242393336140761e+09,"L2RE":3.1215600743783565,"weighted_array":[0.25,0.25,0.25,0.25],"MAE":2.9982241196633376e+66,"_runtime":3.378625881,"initialization_method":"Glorot normal","weighted_score":0.4967184858379994,"activation_function":"Sigmoid","_step":1}