{"MSE":0.003611848225114745,"MAE":8.077588412864539e+37,"L2RE":0.15081685546610432,"max_APE":2.779369950294495e+39,"_timestamp":1.720348223969942e+09,"_runtime":3982.619993,"_step":0,"_wandb":{"runtime":3983}}