{"max_APE":2.4698468238251023e+69,"_wandb":{"runtime":37},"_timestamp":1.7240292590931554e+09,"_runtime":36.848797594,"_step":0,"MSE":0.08402601331452943,"MAE":1.588435301822415e+66,"L2RE":2.6770067301566525}