{"max_APE":3.887484350343575e+68,"_timestamp":1.7240285388491702e+09,"_runtime":38.055449427,"_wandb":{"runtime":38},"_step":0,"MSE":0.017807629805246816,"MAE":1.556369978097162e+65,"L2RE":1.2323828418501457}