{"_runtime":30.307508755,"_step":0,"MSE":0.09364335664600458,"MAE":1.4443421119948415e+66,"L2RE":2.8260579953790423,"_wandb":{"runtime":30},"max_APE":2.828488863449199e+69,"_timestamp":1.723303729420842e+09}