{"L2RE":4.8479145265507615,"iterations":15,"_runtime":3.439090296,"initialization_method":"Glorot normal","_wandb":{"runtime":4},"weighted_array":[0.25,0.25,0.25,0.25],"MSE":0.2755654344241879,"_step":1,"weighted_score":0.9999999999027726,"max_APE":5.106414610320549e+69,"activation_function":"Softplus","_timestamp":1.7242766716405225e+09,"MAE":3.991036138653676e+66}