{"iterations":10,"_wandb":{"runtime":4},"_step":1,"MAE":3.9320035438791094e+65,"MSE":0.02444910359824417,"_timestamp":1.7242765710834045e+09,"L2RE":1.4440228122359775,"initialization_method":"He normal","weighted_score":0.11533434948435324,"weighted_array":[0.25,0.25,0.25,0.25],"activation_function":"Swish","max_APE":5.293780334143051e+68,"_runtime":3.58392593}