{"activation_function":"GELU","_step":1,"weighted_score":0.12553049134948485,"L2RE":1.7526433590160473,"initialization_method":"He normal","max_APE":3.8184107801525346e+68,"iterations":3,"MAE":2.288606660963791e+65,"_timestamp":1.7243503268190134e+09,"_runtime":2.7209172109999997,"weighted_array":[0.25,0.25,0.25,0.25],"MSE":0.03601653556785414,"_wandb":{"runtime":3}}