{"_runtime":34.410201085,"_step":0,"MSE":0.023127344772804752,"MAE":1.756210746685574e+65,"_wandb":{"runtime":34},"L2RE":1.404447376267542,"max_APE":3.4766152501106518e+68,"_timestamp":1.7240247399183543e+09}