{"_step":0,"MSE":0.004026885789200381,"MAE":1.2916399231055175e+65,"L2RE":0.5860399733029195,"max_APE":2.1904266944758107e+68,"_wandb":{"runtime":40},"_timestamp":1.7240679417711892e+09,"_runtime":39.572363213}