{"initialization_method":"He normal","_timestamp":1.7240870019269369e+09,"_step":1,"weighted_array":[0.25,0.25,0.25,0.25],"max_APE":6.475571200384914e+68,"_runtime":3.287473091,"MAE":2.8292667751450516e+65,"_wandb":{"runtime":3},"L2RE":1.6541350157830823,"MSE":0.03208165342235798,"activation_function":"SiLU","iterations":500,"weighted_score":0.9811270807340229}