{"activation_function":"APTx","L2RE":1.6168913485311258,"max_APE":1.7206753065511447e+68,"initialization_method":"Glorot normal","_runtime":1.175568709,"MAE":1.1620415947659637e+65,"_timestamp":1.724404533743561e+09,"iterations":1,"MSE":0.03065324857643442,"_wandb":{"runtime":1},"_step":0}