{"_timestamp":1.7242726633469658e+09,"_runtime":33.983095885,"_step":0,"_wandb":{"runtime":34},"MSE":0.0024441153841030226,"MAE":9.193078454494602e+64,"L2RE":0.4565658624643288,"max_APE":1.387272866541234e+68}