{"_timestamp":1.7233621338169081e+09,"_wandb":{"runtime":32},"_runtime":32.001353219,"_step":0,"MSE":0.007437405829102103,"MAE":9.617310420311646e+65,"L2RE":0.7964404767558876,"max_APE":1.8367912931154196e+69}