{"_step":1,"weighted_array":[0.25,0.25,0.25,0.25],"_runtime":2.414091379,"_timestamp":1.724239238194798e+09,"weighted_score":0.10078836061403947,"iterations":175,"max_APE":1.4073144002966624e+69,"_wandb":{"runtime":3},"MAE":8.45026374123726e+65,"initialization_method":"Glorot normal","activation_function":"SELU","L2RE":0.6330538557156712,"MSE":0.004698899420006574}