{"_step":0,"_wandb":{"runtime":38},"MSE":0.014636841710622467,"MAE":1.4024225083556341e+65,"L2RE":1.117290926418479,"max_APE":3.3850370749553335e+68,"_timestamp":1.724028768117771e+09,"_runtime":38.344326255}