{"_wandb":{"runtime":33},"MSE":0.013550805054427725,"MAE":8.210994787066615e+64,"L2RE":1.0750412592909837,"max_APE":1.2227605404203813e+68,"_timestamp":1.7240260762614617e+09,"_runtime":32.834818259,"_step":0}