{"max_APE":3.206525012975914e+69,"_timestamp":1.7234435755610378e+09,"_runtime":34.445282135,"_step":0,"MSE":0.024203251493809058,"MAE":1.9110699220510498e+66,"L2RE":1.4367441600255806,"_wandb":{"runtime":35}}