{"MAE":2.874697750984699e+65,"activation_function":"Mish","_timestamp":1.7240868143006678e+09,"MSE":0.01984271571944233,"_runtime":1.164421754,"initialization_method":"He normal","_wandb":{"runtime":1},"iterations":250,"_step":0,"L2RE":1.3008976793558393,"max_APE":6.169993378168116e+68}