{"_timestamp":1.7239992546878388e+09,"activation_function":"Swish","L2RE":0.9887652321089153,"_wandb":{"runtime":1},"initialization_method":"He normal","MAE":1.2906536453587044e+65,"max_APE":2.145085333266889e+68,"iterations":500,"MSE":0.011463076913353354,"_runtime":1.310109921,"_step":0}