{"MSE":0.02440989650267532,"_wandb":{"runtime":35},"MAE":1.0142584372535388e+66,"L2RE":1.4428645150407386,"max_APE":2.0797062682101596e+69,"_timestamp":1.7233004610897753e+09,"_runtime":34.729271465,"_step":0}