{"max_APE":4.563403054780774e+68,"_wandb":{"runtime":33},"_timestamp":1.7240299220787358e+09,"_runtime":32.72914922,"_step":0,"MSE":0.02169207628280725,"MAE":2.142114791779584e+65,"L2RE":1.3601698542712002}