{"_runtime":31.89708922,"_step":0,"MSE":0.048781966216754576,"MAE":2.930377721721396e+65,"_wandb":{"runtime":32},"L2RE":2.039727890407325,"max_APE":3.7391171184225726e+68,"_timestamp":1.7242331631423254e+09}