{"MAE":2.0217817135255877e+65,"L2RE":0.7029656510999447,"max_APE":4.583647336389177e+68,"_timestamp":1.7240688595176184e+09,"_runtime":37.28020818,"_step":0,"MSE":0.005794060715793726,"_wandb":{"runtime":37}}