{"_runtime":34.294596678,"_step":0,"MSE":0.006785565120974109,"MAE":5.838086488350192e+65,"L2RE":0.7607388489959248,"_wandb":{"runtime":35},"max_APE":1.0878328610557132e+69,"_timestamp":1.7232373663666024e+09}