{"activation_function":"Softplus","initialization_method":"Glorot normal","MAE":3.991036138653676e+66,"max_APE":5.106414610320549e+69,"_step":0,"_timestamp":1.724275651252638e+09,"MSE":0.2755654344241879,"_runtime":1.399360046,"L2RE":4.8479145265507615,"iterations":15,"_wandb":{"runtime":2}}