{"_wandb":{"runtime":2},"_timestamp":1.7242389229806333e+09,"max_APE":4.838784597383686e+68,"_step":0,"L2RE":1.8888646012216195,"MAE":3.323937066326494e+65,"iterations":500,"activation_function":"APTx","_runtime":1.213333553,"MSE":0.04183275700077686,"initialization_method":"He normal"}