{"_wandb":{"runtime":1},"max_APE":1.889516173928941e+69,"_timestamp":1.723362176837233e+09,"activation_function":"Swish","_step":0,"initialization_method":"He normal","_runtime":1.148100378,"L2RE":0.7306787451624153,"MSE":0.0062599055563421395,"MAE":1.026344335179818e+66,"iterations":150}