{"_timestamp":1.7241780036488926e+09,"L2RE":0.9915512797270007,"weighted_score":0.5746416626257209,"_runtime":4.230258334,"initialization_method":"He normal","activation_function":"SiLU","iterations":250,"MAE":1.2399036312793523e+65,"_step":1,"weighted_array":[0.25,0.25,0.25,0.25],"_wandb":{"runtime":4},"MSE":0.011527767036230955,"max_APE":2.2970079396073144e+68}