{"L2RE":0.9751627066973224,"MAE":1.1411361835777549e+65,"_wandb":{"runtime":2},"iterations":100,"activation_function":"SiLU","weighted_score":0.10776887721145409,"weighted_array":[0.25,0.25,0.25,0.25],"MSE":0.011149849382598475,"max_APE":2.474922400425978e+68,"_runtime":2.4048517609999998,"_timestamp":1.724001938127919e+09,"_step":1,"initialization_method":"He normal"}