{"iterations":75,"MAE":5.669995942665946e+65,"L2RE":1.727057147101507,"_step":0,"activation_function":"SiLU","_runtime":1.278945887,"max_APE":7.793419365381578e+68,"MSE":0.034972626448801045,"_timestamp":1.7242346049702597e+09,"initialization_method":"He normal","_wandb":{"runtime":2}}