{"MSE":0.013736937705262128,"MAE":9.466909053478022e+64,"L2RE":1.0823994132073955,"max_APE":1.3935351891631668e+68,"_timestamp":1.7240259949329288e+09,"_runtime":32.100147805,"_step":0,"_wandb":{"runtime":32}}