{"_timestamp":1.7244022836030543e+09,"L2RE":0.8810044058361416,"max_APE":5.383709615442269e+68,"activation_function":"SELU","MSE":0.009100620261415872,"_runtime":1.334458752,"initialization_method":"Glorot normal","_step":0,"MAE":3.816930648329751e+65,"_wandb":{"runtime":2},"iterations":1}