{"_wandb":{"runtime":33},"L2RE":2.7806046973594554,"max_APE":2.8235418429510198e+69,"_timestamp":1.7240006491757183e+09,"_runtime":33.255766678,"_step":0,"MSE":0.09065532865270713,"MAE":2.103451055935827e+66}