{"MSE":0.002225871252884973,"MAE":5.346023429729463e+64,"_wandb":{"runtime":4026},"L2RE":0.43570506046854096,"max_APE":9.928699118350248e+67,"_timestamp":1.7241773437724063e+09,"_runtime":4026.368480334,"_step":0}