{"MAE":3.9320035438791094e+65,"iterations":20,"MSE":0.02444910359824417,"initialization_method":"He normal","_wandb":{"runtime":2},"max_APE":5.293780334143051e+68,"_runtime":1.56187805,"activation_function":"Swish","L2RE":1.4440228122359777,"_timestamp":1.7243467627109017e+09,"_step":0}