{"MSE":0.003369258161710731,"_runtime":6862.675613,"_step":0,"_wandb":{"runtime":6863},"MAE":7.429266562862602e+37,"L2RE":0.14566401614922725,"max_APE":2.66528457403183e+39,"_timestamp":1.7203628728561137e+09}