{"L2RE":1.6829475861172691,"max_APE":5.638388982171703e+68,"_timestamp":1.7240295603360546e+09,"_runtime":32.535039219,"_step":0,"_wandb":{"runtime":32},"MSE":0.03320901646118235,"MAE":2.574945252368263e+65}