{"iterations":25,"_step":1,"weighted_array":[0.25,0.25,0.25,0.25],"weighted_score":0.10413200571358819,"max_APE":1.1375704139252121e+69,"activation_function":"sin","_timestamp":1.7242394076080222e+09,"initialization_method":"Glorot normal","_runtime":3.485229305,"_wandb":{"runtime":4},"L2RE":1.1561879894496223,"MAE":5.432439844354207e+65,"MSE":0.015673707568259598}