{"MSE":0.03397657769637198,"_runtime":1.567741586,"max_APE":5.012186206877792e+68,"initialization_method":"He normal","_timestamp":1.7239958603682492e+09,"_step":0,"L2RE":1.7022855000811754,"activation_function":"GELU","MAE":2.851501962725948e+65,"iterations":75,"_wandb":{"runtime":2}}