{"max_APE":1.8402262118562287e+68,"MSE":0.002196739344445038,"iterations":50,"_step":0,"activation_function":"ELU","_wandb":{"runtime":1},"MAE":7.969767682331579e+64,"_timestamp":1.7239867016463726e+09,"L2RE":0.4328444447108724,"initialization_method":"He normal","_runtime":1.16881093}