{"MSE":0.06923221481320999,"MAE":1.4417611229349623e+66,"L2RE":2.429946413697746,"max_APE":2.232229322722315e+69,"_wandb":{"runtime":37},"_timestamp":1.7240294808634236e+09,"_runtime":36.732813585,"_step":0}