{"weighted_array":[0.25,0.25,0.25,0.25],"initialization_method":"Glorot normal","_wandb":{"runtime":3},"activation_function":"Softplus","MAE":4.780666084904372e+66,"MSE":0.4118363173112845,"weighted_score":0.9999999999343518,"iterations":150,"L2RE":5.926590282741275,"_step":1,"_runtime":2.442696425,"_timestamp":1.7242396973884332e+09,"max_APE":6.197633245284772e+69}