{"weighted_score":0.42414406159707546,"MAE":2.2492268105160765e+66,"weighted_array":[0.25,0.25,0.25,0.25],"activation_function":"Sigmoid","iterations":7,"MSE":0.05643943647237961,"_runtime":3.468749171,"max_APE":2.8707222376775574e+69,"initialization_method":"Glorot normal","_step":1,"_wandb":{"runtime":4},"L2RE":2.1939863343532657,"_timestamp":1.7242764624861295e+09}