{"MAE":3.991036138653676e+66,"_wandb":{"runtime":33},"L2RE":4.8479145265507615,"max_APE":5.106414610320549e+69,"_timestamp":1.724349596113542e+09,"_runtime":33.350676595,"_step":0,"MSE":0.2755654344241879}