{"_wandb":{"runtime":37},"MSE":0.07949734909603931,"MAE":1.5507279990485487e+66,"L2RE":2.603867657268588,"max_APE":2.3989581485658275e+69,"_timestamp":1.7240293495730627e+09,"_runtime":37.040973927,"_step":0}