{"_timestamp":1.7243585857778444e+09,"iterations":2,"MAE":1.2617994149449704e+66,"_wandb":{"runtime":4},"initialization_method":"Glorot normal","_runtime":3.485581506,"weighted_score":0.408791957175412,"_step":0,"max_APE":1.6044365595850858e+69,"weighted_array":[0.25,0.25,0.25,0.25],"activation_function":"Sigmoid","L2RE":1.0364265881659818,"MSE":0.012594818805329203}