{"max_APE":2.4182763381757903e+69,"_timestamp":1.7240290372844472e+09,"_runtime":37.375259755,"_wandb":{"runtime":37},"_step":0,"MSE":0.08026101906212252,"MAE":1.5368351019566187e+66,"L2RE":2.6163444433579133}