{"_runtime":32.476541465,"_step":0,"MSE":0.011288014434894165,"MAE":1.175616162980637e+65,"L2RE":0.9811860427812782,"max_APE":2.3086579763011973e+68,"_wandb":{"runtime":32},"_timestamp":1.7239980583035967e+09}