{"L2RE":0.9931923509979758,"max_APE":2.296866097453403e+68,"_timestamp":1.7239981905909483e+09,"_runtime":37.977684429,"_step":0,"MSE":0.011565956775389616,"MAE":1.3440664798273612e+65,"_wandb":{"runtime":38}}