{"MAE":5.699781890078178e+65,"L2RE":1.2578843226582526,"max_APE":1.2609589205590662e+69,"_timestamp":1.7233021989894936e+09,"_wandb":{"runtime":33},"_runtime":33.097157505,"_step":0,"MSE":0.018552235192941694}