{"_runtime":4.387282008,"initialization_method":"Glorot normal","L2RE":0.6330538557156712,"MSE":0.004698899420006574,"iterations":250,"MAE":8.45026374123726e+65,"weighted_score":0.10078836061403947,"_step":1,"activation_function":"SELU","_wandb":{"runtime":5},"_timestamp":1.7242392469754648e+09,"max_APE":1.4073144002966624e+69,"weighted_array":[0.25,0.25,0.25,0.25]}