{"activation_function":"Sigmoid","initialization_method":"Glorot normal","L2RE":1.126600940390477,"_runtime":1.214532251,"iterations":350,"_step":0,"_wandb":{"runtime":2},"_timestamp":1.7240263595668604e+09,"MSE":0.0148817858707832,"max_APE":1.8263610989451733e+68,"MAE":1.325922693659059e+65}