{"activation_function":"APTx","_step":1,"max_APE":4.990963434711822e+68,"_runtime":2.527797092,"_wandb":{"runtime":3},"iterations":200,"initialization_method":"He normal","weighted_score":0.25636356477109284,"weighted_array":[0.25,0.25,0.25,0.25],"MAE":2.401645310533099e+65,"_timestamp":1.7240457968251076e+09,"MSE":0.02845394684387141,"L2RE":1.5578076839167976}