{"L2RE":0.9915512797270007,"_wandb":{"runtime":31},"max_APE":2.2970079396073144e+68,"_timestamp":1.7241898956074657e+09,"_runtime":31.567568679,"_step":0,"MSE":0.011527767036230957,"MAE":1.2399036312793523e+65}