{"_wandb":{"runtime":1},"MSE":0.02426007398734223,"activation_function":"APTx","iterations":300,"_step":0,"max_APE":4.727365806104572e+68,"L2RE":1.438429708872041,"_timestamp":1.724029846079726e+09,"initialization_method":"Glorot normal","MAE":2.239311570916213e+65,"_runtime":1.232757629}