{"max_APE":3.0636614599845938e+69,"_step":1,"iterations":200,"_timestamp":1.7234443067268558e+09,"_runtime":2.344222917,"initialization_method":"Glorot normal","weighted_score":0.8630746414698136,"L2RE":1.4026002731003882,"_wandb":{"runtime":2},"MAE":2.14233827743821e+66,"activation_function":"tanh","weighted_array":[0.25,0.25,0.25,0.25],"MSE":0.023066551465559654}