{"initialization_method":"He normal","activation_function":"APTx","_timestamp":1.7233036565858252e+09,"iterations":350,"max_APE":2.5966817050296394e+69,"_step":0,"_runtime":1.330503138,"_wandb":{"runtime":2},"MSE":0.09440523583683696,"MAE":1.342191287799016e+66,"L2RE":2.837531062790022}