{"_wandb":{"runtime":3},"L2RE":0.9890663712015482,"_step":1,"activation_function":"SiLU","_timestamp":1.7244048619457192e+09,"max_APE":2.8329032302244797e+67,"weighted_score":0.09467104003004584,"MSE":0.01147006038351851,"weighted_array":[0.25,0.25,0.25,0.25],"initialization_method":"He normal","MAE":1.5871114741853598e+64,"_runtime":2.505024889,"iterations":1}