{"MAE":3.400780896266932e+65,"L2RE":1.1230646921197815,"max_APE":8.276942152106054e+68,"_timestamp":1.724027966860783e+09,"_runtime":32.203443301,"_step":0,"_wandb":{"runtime":32},"MSE":0.014788508659307666}