{"MAE":3.9320035438791094e+65,"L2RE":1.4440228122359777,"_wandb":{"runtime":33},"max_APE":5.293780334143051e+68,"_timestamp":1.7242747400447593e+09,"_runtime":33.165417347,"_step":0,"MSE":0.02444910359824417}