{"MSE":0.017353506663735047,"MAE":1.5835353443930094e+65,"L2RE":1.2165674912590942,"max_APE":2.302120866280737e+68,"_timestamp":1.7241778739313712e+09,"_runtime":33.096807718,"_step":0,"_wandb":{"runtime":33}}