{"_runtime":34.80378088,"_step":0,"MSE":0.01921127831111869,"MAE":1.569284016361508e+65,"L2RE":1.2800316719024325,"max_APE":3.205937376353569e+68,"_wandb":{"runtime":35},"_timestamp":1.7240248678048606e+09}