{"max_APE":3.158001506929139e+68,"_timestamp":1.724142729622931e+09,"_runtime":4293.948528542,"_step":0,"MSE":0.003887297233930632,"MAE":1.2707170325686143e+65,"_wandb":{"runtime":4294},"L2RE":0.5757931028972593}