{"L2RE":1.2861213725695455,"_runtime":1.385248418,"iterations":500,"max_APE":4.461655627568223e+68,"MSE":0.01939450694025508,"_step":0,"MAE":2.0577287883947356e+65,"activation_function":"APTx","_timestamp":1.7240451220542378e+09,"_wandb":{"runtime":1},"initialization_method":"He normal"}