{"initialization_method":"He normal","max_APE":1.7919961512977606e+68,"_timestamp":1.7241900205634818e+09,"L2RE":1.028469947700095,"_runtime":1.189819625,"activation_function":"Swish","_step":0,"MSE":0.012402180405371633,"_wandb":{"runtime":1},"iterations":1000,"MAE":1.0460539814122243e+65}