{"_runtime":3.192439467,"weighted_score":0.07402638353375346,"L2RE":0.6289540039218819,"initialization_method":"Glorot normal","MAE":2.2483573708740214e+65,"weighted_array":[0.25,0.25,0.25,0.25],"max_APE":3.1668597782185617e+68,"activation_function":"tanh","_step":1,"iterations":350,"MSE":0.0046382334634495525,"_timestamp":1.7240021449216833e+09,"_wandb":{"runtime":4}}