{"MSE":0.2755654344241879,"weighted_array":[0.25,0.25,0.25,0.25],"max_APE":5.106414610320549e+69,"_step":1,"_wandb":{"runtime":2},"iterations":20,"_runtime":2.331211256,"initialization_method":"Glorot normal","weighted_score":0.9999999999027726,"L2RE":4.8479145265507615,"activation_function":"Softplus","MAE":3.991036138653676e+66,"_timestamp":1.7242766759296703e+09}