{"MSE":0.012789403743321444,"MAE":9.261375730321778e+64,"L2RE":1.0444020908023313,"max_APE":2.2774737160931624e+68,"_timestamp":1.724027506457644e+09,"_wandb":{"runtime":34},"_runtime":34.106163629,"_step":0}