{"_step":0,"_wandb":{"runtime":33},"MSE":0.04445284538923854,"MAE":4.554928649501908e+65,"L2RE":1.9471184243988358,"max_APE":9.688042805854982e+68,"_timestamp":1.7239966051604953e+09,"_runtime":33.267343375}