{"L2RE":0.5828668026719861,"_timestamp":1.7243579502353046e+09,"MSE":0.003983395916671265,"initialization_method":"Glorot normal","iterations":2,"_step":0,"MAE":1.3851817018723383e+65,"activation_function":"tanh","max_APE":2.148070288701766e+68,"_runtime":1.17837342,"_wandb":{"runtime":2}}