{"MSE":0.02426007398734223,"_wandb":{"runtime":4118},"activation_function":"APTx","_runtime":1.72936968,"L2RE":1.438429708872041,"MAE":2.239311570916213e+65,"max_APE":4.727365806104572e+68,"_timestamp":1.7240335865949035e+09,"initialization_method":"He normal","iterations":300,"_step":0}