{"max_APE":2.6636746948523145e+67,"_timestamp":1.7244043447763567e+09,"_runtime":31.471755844,"_step":0,"MSE":0.016150876720304446,"MAE":1.1364763230131538e+64,"L2RE":1.1736554906308545,"_wandb":{"runtime":31}}