{"L2RE":2.1939863343532657,"MAE":2.2492268105160765e+66,"MSE":0.05643943647237961,"activation_function":"Sigmoid","iterations":10,"_step":1,"initialization_method":"Glorot normal","_runtime":3.6867255070000002,"weighted_score":0.42414406159707546,"max_APE":2.8707222376775574e+69,"_wandb":{"runtime":4},"weighted_array":[0.25,0.25,0.25,0.25],"_timestamp":1.7243524342638254e+09}