{"_timestamp":1.7244019694097567e+09,"_runtime":33.064586343,"_step":0,"MSE":0.0026190366969898876,"MAE":2.9635782267582426e+64,"L2RE":0.4726213926534318,"max_APE":5.571361955316037e+67,"_wandb":{"runtime":34}}