{"max_APE":2.3989581485658275e+69,"MSE":0.07949734909603931,"_wandb":{"runtime":1},"_step":0,"iterations":300,"_timestamp":1.724029353681485e+09,"activation_function":"Softplus","_runtime":1.191730137,"L2RE":2.603867657268588,"initialization_method":"Glorot normal","MAE":1.5507279990485487e+66}