{"L2RE":0.9436511524556839,"initialization_method":"Glorot normal","iterations":150,"MSE":0.010440896286485538,"_timestamp":1.7234436762263312e+09,"_wandb":{"runtime":3},"_runtime":1.793057042,"MAE":2.1447824673886024e+66,"_step":0,"max_APE":3.186523269588154e+69,"activation_function":"sin"}