{"iterations":50,"MAE":9.494350235477155e+64,"MSE":0.013555906335847892,"max_APE":1.998948090477688e+68,"L2RE":1.0752435930987398,"activation_function":"SiLU","initialization_method":"He normal","weighted_array":[0.25,0.25,0.25,0.25],"_wandb":{"runtime":2},"_timestamp":1.7240453948663118e+09,"_step":1,"weighted_score":0.09976602968705389,"_runtime":2.369642378}