{"MAE":4.219944983785543e+65,"L2RE":1.9657082994910078,"max_APE":1.0104236494470092e+69,"_timestamp":1.7239964788897977e+09,"_runtime":35.30067222,"_step":0,"_wandb":{"runtime":35},"MSE":0.04530571358638092}