{"_wandb":{"runtime":5603},"_timestamp":1.724059126535874e+09,"_runtime":5603.41890955,"_step":0,"MSE":0.0028746764322828073,"MAE":1.3617977075774241e+65,"L2RE":0.49515032448141916,"max_APE":1.8630624597060553e+68}