{"MSE":0.0865337152603697,"MAE":1.6133564782860546e+66,"_wandb":{"runtime":37},"L2RE":2.7166598160698903,"max_APE":2.5126704783288527e+69,"_timestamp":1.7240289931663008e+09,"_runtime":36.889029846,"_step":0}