{"initialization_method":"He normal","_step":1,"_runtime":2.314332637,"_timestamp":1.7242390150716531e+09,"MSE":0.002495598654340934,"weighted_array":[0.25,0.25,0.25,0.25],"max_APE":1.410126230349896e+68,"activation_function":"ELU","weighted_score":0,"_wandb":{"runtime":2},"L2RE":0.4613493946960407,"iterations":75,"MAE":1.1052501318670818e+65}