{"_wandb":{"runtime":31},"MSE":0.018635821577732012,"MAE":1.1183200336502715e+66,"L2RE":1.260714812883418,"max_APE":2.1821531111187948e+69,"_timestamp":1.723300380716295e+09,"_runtime":30.886780219,"_step":0}