{"_timestamp":1.7240869072678282e+09,"_runtime":41.959229255,"_step":0,"MSE":0.01986830584017035,"_wandb":{"runtime":42},"MAE":2.7520958032586443e+65,"L2RE":1.3017362591882984,"max_APE":5.717179671962826e+68}