{"_step":1,"weighted_array":[0.25,0.25,0.25,0.25],"weighted_score":0.2788720928846141,"L2RE":1.7515420465224287,"max_APE":3.642738001546461e+68,"_timestamp":1.7240023785831e+09,"MAE":2.610300801149146e+65,"MSE":0.035971286204307465,"iterations":500,"initialization_method":"He normal","activation_function":"APTx","_wandb":{"runtime":3},"_runtime":2.768589423}