{"max_APE":3.4927181475407005e+68,"initialization_method":"He normal","MAE":1.464156106337233e+65,"_runtime":1.154675881,"_wandb":{"runtime":1},"L2RE":1.1666098400069707,"MSE":0.015957545926019483,"iterations":175,"activation_function":"Mish","_step":0,"_timestamp":1.7240286798418193e+09}