{"weighted_score":0.5391233095464891,"L2RE":1.028469947700095,"initialization_method":"He normal","_step":1,"activation_function":"Swish","max_APE":1.7919961512977606e+68,"weighted_array":[0.25,0.25,0.25,0.25],"iterations":1000,"MSE":0.012402180405371633,"_wandb":{"runtime":3},"_runtime":2.41558921,"_timestamp":1.7241780364257302e+09,"MAE":1.0460539814122244e+65}