{"MAE":2.9982241196633372e+66,"MSE":0.11425053099184891,"L2RE":3.1215600743783565,"max_APE":3.8281546752129725e+69,"_runtime":1.560248388,"_step":0,"_timestamp":1.7242340062950518e+09,"_wandb":{"runtime":2},"initialization_method":"Glorot normal","iterations":50,"activation_function":"Sigmoid"}