{"_wandb":{"runtime":30},"MAE":2.406745532097991e+65,"L2RE":1.755360461691566,"max_APE":3.5047650711216327e+68,"_timestamp":1.724001035521466e+09,"_runtime":30.509136593,"_step":0,"MSE":0.03612829416465788}