{"weighted_score":0.4967184858379994,"_wandb":{"runtime":4},"MAE":2.9982241196633376e+66,"initialization_method":"Glorot normal","_timestamp":1.724239275640953e+09,"_runtime":3.435592757,"weighted_array":[0.25,0.25,0.25,0.25],"iterations":25,"max_APE":3.8281546752129725e+69,"MSE":0.11425053099184893,"activation_function":"Sigmoid","L2RE":3.1215600743783565,"_step":1}