{"L2RE":1.6576552545727359,"activation_function":"APTx","initialization_method":"Glorot normal","_runtime":1.316480549,"iterations":125,"MAE":2.52539393098329e+65,"_timestamp":1.7240296439076943e+09,"_step":0,"max_APE":5.339140675425136e+68,"_wandb":{"runtime":1},"MSE":0.03221834752632883}