{"_timestamp":1.7198275777649536e+09,"_runtime":4585.179829,"_step":0,"_wandb":{"runtime":4585},"MSE":0.0034418723537208043,"MAE":3.658608142285628e+43,"L2RE":0.12435782151599713,"max_APE":8.451376727629987e+45}