{"activation_function":"APTx","max_APE":3.6784395191674664e+68,"_timestamp":1.7240010765338643e+09,"_wandb":{"runtime":1},"MSE":0.036193690454782955,"initialization_method":"Glorot normal","_step":0,"L2RE":1.7569484436886411,"_runtime":1.278792917,"iterations":350,"MAE":2.587285981873205e+65}