{"_runtime":36.198123,"_step":0,"_wandb":{"runtime":36},"MAE":9.744955663271284e+42,"L2RE":0.15000442828282048,"max_APE":2.251081681633743e+45,"_timestamp":1.7196716499825618e+09,"MSE":0.005007912233215042}