{"max_APE":5.611989056120444e+68,"_wandb":{"runtime":36},"_timestamp":1.7240688143663785e+09,"_runtime":35.782601464,"_step":0,"MSE":0.007589210307425356,"MAE":2.430142680793174e+65,"L2RE":0.8045274706293954}