{"activation_function":"SiLU","_runtime":1.369874636,"L2RE":0.9759189081776243,"_step":0,"MSE":0.011167148653204879,"iterations":150,"_timestamp":1.7239979777364798e+09,"MAE":1.1003280792457083e+65,"max_APE":2.320567802746509e+68,"_wandb":{"runtime":2},"initialization_method":"He normal"}