{"L2RE":0.15000442828282048,"max_APE":2.251081681633743e+45,"_timestamp":1.7196725974426742e+09,"MSE":0.005007912233215042,"MAE":9.744955663271284e+42,"_runtime":37.742024,"_step":0,"_wandb":{"runtime":38}}