{"MSE":0.02258100626037422,"_wandb":{"runtime":35},"MAE":4.1214284318909725e+65,"L2RE":1.3877595649410093,"max_APE":9.248243329102218e+68,"_timestamp":1.7240281659305558e+09,"_runtime":34.710540629,"_step":0}