{"_timestamp":1.7233020033645332e+09,"_runtime":33.496903595,"_step":0,"MSE":0.013388784725265683,"_wandb":{"runtime":34},"MAE":8.523666269344397e+65,"L2RE":1.0685950623375842,"max_APE":1.6957804664087832e+69}