{"L2RE":1.727057147101507,"MAE":5.669995942665946e+65,"_runtime":1.320215094,"initialization_method":"He normal","iterations":200,"max_APE":7.793419365381578e+68,"_step":0,"MSE":0.034972626448801045,"_wandb":{"runtime":2},"activation_function":"Swish","_timestamp":1.7242359511359076e+09}