{"L2RE":0.6380189659470024,"max_APE":3.544912345189972e+63,"_timestamp":1.7207916124884183e+09,"MSE":0.009054226361368793,"_runtime":319.400999,"_step":0,"_wandb":{"runtime":319},"MAE":1.39588388719848e+60}