{"_runtime":2.507792675,"_step":0,"_wandb":{"runtime":3},"L2RE":0.7780662372778508,"MAE":3.471208767373437e+65,"MSE":0.007098195770597621,"max_APE":6.38109110761481e+68,"_timestamp":1.7232373287451596e+09}