{"iterations":3,"max_APE":2.8329032302244797e+67,"_wandb":{"runtime":2},"L2RE":0.9890663712015482,"_timestamp":1.7243578715856261e+09,"_step":0,"activation_function":"Swish","initialization_method":"He normal","MSE":0.01147006038351851,"_runtime":1.278208301,"MAE":1.5871114741853595e+64}