{"L2RE":0.8053733739692991,"_runtime":35.143857,"_step":0,"_wandb":{"runtime":35},"max_APE":2.2744982127134074e+45,"_timestamp":1.7197398508689444e+09,"MSE":0.1443587403819168,"MAE":9.846323728601939e+42}