{"_timestamp":1.7243513268801782e+09,"_wandb":{"runtime":4},"_runtime":3.34141046,"activation_function":"GELU","MSE":0.03601653556785414,"MAE":2.288606660963791e+65,"iterations":25,"L2RE":1.7526433590160473,"initialization_method":"He normal","max_APE":3.8184107801525346e+68,"_step":1,"weighted_array":[0.25,0.25,0.25,0.25],"weighted_score":0.12553049134948485}