{"MSE":0.04183275700077686,"initialization_method":"He normal","MAE":3.323937066326494e+65,"activation_function":"APTx","iterations":200,"_wandb":{"runtime":1},"L2RE":1.8888646012216195,"_runtime":1.184614676,"max_APE":4.838784597383686e+68,"_timestamp":1.7242387691688342e+09,"_step":0}