{"initialization_method":"Glorot normal","L2RE":2.1939863343532657,"activation_function":"Sigmoid","MAE":2.2492268105160765e+66,"_wandb":{"runtime":3},"_timestamp":1.7242739555152617e+09,"iterations":25,"MSE":0.05643943647237961,"max_APE":2.8707222376775574e+69,"_runtime":2.539492178,"_step":0}