{"MAE":1.0400480715065275e+65,"L2RE":0.433874903284851,"max_APE":2.502236250893059e+68,"_wandb":{"runtime":363},"_timestamp":1.7239873422375255e+09,"_runtime":362.652818171,"_step":0,"MSE":0.002207211205259299}