{"activation_function":"Sigmoid","max_APE":1.6044365595850858e+69,"MAE":1.2617994149449704e+66,"initialization_method":"Glorot normal","_step":0,"_wandb":{"runtime":1},"L2RE":1.0364265881659818,"iterations":2,"_timestamp":1.7244024311273437e+09,"MSE":0.012594818805329203,"_runtime":1.297250918}