{"L2RE":0.9909295450411172,"activation_function":"Swish","_step":0,"MAE":1.3328397777543346e+65,"MSE":0.011513315003891784,"_timestamp":1.7239992139921799e+09,"_wandb":{"runtime":1},"max_APE":2.2378307829217777e+68,"_runtime":1.3765382640000001,"iterations":400,"initialization_method":"He normal"}