{"MSE":0.2536813959693684,"MAE":3.560855613444282e+66,"L2RE":4.651434322733226,"max_APE":4.756068489532423e+69,"_timestamp":1.7233028118337653e+09,"_runtime":35.094132511,"_step":0,"_wandb":{"runtime":35}}