{"MAE":1.3851817018723383e+65,"L2RE":0.5828668026719861,"max_APE":2.148070288701766e+68,"_timestamp":1.724357946122138e+09,"_runtime":32.781642627,"_step":0,"MSE":0.003983395916671265,"_wandb":{"runtime":33}}