{"max_APE":5.647375368954981e+68,"weighted_array":[0.25,0.25,0.25,0.25],"activation_function":"GELU","_runtime":2.435571959,"_step":1,"_wandb":{"runtime":2},"_timestamp":1.7242391119717546e+09,"MAE":4.1550143349747753e+65,"initialization_method":"He normal","iterations":200,"L2RE":1.9085053900455409,"MSE":0.04270725067587338,"weighted_score":0.12457299223247842}