{"_runtime":30.279714793,"_step":0,"MSE":0.006429115059124121,"MAE":5.472395955656505e+65,"L2RE":0.7404882692499893,"max_APE":1.3156487812328395e+69,"_wandb":{"runtime":30},"_timestamp":1.7233020413207428e+09}