{"L2RE":3.3779533729815885,"activation_function":"ReLu","_wandb":{"runtime":1},"iterations":200,"_step":0,"MSE":0.13378953171203753,"_runtime":1.109737176,"_timestamp":1.723300077567036e+09,"MAE":1.7553307228826907e+66,"initialization_method":"He normal","max_APE":2.580240623367398e+69}