{"MAE":1.3918921898070516e+65,"L2RE":0.6114425890840737,"max_APE":2.8983598678570194e+68,"_timestamp":1.7240177231987407e+09,"_runtime":1623.21600267,"_step":0,"_wandb":{"runtime":1623},"MSE":0.004383552412344446}