{"MSE":0.037413443533896626,"weighted_score":0.1193740535222172,"activation_function":"APTx","_runtime":2.438492799,"_wandb":{"runtime":3},"iterations":15,"max_APE":3.0644256790733366e+68,"L2RE":1.7863083363702963,"_step":1,"initialization_method":"He normal","MAE":1.4218833827512663e+65,"weighted_array":[0.25,0.25,0.25,0.25],"_timestamp":1.7242767368459213e+09}