{"_wandb":{"runtime":4},"weighted_score":0.11535394529871053,"initialization_method":"He normal","_runtime":3.4582755130000002,"MSE":0.04183275700077686,"max_APE":4.838784597383686e+68,"activation_function":"APTx","MAE":3.3239370663264945e+65,"_step":1,"weighted_array":[0.25,0.25,0.25,0.25],"L2RE":1.8888646012216197,"_timestamp":1.72423985781556e+09,"iterations":750}