{"_runtime":1.181841551,"initialization_method":"He normal","MSE":0.027835793829161022,"max_APE":1.6926236735257987e+69,"_timestamp":1.7240254455393076e+09,"L2RE":1.5407933284983018,"activation_function":"ReLu","iterations":500,"_wandb":{"runtime":1},"MAE":8.257767976904819e+65,"_step":0}