{"initialization_method":"Glorot normal","L2RE":1.105123665180706,"iterations":200,"MSE":0.014319788069554034,"_timestamp":1.7234437204611542e+09,"activation_function":"sin","_step":0,"_runtime":1.5947399660000001,"_wandb":{"runtime":2},"max_APE":3.4358783190793036e+69,"MAE":2.400845017237482e+66}