{"_wandb":{"runtime":42},"_step":0,"MSE":0.003361913070425307,"MAE":1.6875843156501668e+65,"L2RE":0.5354708375499033,"max_APE":3.4835924605775957e+68,"_timestamp":1.7240684554682143e+09,"_runtime":42.219410215}