{"activation_function":"SELU","_runtime":5.382293757,"initialization_method":"Glorot normal","weighted_array":[0.25,0.25,0.25,0.25],"weighted_score":0.60362156644131,"_wandb":{"runtime":5},"max_APE":1.822652087612087e+69,"L2RE":1.73415222308022,"MSE":0.0352605649593465,"_timestamp":1.724068936158702e+09,"_step":1,"iterations":750,"MAE":1.4339901984356728e+66}