{"L2RE":0.528618581417117,"iterations":25,"max_APE":6.782811134723052e+68,"activation_function":"tanh","_timestamp":1.7242766184872258e+09,"weighted_score":0.05082668537901392,"_step":1,"_wandb":{"runtime":4},"MAE":3.8529479163919694e+65,"weighted_array":[0.25,0.25,0.25,0.25],"_runtime":3.880157133,"initialization_method":"Glorot normal","MSE":0.003276420860117474}