{"activation_function":"Sigmoid","_wandb":{"runtime":6},"initialization_method":"Glorot normal","_runtime":6.120758669,"iterations":400,"MAE":2.9982241196633376e+66,"_step":1,"weighted_score":0.4967184858379994,"weighted_array":[0.25,0.25,0.25,0.25],"L2RE":3.1215600743783565,"MSE":0.11425053099184893,"max_APE":3.8281546752129725e+69,"_timestamp":1.7242393246598365e+09}