{"MAE":1.342191287799016e+66,"L2RE":2.837531062790022,"max_APE":2.5966817050296394e+69,"_timestamp":1.7233033273802643e+09,"_runtime":35.052176472,"_step":0,"_wandb":{"runtime":35},"MSE":0.09440523583683696}