{"_step":1,"_wandb":{"runtime":3},"_runtime":2.48739972,"MSE":0.016339700638927434,"iterations":350,"_timestamp":1.72404532317197e+09,"initialization_method":"Glorot normal","weighted_score":0.41628922207780034,"weighted_array":[0.25,0.25,0.25,0.25],"activation_function":"SELU","L2RE":1.180496303513343,"max_APE":1.8168489302422717e+69,"MAE":8.866042935152769e+65}