{"_timestamp":1.7242392891662433e+09,"weighted_score":0.4967184858379994,"iterations":100,"activation_function":"Sigmoid","MAE":2.9982241196633376e+66,"weighted_array":[0.25,0.25,0.25,0.25],"MSE":0.11425053099184893,"initialization_method":"Glorot normal","_wandb":{"runtime":3},"max_APE":3.8281546752129725e+69,"L2RE":3.1215600743783565,"_step":1,"_runtime":3.300280041}