{"_step":0,"_wandb":{"runtime":8115},"L2RE":0.14482396690453644,"max_APE":2.6557978987693788e+39,"_timestamp":1.7204377183480704e+09,"MSE":0.003330508970141242,"MAE":7.613487587714814e+37,"_runtime":8114.83139}