{"MSE":0.003132925962243179,"MAE":3.7611427952904033e+43,"L2RE":0.11864536900919948,"max_APE":8.688231630254774e+45,"_timestamp":1.7196655004105363e+09,"_runtime":183.439755,"_step":0,"_wandb":{"runtime":183}}