{"MAE":3.3239370663264945e+65,"MSE":0.04183275700077686,"_step":1,"activation_function":"APTx","max_APE":4.838784597383686e+68,"weighted_score":0.11535394529871053,"_timestamp":1.7242397452323933e+09,"iterations":50,"weighted_array":[0.25,0.25,0.25,0.25],"L2RE":1.8888646012216197,"initialization_method":"Glorot normal","_wandb":{"runtime":3},"_runtime":2.669537877}