{"_runtime":29.561944628,"_step":0,"_wandb":{"runtime":29},"MSE":0.020389524963611547,"MAE":1.6179743011812672e+66,"L2RE":1.3187003989860826,"max_APE":2.0933221659819772e+69,"_timestamp":1.7233007252079973e+09}