{"_timestamp":1.724404565296798e+09,"_runtime":28.374912584,"_step":0,"_wandb":{"runtime":28},"MSE":0.03065324857643442,"MAE":1.1620415947659637e+65,"L2RE":1.6168913485311258,"max_APE":1.7206753065511447e+68}