{"_runtime":1.217415588,"MAE":3.827034520374988e+65,"activation_function":"SELU","_wandb":{"runtime":1},"_timestamp":1.7239972447672064e+09,"initialization_method":"Glorot normal","iterations":400,"max_APE":8.138334067089996e+68,"L2RE":0.9478686039705023,"MSE":0.010534431644470599,"_step":0}