{"MAE":8.80348983421692e+64,"L2RE":1.4895350637187834,"max_APE":1.2511066865631496e+68,"_timestamp":1.7244020873566027e+09,"_runtime":32.866995967,"_step":0,"_wandb":{"runtime":33},"MSE":0.02601454859822507}