{"MSE":0.02444910359824417,"max_APE":5.293780334143051e+68,"L2RE":1.4440228122359775,"iterations":3,"MAE":3.9320035438791094e+65,"activation_function":"Swish","_wandb":{"runtime":4},"_runtime":3.507070257,"_step":1,"weighted_score":0.11533434948435324,"weighted_array":[0.25,0.25,0.25,0.25],"initialization_method":"He normal","_timestamp":1.7242765569693038e+09}