{"MSE":0.004774506525975328,"MAE":1.8945492079775508e+65,"L2RE":0.6381265721374947,"max_APE":4.2781820388918493e+68,"_wandb":{"runtime":37},"_timestamp":1.72406666414477e+09,"_runtime":36.787568511,"_step":0}