{"MAE":4.274475912592483e+65,"max_APE":8.275274617106667e+68,"_timestamp":1.724236669757128e+09,"_step":0,"activation_function":"tanh","MSE":0.008246393017834665,"initialization_method":"Glorot normal","_runtime":1.184611593,"L2RE":0.8386381182804508,"_wandb":{"runtime":1},"iterations":500}