{"MSE":0.015581934702041307,"_wandb":{"runtime":44},"MAE":2.1753153475787223e+65,"L2RE":1.1527981577566102,"max_APE":4.711232404985511e+68,"_timestamp":1.7241655346883595e+09,"_runtime":44.208197085,"_step":0}