{"max_APE":3.170053853388118e+68,"L2RE":1.7763264862173929,"_wandb":{"runtime":1},"_timestamp":1.7240009244422598e+09,"iterations":175,"activation_function":"APTx","MSE":0.03699648085237783,"initialization_method":"Glorot normal","_runtime":1.24475218,"MAE":2.4836926849383735e+65,"_step":0}