{"_timestamp":1.72423779417781e+09,"_runtime":33.458750127,"_step":0,"MSE":0.4118363173112845,"_wandb":{"runtime":33},"MAE":4.780666084904372e+66,"L2RE":5.926590282741275,"max_APE":6.197633245284772e+69}