{"L2RE":0.5787000072922168,"max_APE":2.0443352072201294e+68,"_timestamp":1.7240674146821525e+09,"_wandb":{"runtime":38},"_runtime":38.449431969,"_step":0,"MSE":0.0039266465262792725,"MAE":1.0580815235148624e+65}