{"max_APE":2.6636746948523145e+67,"_timestamp":1.7244043052168825e+09,"_runtime":30.587481256,"_step":0,"MSE":0.016150876720304446,"MAE":1.1364763230131538e+64,"_wandb":{"runtime":30},"L2RE":1.1736554906308545}