{"_step":0,"MSE":0.012646008886904684,"MAE":6.883587791244444e+65,"L2RE":1.0385306661627374,"max_APE":1.4003557631870284e+69,"_timestamp":1.723301736869575e+09,"_wandb":{"runtime":31},"_runtime":31.45865268}