{"_runtime":38.145470375,"_step":0,"MSE":0.028885570322569463,"MAE":1.80494504165561e+66,"L2RE":1.5695785578090922,"max_APE":2.365072481658787e+69,"_timestamp":1.7240670023258798e+09,"_wandb":{"runtime":38}}