{"_runtime":1.278015505,"initialization_method":"Glorot normal","_wandb":{"runtime":2},"activation_function":"APTx","iterations":3,"max_APE":1.7206753065511447e+68,"_timestamp":1.7244046042698221e+09,"_step":0,"MAE":1.1620415947659637e+65,"MSE":0.03065324857643442,"L2RE":1.6168913485311258}