{"MSE":0.03098370696331253,"MAE":2.486352336919745e+65,"_wandb":{"runtime":33},"L2RE":1.6255834609631672,"max_APE":5.2087706200219e+68,"_timestamp":1.7240296802851553e+09,"_runtime":33.412102677,"_step":0}