{"iterations":2,"_wandb":{"runtime":3},"MSE":0.01182794673060916,"max_APE":3.903884489276563e+68,"_timestamp":1.724358615280085e+09,"weighted_score":0.16211644982667192,"initialization_method":"Glorot normal","L2RE":1.004378167441385,"activation_function":"sin","MAE":2.57056457393607e+65,"_runtime":2.397689756,"_step":1,"weighted_array":[0.25,0.25,0.25,0.25]}