{"weighted_score":0.1285172508772952,"max_APE":7.793419365381578e+68,"_runtime":3.396519377,"weighted_array":[0.25,0.25,0.25,0.25],"MAE":5.669995942665947e+65,"activation_function":"SiLU","L2RE":1.727057147101507,"_timestamp":1.7242393839465432e+09,"_step":1,"initialization_method":"He normal","iterations":300,"MSE":0.034972626448801045,"_wandb":{"runtime":4}}