{"_step":0,"MAE":3.991036138653676e+66,"max_APE":5.106414610320549e+69,"_runtime":1.16350284,"iterations":20,"_timestamp":1.7243496447096496e+09,"L2RE":4.8479145265507615,"initialization_method":"Glorot normal","_wandb":{"runtime":1},"activation_function":"Softplus","MSE":0.2755654344241879}