{"MSE":0.03065324857643442,"max_APE":1.7206753065511447e+68,"_wandb":{"runtime":2},"iterations":2,"L2RE":1.6168913485311258,"MAE":1.1620415947659637e+65,"activation_function":"APTx","_timestamp":1.7243583556465857e+09,"initialization_method":"Glorot normal","_step":0,"_runtime":1.5132633439999998}