{"MSE":0.04183275700077686,"MAE":3.323937066326494e+65,"L2RE":1.8888646012216195,"max_APE":4.838784597383686e+68,"_timestamp":1.7242379952888663e+09,"_runtime":31.090203762,"_step":0,"_wandb":{"runtime":31}}