{"_timestamp":1.7239958962308328e+09,"_runtime":32.976331172,"_step":0,"_wandb":{"runtime":33},"MSE":0.03208054116616411,"MAE":2.6287318638697437e+65,"L2RE":1.6541063414837984,"max_APE":4.5983297787008455e+68}