{"_runtime":1.613023176,"MAE":2.930377721721396e+65,"_wandb":{"runtime":2},"iterations":150,"_step":0,"activation_function":"ReLu","initialization_method":"He normal","_timestamp":1.7242330084858801e+09,"L2RE":2.039727890407325,"MSE":0.048781966216754576,"max_APE":3.7391171184225726e+68}