{"L2RE":1.2158342603954233,"_step":1,"weighted_score":0.11923442903897193,"activation_function":"sin","initialization_method":"Glorot normal","max_APE":9.054034475472478e+68,"weighted_array":[0.25,0.25,0.25,0.25],"_timestamp":1.7242765432161298e+09,"_wandb":{"runtime":4},"iterations":15,"_runtime":3.535196584,"MAE":4.630936975108509e+65,"MSE":0.017332594889706704}