{"_wandb":{"runtime":38},"MSE":0.005007912233215042,"MAE":9.744955663271284e+42,"L2RE":0.15000442828282048,"max_APE":2.251081681633743e+45,"_timestamp":1.7196688543443792e+09,"_runtime":37.450802,"_step":0}