{"MAE":4.464690069631745e+65,"L2RE":1.4941267359077073,"max_APE":9.422441084879567e+68,"_timestamp":1.7233023461298692e+09,"_runtime":62.541230504,"_wandb":{"runtime":62},"_step":0,"MSE":0.02617518179470959}