{"_wandb":{"runtime":1},"_runtime":1.197260925,"MSE":0.005380314739916928,"initialization_method":"He normal","activation_function":"Swish","L2RE":0.6774019222908066,"iterations":200,"_step":0,"MAE":1.1041536183649104e+66,"max_APE":1.986800301365086e+69,"_timestamp":1.723362218111749e+09}