{"initialization_method":"Glorot normal","_step":0,"_timestamp":1.7239993322717738e+09,"_wandb":{"runtime":2},"_runtime":1.4371383039999999,"MSE":0.0056764433462576985,"max_APE":3.3210606711983926e+68,"MAE":2.121865899336222e+65,"L2RE":0.6957940932699967,"activation_function":"tanh","iterations":75}