{"initialization_method":"He normal","MAE":2.181231914793642e+65,"_wandb":{"runtime":2},"_step":0,"max_APE":4.627955300400308e+68,"L2RE":1.3967069029927779,"_timestamp":1.7240436108160415e+09,"iterations":350,"activation_function":"APTx","_runtime":1.5357045870000001,"MSE":0.022873119116520853}