{"MSE":0.048781966216754576,"MAE":2.930377721721396e+65,"_wandb":{"runtime":33},"L2RE":2.039727890407325,"max_APE":3.7391171184225726e+68,"_timestamp":1.7242328049002693e+09,"_runtime":33.059750221,"_step":0}