{"MSE":0.009100620261415872,"MAE":3.816930648329751e+65,"L2RE":0.8810044058361416,"max_APE":5.383709615442269e+68,"_timestamp":1.7243573170743952e+09,"_runtime":33.177514836,"_step":0,"_wandb":{"runtime":33}}