{"weighted_array":[0.25,0.25,0.25,0.25],"_wandb":{"runtime":4},"max_APE":5.106414610320549e+69,"MAE":3.991036138653676e+66,"_timestamp":1.7242766538314254e+09,"activation_function":"Softplus","L2RE":4.8479145265507615,"MSE":0.2755654344241879,"_step":1,"weighted_score":0.9999999999027726,"_runtime":3.393109052,"iterations":3,"initialization_method":"Glorot normal"}