{"weighted_array":[0.25,0.25,0.25,0.25],"MAE":3.9320035438791094e+65,"MSE":0.02444910359824417,"weighted_score":0.11533434948435324,"_runtime":4.322019543,"L2RE":1.4440228122359775,"_wandb":{"runtime":5},"initialization_method":"He normal","iterations":25,"_timestamp":1.7243526033574674e+09,"_step":1,"max_APE":5.293780334143051e+68,"activation_function":"Swish"}