{"_step":0,"_wandb":{"runtime":10876},"MSE":0.0036919399698288197,"MAE":1.2163823344233238e+65,"L2RE":0.5611382833125542,"max_APE":2.444195017693385e+68,"_timestamp":1.7241536136032991e+09,"_runtime":10876.139878334}