{"max_APE":2.1098731964966176e+69,"_step":0,"_wandb":{"runtime":1},"iterations":150,"L2RE":2.584661934405047,"_timestamp":1.7233034961541822e+09,"MSE":0.07832895383120769,"_runtime":1.169086092,"activation_function":"APTx","initialization_method":"He normal","MAE":1.1073149898649808e+66}