{"_runtime":3.376374718,"iterations":75,"_timestamp":1.7240019971458886e+09,"weighted_score":0.24169509873237957,"activation_function":"sin","_step":1,"L2RE":1.4616874211481403,"max_APE":5.069118292051959e+68,"weighted_array":[0.25,0.25,0.25,0.25],"MSE":0.0250509298976021,"MAE":3.3756182038261e+65,"initialization_method":"Glorot normal","_wandb":{"runtime":4}}