{"L2RE":2.77968597706049,"initialization_method":"Glorot normal","_wandb":{"runtime":1},"MAE":1.5099813449435245e+66,"_timestamp":1.724067197721014e+09,"activation_function":"Sigmoid","iterations":250,"_runtime":1.152661049,"MSE":0.09059543295332931,"max_APE":1.921074883866106e+69,"_step":0}