{"_timestamp":1.7234420876529748e+09,"_wandb":{"runtime":235},"_runtime":235.411343251,"_step":0,"MSE":0.008570965106243495,"MAE":9.95246738580529e+65,"L2RE":0.8549829364408744,"max_APE":1.939111918537516e+69}