{"_runtime":35.927608055,"_wandb":{"runtime":36},"_step":0,"MSE":0.02601511097758037,"MAE":2.314621496345815e+65,"L2RE":1.4895511639259134,"max_APE":4.835274978497783e+68,"_timestamp":1.7240302850134883e+09}