{"max_APE":7.793419365381578e+68,"weighted_score":0.1285172508772952,"_timestamp":1.7242393792991638e+09,"iterations":250,"_step":1,"activation_function":"SiLU","L2RE":1.727057147101507,"MSE":0.034972626448801045,"initialization_method":"He normal","MAE":5.669995942665947e+65,"weighted_array":[0.25,0.25,0.25,0.25],"_runtime":3.7706023330000003,"_wandb":{"runtime":4}}