{"MSE":0.003887297233930632,"weighted_array":[0.25,0.25,0.25,0.25],"MAE":1.2707170325686143e+65,"iterations":500,"L2RE":0.5757931028972593,"_timestamp":1.7241656618970957e+09,"_runtime":2.359663297,"weighted_score":0.11383989314599283,"_step":1,"initialization_method":"He normal","max_APE":3.158001506929139e+68,"_wandb":{"runtime":2},"activation_function":"ELU"}