{"MSE":0.03601653556785414,"_step":0,"iterations":25,"MAE":2.288606660963791e+65,"L2RE":1.7526433590160473,"_timestamp":1.7242730468159652e+09,"_runtime":1.266298966,"_wandb":{"runtime":2},"initialization_method":"He normal","max_APE":3.8184107801525346e+68,"activation_function":"GELU"}