{"initialization_method":"Glorot normal","MAE":3.991036138653676e+66,"weighted_array":[0.25,0.25,0.25,0.25],"max_APE":5.106414610320549e+69,"_step":1,"_wandb":{"runtime":4},"activation_function":"Softplus","_timestamp":1.7243527284089243e+09,"weighted_score":0.9999999999027726,"iterations":25,"MSE":0.2755654344241879,"_runtime":3.7240855870000003,"L2RE":4.8479145265507615}