{"activation_function":"SiLU","max_APE":1.962376539860051e+68,"_runtime":1.208055756,"_step":0,"MAE":1.1692380188800065e+65,"_wandb":{"runtime":1},"initialization_method":"He normal","MSE":0.011920356147572666,"iterations":750,"L2RE":1.0082940381892684,"_timestamp":1.7241898220631285e+09}