{"max_APE":2.339838474387587e+69,"_timestamp":1.7240293935247805e+09,"_runtime":37.000134378,"_step":0,"_wandb":{"runtime":37},"MSE":0.07602980753215809,"MAE":1.5117721645038282e+66,"L2RE":2.546446342074448}