{"L2RE":0.757496450169577,"max_APE":9.775856825786075e+68,"_timestamp":1.7231970662029176e+09,"_runtime":654.953763,"_step":0,"_wandb":{"runtime":655},"MSE":0.006727845914649297,"MAE":5.259630157194784e+65}