{"MSE":0.01693674671075621,"MAE":1.52159936442111e+65,"L2RE":1.201870235941294,"_wandb":{"runtime":38},"max_APE":3.69645669254803e+68,"_timestamp":1.7240285847447622e+09,"_runtime":38.443169795,"_step":0}