{"_wandb":{"runtime":48313},"_timestamp":1.7204265347475832e+09,"MSE":0.0049957918519036885,"MAE":9.071886327959465e+37,"L2RE":0.1773729148263021,"max_APE":2.756129801273346e+39,"_runtime":48312.891219,"_step":0}