{"MSE":0.023066551465559658,"MAE":2.1423382774382096e+66,"L2RE":1.4026002731003882,"_wandb":{"runtime":32},"max_APE":3.0636614599845934e+69,"_timestamp":1.7233624137197747e+09,"_runtime":31.651862001,"_step":0}