{"MAE":3.2163636040868327e+66,"L2RE":4.226860448526344,"max_APE":4.2893818411358976e+69,"_timestamp":1.7233027678545802e+09,"_runtime":36.347497838,"_step":0,"_wandb":{"runtime":36},"MSE":0.2094839005683474}