{"_wandb":{"runtime":32},"_runtime":31.711661721,"_step":0,"MSE":0.004698899420006574,"MAE":8.45026374123726e+65,"L2RE":0.6330538557156712,"max_APE":1.4073144002966624e+69,"_timestamp":1.7242339150307024e+09}