{"L2RE":1.0623855660199784,"max_APE":1.546745135912417e+69,"_timestamp":1.723301027230293e+09,"_runtime":30.932393838,"_step":0,"_wandb":{"runtime":31},"MSE":0.013233635108148335,"MAE":7.723855648572186e+65}