{"initialization_method":"Glorot normal","_step":0,"max_APE":1.1323166788340052e+68,"MAE":7.928409500019457e+64,"activation_function":"tanh","_runtime":1.4876035459999999,"_timestamp":1.7240864258262954e+09,"iterations":1000,"L2RE":0.9527654456369763,"_wandb":{"runtime":2},"MSE":0.01064355793674902}