{"weighted_array":[0.25,0.25,0.25,0.25],"iterations":10,"L2RE":0.6974402768245905,"activation_function":"SELU","max_APE":8.095193716508313e+68,"_step":1,"MAE":5.460457514207681e+65,"_timestamp":1.7243513920147984e+09,"_runtime":4.159047296,"_wandb":{"runtime":4},"weighted_score":0.07957069455399915,"MSE":0.005703334985156818,"initialization_method":"Glorot normal"}