{"max_APE":1.1375704139252121e+69,"L2RE":1.1561879894496223,"MAE":5.432439844354207e+65,"weighted_array":[0.25,0.25,0.25,0.25],"_wandb":{"runtime":4},"initialization_method":"Glorot normal","_timestamp":1.7242394119818783e+09,"_step":1,"activation_function":"sin","_runtime":3.426502876,"iterations":50,"weighted_score":0.10413200571358819,"MSE":0.015673707568259598}