{"max_APE":8.095193716508313e+68,"activation_function":"SELU","MAE":5.460457514207681e+65,"_wandb":{"runtime":2},"_runtime":1.632748876,"L2RE":0.6974402768245905,"iterations":20,"initialization_method":"Glorot normal","_timestamp":1.7243455767788103e+09,"MSE":0.005703334985156818,"_step":0}