{"max_APE":4.1749158668963205e+68,"_timestamp":1.7240245302651565e+09,"_runtime":34.41035946,"_step":0,"_wandb":{"runtime":34},"MSE":0.02667880077665708,"MAE":1.9569830492651726e+65,"L2RE":1.508431995628699}