{"_timestamp":1.7242378397901635e+09,"initialization_method":"Glorot normal","MSE":0.4118363173112845,"_runtime":1.221729884,"_wandb":{"runtime":2},"L2RE":5.926590282741275,"max_APE":6.197633245284772e+69,"_step":0,"iterations":500,"MAE":4.780666084904372e+66,"activation_function":"Softplus"}