{"_runtime":35.933727008,"_step":0,"MSE":0.03601653556785414,"_wandb":{"runtime":36},"MAE":2.288606660963791e+65,"L2RE":1.7526433590160473,"max_APE":3.8184107801525346e+68,"_timestamp":1.7243449909339528e+09}