{"_step":0,"MSE":0.031609072126199164,"MAE":2.727075565462137e+65,"_wandb":{"runtime":34},"L2RE":1.6419066335400638,"max_APE":6.35973784744584e+68,"_timestamp":1.7240866360314367e+09,"_runtime":33.81592488}