{"MSE":0.012534850442892676,"max_APE":1.9152981630267688e+68,"_wandb":{"runtime":1},"_step":0,"MAE":8.73627390723786e+64,"_timestamp":1.7240275946922421e+09,"iterations":125,"activation_function":"Swish","L2RE":1.0339562483486036,"initialization_method":"He normal","_runtime":1.186220545}