{"MAE":5.152103253061896e+65,"max_APE":1.2612758877809008e+69,"_runtime":2.393699339,"initialization_method":"Glorot normal","weighted_score":0.39126081775814053,"L2RE":1.607191187478625,"_wandb":{"runtime":2},"MSE":0.030286557848519326,"_step":1,"weighted_array":[0.25,0.25,0.25,0.25],"iterations":125,"_timestamp":1.7240454604254415e+09,"activation_function":"sin"}