{"MSE":0.007137533058658403,"MAE":9.03374666537254e+65,"L2RE":0.7802192300068496,"max_APE":1.773106640197396e+69,"_timestamp":1.7235646296029801e+09,"_runtime":402.890843679,"_step":0,"_wandb":{"runtime":403}}