{"_step":0,"_wandb":{"runtime":1},"max_APE":3.0252826674718896e+68,"L2RE":0.615964918818522,"_timestamp":1.7240160968521008e+09,"MSE":0.004448635152957733,"_runtime":1.211507001,"initialization_method":"He normal","MAE":1.4628277223027307e+65,"activation_function":"ELU","iterations":250}