{"_timestamp":1.7242395150557296e+09,"_wandb":{"runtime":4},"weighted_array":[0.25,0.25,0.25,0.25],"_step":1,"L2RE":1.727057147101507,"max_APE":7.793419365381578e+68,"initialization_method":"He normal","_runtime":3.411085674,"activation_function":"Swish","iterations":300,"MAE":5.669995942665947e+65,"MSE":0.034972626448801045,"weighted_score":0.1285172508772952}