{"L2RE":1.0065511211343239,"MAE":8.160192736293755e+64,"_runtime":1.1201807559999999,"initialization_method":"He normal","_timestamp":1.724026728723563e+09,"_wandb":{"runtime":1},"activation_function":"SiLU","iterations":200,"_step":0,"MSE":0.01187918118354853,"max_APE":1.7366236519568604e+68}