{"_timestamp":1.7244024619841905e+09,"_runtime":27.974390585,"_step":0,"MSE":0.012594818805329203,"_wandb":{"runtime":28},"MAE":1.2617994149449704e+66,"L2RE":1.0364265881659818,"max_APE":1.6044365595850858e+69}