{"_timestamp":1.7243494346694865e+09,"_runtime":33.384314006,"_wandb":{"runtime":34},"_step":0,"MSE":0.2755654344241879,"MAE":3.991036138653676e+66,"L2RE":4.8479145265507615,"max_APE":5.106414610320549e+69}