{"_step":0,"MSE":0.014509320574042448,"MAE":1.2101008940864718e+65,"L2RE":1.1124131699822604,"_wandb":{"runtime":42},"max_APE":2.4478242788261957e+68,"_timestamp":1.724165138759487e+09,"_runtime":41.727124597}