{"max_APE":4.990963434711822e+68,"_timestamp":1.7240297621001782e+09,"_runtime":32.877767632,"_step":0,"_wandb":{"runtime":33},"MSE":0.02845394684387141,"MAE":2.401645310533099e+65,"L2RE":1.5578076839167976}