{"max_APE":3.7391171184225726e+68,"_timestamp":1.7242328882606876e+09,"MAE":2.930377721721396e+65,"initialization_method":"He normal","iterations":75,"_runtime":1.231307717,"activation_function":"ReLu","_step":0,"MSE":0.048781966216754576,"L2RE":2.039727890407325,"_wandb":{"runtime":1}}