{"_wandb":{"runtime":1},"max_APE":3.3850370749553335e+68,"iterations":250,"L2RE":1.117290926418479,"_timestamp":1.7240287724521794e+09,"_runtime":1.447092507,"MSE":0.014636841710622467,"_step":0,"MAE":1.4024225083556341e+65,"activation_function":"Mish","initialization_method":"He normal"}