{"_runtime":1.313184588,"iterations":750,"initialization_method":"Glorot normal","max_APE":5.713212836671603e+68,"_timestamp":1.724164999545806e+09,"MSE":0.004344022906577529,"_wandb":{"runtime":1},"MAE":3.937418819113849e+65,"L2RE":0.6086794465937208,"_step":0,"activation_function":"tanh"}