{"_wandb":{"runtime":31},"MSE":0.006535124117642853,"MAE":9.465482640182573e+65,"L2RE":0.7465682286048024,"max_APE":1.2032882393949264e+69,"_timestamp":1.723997404730457e+09,"_runtime":31.000803968,"_step":0}