{"initialization_method":"He normal","iterations":750,"max_APE":1.676597814857002e+68,"_step":0,"L2RE":0.5869011336724019,"MAE":9.061603406535576e+64,"_runtime":1.678311129,"_wandb":{"runtime":2},"activation_function":"Swish","MSE":0.00403872915313149,"_timestamp":1.7240678509242773e+09}