{"_timestamp":1.724233418859509e+09,"_runtime":32.785809755,"_step":0,"MSE":0.004698899420006574,"_wandb":{"runtime":33},"MAE":8.45026374123726e+65,"L2RE":0.6330538557156712,"max_APE":1.4073144002966624e+69}