{"_runtime":30.284341834,"_wandb":{"runtime":30},"_step":0,"MSE":0.1510739753961101,"MAE":1.8950267610751026e+66,"L2RE":3.5895285546835267,"max_APE":2.8908245754530853e+69,"_timestamp":1.7233001491530457e+09}