{"max_APE":8.824809420434895e+68,"_timestamp":1.7239971534619596e+09,"_runtime":33.878825046,"_step":0,"MSE":0.012283384079055,"MAE":4.403782463493019e+65,"_wandb":{"runtime":34},"L2RE":1.0235324111619766}