{"iterations":500,"weighted_array":[0.25,0.25,0.25,0.25],"activation_function":"tanh","MAE":4.2744759125924835e+65,"L2RE":0.8386381182804508,"_wandb":{"runtime":2},"MSE":0.008246393017834665,"max_APE":8.275274617106667e+68,"_timestamp":1.7242395908880363e+09,"weighted_score":0.06607352429952101,"initialization_method":"Glorot normal","_step":1,"_runtime":2.416001334}