{"MAE":2.930377721721396e+65,"L2RE":2.039727890407325,"max_APE":3.7391171184225726e+68,"_timestamp":1.7242331233837495e+09,"_runtime":31.259702965,"_step":0,"_wandb":{"runtime":31},"MSE":0.048781966216754576}