{"L2RE":0.5955896082489649,"max_APE":2.294528498085361e+68,"_wandb":{"runtime":2676},"_timestamp":1.7240244416033359e+09,"_runtime":2676.388178502,"_step":0,"MSE":0.004159192830419869,"MAE":1.0451416816696281e+65}