{"max_APE":1.009408012174822e+69,"_timestamp":1.723996520421456e+09,"_runtime":34.357037419,"_wandb":{"runtime":34},"_step":0,"MSE":0.04531907511459322,"MAE":4.305545952742563e+65,"L2RE":1.9659981407560871}