{"initialization_method":"Glorot normal","max_APE":3.903884489276563e+68,"activation_function":"sin","MSE":0.011827946730609159,"MAE":2.57056457393607e+65,"L2RE":1.004378167441385,"iterations":1,"_timestamp":1.724403342244802e+09,"_wandb":{"runtime":2},"_step":0,"_runtime":2.153961841}