{"MSE":0.037413443533896626,"activation_function":"APTx","L2RE":1.7863083363702963,"_step":0,"iterations":3,"_timestamp":1.72435002810445e+09,"_runtime":1.33340942,"max_APE":3.0644256790733366e+68,"_wandb":{"runtime":2},"initialization_method":"He normal","MAE":1.4218833827512665e+65}