{"_step":0,"_wandb":{"runtime":4459},"L2RE":0.21852651878584867,"max_APE":6.581727266311646e+39,"_timestamp":1.7205128374307833e+09,"MSE":0.00758294706023912,"MAE":1.3020242700689257e+38,"_runtime":4459.429141}