{"L2RE":1.727057147101507,"activation_function":"Swish","iterations":250,"MSE":0.034972626448801045,"MAE":5.669995942665946e+65,"_runtime":1.334236959,"_wandb":{"runtime":2},"max_APE":7.793419365381578e+68,"initialization_method":"He normal","_timestamp":1.7242359906782875e+09,"_step":0}