{"MAE":2.504721075873215e+65,"L2RE":0.6189257762876159,"max_APE":4.429767748933618e+68,"_timestamp":1.7240105865615976e+09,"_wandb":{"runtime":423},"_runtime":423.488800548,"_step":0,"MSE":0.004491505880359346}