{"_wandb":{"runtime":30},"_runtime":30.135363585,"_step":0,"MSE":0.03603899529261361,"MAE":2.5916155076123444e+65,"L2RE":1.7531897435024808,"max_APE":3.6822758664556887e+68,"_timestamp":1.724001109607875e+09}