{"MSE":0.013157416196924603,"_timestamp":1.724028908577243e+09,"max_APE":3.2950488198573567e+68,"_wandb":{"runtime":1},"MAE":1.3245298182028385e+65,"_runtime":1.1919875420000001,"activation_function":"Mish","L2RE":1.0593217517550941,"iterations":400,"_step":0,"initialization_method":"He normal"}