{"weighted_score":0.1285172508772952,"_step":1,"initialization_method":"He normal","L2RE":1.727057147101507,"weighted_array":[0.25,0.25,0.25,0.25],"MAE":5.669995942665947e+65,"_runtime":3.334862219,"_timestamp":1.7242394917761774e+09,"iterations":125,"_wandb":{"runtime":3},"max_APE":7.793419365381578e+68,"MSE":0.034972626448801045,"activation_function":"Swish"}