{"max_APE":2.8707222376775574e+69,"initialization_method":"Glorot normal","_step":0,"iterations":3,"MSE":0.05643943647237961,"_wandb":{"runtime":2},"L2RE":2.1939863343532657,"activation_function":"Sigmoid","_timestamp":1.724345659232959e+09,"_runtime":1.371862887,"MAE":2.2492268105160765e+66}