{"MAE":5.838086488350192e+65,"L2RE":0.7607388489959248,"max_APE":1.0878328610557132e+69,"_timestamp":1.7232369799685347e+09,"_runtime":870.88977318,"_step":0,"_wandb":{"runtime":871},"MSE":0.006785565120974109}