{"_timestamp":1.72427556466391e+09,"_wandb":{"runtime":1},"MSE":0.2755654344241879,"_step":0,"_runtime":1.239948381,"MAE":3.991036138653676e+66,"iterations":7,"max_APE":5.106414610320549e+69,"activation_function":"Softplus","L2RE":4.8479145265507615,"initialization_method":"Glorot normal"}