{"_step":0,"MSE":0.005664654034841614,"MAE":2.257765442708222e+65,"L2RE":0.6950711760920075,"_wandb":{"runtime":30},"max_APE":3.5091362497572187e+68,"_timestamp":1.7239993665276396e+09,"_runtime":30.590923167}