{"_step":0,"MSE":0.0062599055563421395,"MAE":1.026344335179818e+66,"_wandb":{"runtime":424},"L2RE":0.7306787451624153,"max_APE":1.889516173928941e+69,"_timestamp":1.723361239868057e+09,"_runtime":423.377587833}