{"MAE":2.587285981873205e+65,"L2RE":1.7569484436886411,"max_APE":3.6784395191674664e+68,"_timestamp":1.7240015659999743e+09,"_runtime":31.035150838,"_step":0,"MSE":0.036193690454782955,"_wandb":{"runtime":31}}