{"iterations":50,"MSE":0.04315224998964526,"_runtime":1.270245178,"max_APE":4.2531452888096007e+68,"_step":0,"_wandb":{"runtime":1},"L2RE":1.9184227072939741,"activation_function":"APTx","initialization_method":"He normal","MAE":3.049381990466621e+65,"_timestamp":1.72400118958701e+09}