{"L2RE":0.7919937865568825,"max_APE":5.444733939962492e+68,"_timestamp":1.7232376622428403e+09,"_runtime":246.540442343,"_step":0,"_wandb":{"runtime":247},"MSE":0.007354588551116044,"MAE":2.9739413478102004e+65}