{"_runtime":7440.128786969,"_wandb":{"runtime":7440},"_step":0,"MSE":0.0028960004369908386,"MAE":1.355401456535586e+65,"L2RE":0.49698341418779673,"max_APE":1.8316929743197352e+68,"_timestamp":1.7240665742070355e+09}