{"L2RE":1.8888646012216195,"iterations":750,"MSE":0.04183275700077686,"MAE":3.323937066326494e+65,"_wandb":{"runtime":1},"_step":0,"_runtime":1.36191025,"_timestamp":1.7242384190864253e+09,"initialization_method":"Glorot normal","max_APE":4.838784597383686e+68,"activation_function":"APTx"}