{"MAE":1.4218833827512665e+65,"activation_function":"APTx","initialization_method":"Glorot normal","_step":0,"_timestamp":1.7243499015586336e+09,"_wandb":{"runtime":2},"_runtime":1.6711615,"max_APE":3.0644256790733366e+68,"L2RE":1.7863083363702963,"iterations":15,"MSE":0.037413443533896626}