{"max_APE":8.904287794048619e+45,"_timestamp":1.7197743452722852e+09,"_runtime":3511.98288,"_step":0,"_wandb":{"runtime":3512},"MSE":0.0041750019895256275,"MAE":3.854673443853566e+43,"L2RE":0.13696325508572255}