{"initialization_method":"He normal","weighted_array":[0.25,0.25,0.25,0.25],"MAE":1.4283806890215682e+65,"L2RE":0.9796882496955488,"_step":1,"iterations":50,"weighted_score":0.11432408476314178,"max_APE":2.7698574855460837e+68,"MSE":0.011253578140908283,"activation_function":"Swish","_runtime":2.396387797,"_timestamp":1.7240020467864592e+09,"_wandb":{"runtime":3}}