{"MAE":1.2917046479397794e+65,"L2RE":0.605400245164084,"max_APE":2.7330312291251864e+68,"_timestamp":1.7240196016497335e+09,"_runtime":1870.402017929,"_wandb":{"runtime":1870},"_step":0,"MSE":0.004297342984569963}