{"L2RE":0.6115901792663081,"max_APE":3.1681311041906547e+68,"_timestamp":1.7239997077660573e+09,"_runtime":29.730579881,"_step":0,"MSE":0.004385668873950945,"MAE":2.313061498803104e+65,"_wandb":{"runtime":30}}