{"MSE":0.01365966915690695,"_wandb":{"runtime":3},"_runtime":1.647188375,"_timestamp":1.7233019193072333e+09,"max_APE":1.6354506769944027e+69,"iterations":350,"L2RE":1.0793509400021126,"_step":0,"MAE":8.210290050243908e+65,"initialization_method":"He normal","activation_function":"Swish"}