{"initialization_method":"He normal","iterations":125,"max_APE":3.7391171184225726e+68,"L2RE":2.039727890407325,"activation_function":"ReLu","_timestamp":1.724232969442498e+09,"_wandb":{"runtime":2},"MAE":2.930377721721396e+65,"_runtime":1.801965338,"MSE":0.048781966216754576,"_step":0}