{"iterations":100,"L2RE":0.9751627066973224,"initialization_method":"He normal","MSE":0.011149849382598475,"max_APE":2.474922400425978e+68,"MAE":1.1411361835777549e+65,"weighted_score":0.10776887721145409,"_runtime":2.468053802,"_step":1,"weighted_array":[0.25,0.25,0.25,0.25],"_wandb":{"runtime":3},"_timestamp":1.724002057359046e+09,"activation_function":"Swish"}