{"max_APE":2.6941522438986425e+68,"_timestamp":1.7239988342345684e+09,"_runtime":31.825787588,"_step":0,"MSE":0.011054807262293246,"_wandb":{"runtime":32},"MAE":1.2731353323258389e+65,"L2RE":0.9709976332329375}