{"MSE":0.0062599055563421395,"max_APE":1.889516173928941e+69,"activation_function":"Swish","iterations":150,"_timestamp":1.7234439067768815e+09,"_wandb":{"runtime":3},"_step":0,"L2RE":0.7306787451624153,"MAE":1.026344335179818e+66,"_runtime":1.946433302,"initialization_method":"He normal"}