{"MSE":0.04183275700077686,"_wandb":{"runtime":4},"_timestamp":1.7242398164445176e+09,"weighted_array":[0.25,0.25,0.25,0.25],"_step":1,"L2RE":1.8888646012216197,"iterations":100,"initialization_method":"He normal","weighted_score":0.11535394529871053,"_runtime":3.466528258,"MAE":3.3239370663264945e+65,"activation_function":"APTx","max_APE":4.838784597383686e+68}