{"max_APE":7.560922959162272e+68,"_timestamp":1.7223428145596578e+09,"MSE":0.007324687320400874,"MAE":4.0755306769536885e+65,"_runtime":266.542448,"_step":0,"_wandb":{"runtime":267},"L2RE":0.7903821594665966}