{"_timestamp":1.7233026241518097e+09,"_runtime":46.297377716,"_step":0,"MSE":0.038683626043379,"MAE":1.1643593292233264e+66,"L2RE":1.8163777441071336,"max_APE":2.341674389750326e+69,"_wandb":{"runtime":47}}