{"L2RE":0.22558037252507188,"max_APE":5.581092834472657e+39,"_runtime":4930.768104,"_step":0,"_wandb":{"runtime":4931},"_timestamp":1.7205407949976985e+09,"MSE":0.00808039048192897,"MAE":1.0672119748459962e+38}