{"_timestamp":1.7243483122496324e+09,"_wandb":{"runtime":37},"_runtime":35.95128417,"_step":0,"MSE":0.02260332901705805,"MAE":3.005237873851247e+65,"L2RE":1.388445339667925,"max_APE":4.0360149464657366e+68}