{"_step":0,"iterations":5,"L2RE":1.7863083363702963,"max_APE":3.0644256790733366e+68,"MSE":0.037413443533896626,"initialization_method":"Glorot normal","activation_function":"APTx","MAE":1.4218833827512665e+65,"_wandb":{"runtime":1},"_timestamp":1.7243497717144065e+09,"_runtime":1.199644801}