{"_timestamp":1.7240255694801917e+09,"_runtime":34.541122594,"_step":0,"MSE":0.026836090062229482,"MAE":1.159397587903587e+66,"L2RE":1.512872066198369,"max_APE":2.2948247905846423e+69,"_wandb":{"runtime":35}}