{"_step":0,"MSE":0.04542459036239533,"MAE":4.106623542348731e+65,"L2RE":1.9682855018165404,"_wandb":{"runtime":31},"max_APE":1.0168362027373318e+69,"_timestamp":1.7239964366470606e+09,"_runtime":31.556173714}