{"_timestamp":1.7242386054278345e+09,"_wandb":{"runtime":32},"_runtime":31.774507586,"_step":0,"MSE":0.04183275700077686,"MAE":3.323937066326494e+65,"L2RE":1.8888646012216195,"max_APE":4.838784597383686e+68}