{"MAE":1.0460539814122244e+65,"L2RE":1.028469947700095,"iterations":1000,"_timestamp":1.7241780173394148e+09,"MSE":0.012402180405371633,"weighted_score":0.5391233095464891,"weighted_array":[0.25,0.25,0.25,0.25],"initialization_method":"He normal","activation_function":"SiLU","_step":1,"max_APE":1.7919961512977606e+68,"_wandb":{"runtime":3},"_runtime":2.36753059}