{"max_APE":3.064942208207293e+68,"_wandb":{"runtime":1},"_step":0,"L2RE":1.278354085417978,"_timestamp":1.723999754369153e+09,"_runtime":1.353231889,"MAE":1.6466128823632864e+65,"iterations":50,"activation_function":"Mish","initialization_method":"He normal","MSE":0.019160955397316423}