{"_timestamp":1.7243446920890923e+09,"initialization_method":"He normal","MSE":0.0024441153841030226,"MAE":9.193078454494602e+64,"activation_function":"ELU","max_APE":1.387272866541234e+68,"_wandb":{"runtime":1},"_step":0,"_runtime":1.3486093000000001,"iterations":20,"L2RE":0.4565658624643288}