{"_timestamp":1.7241654873203373e+09,"initialization_method":"He normal","MAE":3.482990548665724e+65,"L2RE":1.4571357448580848,"_wandb":{"runtime":2},"MSE":0.024895156251623928,"activation_function":"Mish","max_APE":6.850556438722508e+68,"_step":0,"_runtime":1.274982508,"iterations":250}