{"_runtime":4873.656341,"_step":0,"_wandb":{"runtime":4874},"_timestamp":1.720732525884696e+09,"MSE":0.028772155624801656,"MAE":6.204794591985051e+60,"L2RE":1.1373499562806308,"max_APE":1.576018634009415e+64}