{"max_APE":2.448880892720624e+69,"_wandb":{"runtime":2},"iterations":500,"activation_function":"Mish","_timestamp":1.7233027267793274e+09,"initialization_method":"He normal","_runtime":1.409991097,"_step":0,"MAE":1.2193500016491988e+66,"L2RE":1.8175893341331604,"MSE":0.03873525002655009}