{"_wandb":{"runtime":96},"_step":0,"MSE":0.006267051452895044,"MAE":4.271565264036752e+65,"L2RE":0.7310956736160827,"max_APE":7.696800625081774e+68,"_timestamp":1.7232356393080635e+09,"_runtime":95.851153254}