{"iterations":1000,"weighted_score":0.11985322990243925,"MAE":2.930377721721396e+65,"_step":1,"max_APE":3.7391171184225726e+68,"_timestamp":1.7242392068436189e+09,"_wandb":{"runtime":3},"_runtime":3.410938087,"activation_function":"ReLu","L2RE":2.039727890407325,"MSE":0.048781966216754576,"weighted_array":[0.25,0.25,0.25,0.25],"initialization_method":"He normal"}