{"_timestamp":1.724068194346839e+09,"_runtime":47.281816177,"_step":0,"_wandb":{"runtime":47},"MSE":0.0028891053777470557,"MAE":2.4614970123796206e+65,"L2RE":0.4963914301295399,"max_APE":5.177538909630956e+68}