{"max_APE":4.838784597383686e+68,"initialization_method":"He normal","iterations":75,"_runtime":1.328665292,"activation_function":"APTx","_timestamp":1.724238570651926e+09,"MSE":0.04183275700077686,"L2RE":1.8888646012216195,"_step":0,"MAE":3.323937066326494e+65,"_wandb":{"runtime":2}}