{"MSE":0.04270725067587338,"MAE":4.155014334974775e+65,"iterations":75,"_timestamp":1.7242323258722627e+09,"_runtime":1.223493888,"_step":0,"_wandb":{"runtime":1},"L2RE":1.9085053900455407,"activation_function":"GELU","initialization_method":"He normal","max_APE":5.647375368954981e+68}