{"MSE":0.0026190366969898876,"max_APE":5.571361955316037e+67,"iterations":1,"initialization_method":"He normal","L2RE":0.4726213926534318,"_step":0,"activation_function":"ELU","_runtime":1.600749719,"MAE":2.9635782267582426e+64,"_timestamp":1.7243569152532542e+09,"_wandb":{"runtime":2}}