{"_wandb":{"runtime":4},"L2RE":1.7863083363702963,"_timestamp":1.724352788188777e+09,"max_APE":3.0644256790733366e+68,"_step":1,"MAE":1.4218833827512663e+65,"weighted_array":[0.25,0.25,0.25,0.25],"_runtime":3.89910067,"activation_function":"APTx","MSE":0.037413443533896626,"weighted_score":0.1193740535222172,"initialization_method":"He normal","iterations":7}