{"_timestamp":1.723301458988893e+09,"_runtime":32.523184343,"_step":0,"_wandb":{"runtime":32},"MSE":0.020844477462834334,"MAE":6.101575190594013e+65,"L2RE":1.3333313482382083,"max_APE":1.259340191462101e+69}