{"L2RE":0.9917089063616873,"max_APE":4.049196607277958e+68,"_timestamp":1.7241655873566573e+09,"_runtime":45.167168054,"_step":0,"MSE":0.011531432459474574,"MAE":1.8785646993794806e+65,"_wandb":{"runtime":45}}