{"L2RE":0.8742440534208558,"max_APE":3.2824182590266395e+68,"_timestamp":1.7241656530862937e+09,"iterations":1000,"MSE":0.008961489625810356,"activation_function":"Mish","_wandb":{"runtime":1},"_runtime":1.258197251,"_step":0,"MAE":1.478637613987738e+65,"initialization_method":"He normal"}