{"_step":0,"L2RE":1.0665773385118973,"_wandb":{"runtime":2},"MAE":1.7675667983552532e+65,"MSE":0.01333827098789882,"max_APE":3.004388318357629e+68,"_timestamp":1.723235708351132e+09,"_runtime":1.567160675}