{"L2RE":1.7515420465224287,"max_APE":3.6427380015464604e+68,"_timestamp":1.724001641793395e+09,"_runtime":29.954618554,"_step":0,"MSE":0.035971286204307465,"_wandb":{"runtime":30},"MAE":2.610300801149146e+65}