{"_timestamp":1.7240864639063172e+09,"_runtime":34.815375925,"_wandb":{"runtime":35},"_step":0,"MSE":0.031609072126199164,"MAE":2.727075565462137e+65,"L2RE":1.6419066335400638,"max_APE":6.35973784744584e+68}