{"_wandb":{"runtime":2},"L2RE":1.7863083363702963,"_timestamp":1.7242759825903335e+09,"MAE":1.4218833827512665e+65,"initialization_method":"Glorot normal","max_APE":3.0644256790733366e+68,"activation_function":"APTx","_runtime":1.325728797,"MSE":0.037413443533896626,"iterations":20,"_step":0}