{"_wandb":{"runtime":32},"L2RE":1.2158342603954233,"max_APE":9.054034475472478e+68,"_timestamp":1.724346493085203e+09,"_runtime":32.062366967,"_step":0,"MSE":0.017332594889706704,"MAE":4.630936975108508e+65}