{"_wandb":{"runtime":32},"L2RE":0.7946681067264795,"max_APE":1.2781315484698188e+69,"_timestamp":1.7239975702808783e+09,"_runtime":32.297288294,"_step":0,"MSE":0.007404340789388383,"MAE":1.0038635072228897e+66}