{"_timestamp":1.7196889950763953e+09,"MSE":0.005007912233215042,"_runtime":38.034326,"_step":0,"_wandb":{"runtime":38},"MAE":9.744955663271284e+42,"L2RE":0.15000442828282048,"max_APE":2.251081681633743e+45}