{"L2RE":0.7802192300068496,"_runtime":1.689379464,"max_APE":1.773106640197396e+69,"_step":0,"iterations":59,"initialization_method":"He normal","MSE":0.007137533058658403,"MAE":9.03374666537254e+65,"_wandb":{"runtime":2},"activation_function":"Swish","_timestamp":1.723568336084673e+09}