{"MAE":2.288606660963791e+65,"MSE":0.03601653556785414,"weighted_score":0.12553049134948485,"L2RE":1.7526433590160473,"_timestamp":1.724351299209081e+09,"_runtime":3.470394462,"weighted_array":[0.25,0.25,0.25,0.25],"iterations":7,"_step":1,"max_APE":3.8184107801525346e+68,"initialization_method":"He normal","_wandb":{"runtime":4},"activation_function":"GELU"}