{"L2RE":0.9521756519656691,"max_APE":1.6272579284132717e+68,"_timestamp":1.724026931382595e+09,"_runtime":34.220775294,"_step":0,"MSE":0.01063038457881953,"_wandb":{"runtime":34},"MAE":6.744688231527158e+64}