{"_wandb":{"runtime":33},"max_APE":2.2694617188159286e+69,"_timestamp":1.723303203685295e+09,"_runtime":33.205231262,"_step":0,"MSE":0.08479058951231262,"MAE":1.1853644717611464e+66,"L2RE":2.689158566024318}