{"L2RE":1.7652194661729528,"max_APE":5.030561968069199e+68,"_timestamp":1.723995815463165e+09,"_runtime":33.870916135,"_step":0,"_wandb":{"runtime":34},"MSE":0.03653526389189707,"MAE":2.957723600201769e+65}