{"_wandb":{"runtime":37},"L2RE":2.6526886696524863,"max_APE":2.4505831341395093e+69,"_timestamp":1.7240293049736621e+09,"_runtime":36.82470317,"_step":0,"MSE":0.08250635428010906,"MAE":1.5817620246221434e+66}