{"max_APE":2.157374354459622e+69,"_timestamp":1.7233007628870103e+09,"_runtime":30.66513284,"_wandb":{"runtime":30},"_step":0,"MSE":0.021921152163343983,"MAE":1.6677184831547277e+66,"L2RE":1.367332926494829}