{"MAE":5.838086488350192e+65,"MSE":0.006785565120974109,"max_APE":1.0878328610557132e+69,"_timestamp":1.723237412505191e+09,"_runtime":1.304535547,"_step":0,"_wandb":{"runtime":2},"L2RE":0.7607388489959248}