{"L2RE":1.508431995628699,"weighted_score":0.22950545318164106,"_runtime":2.38373521,"_wandb":{"runtime":2},"_step":1,"MAE":1.9569830492651728e+65,"iterations":75,"weighted_array":[0.25,0.25,0.25,0.25],"MSE":0.02667880077665708,"max_APE":4.1749158668963205e+68,"initialization_method":"He normal","_timestamp":1.7240451828602772e+09,"activation_function":"GELU"}