{"MSE":0.005854459028007898,"MAE":1.1624469430239274e+66,"_wandb":{"runtime":1027},"L2RE":0.7066200712603514,"max_APE":2.442778528054577e+69,"_timestamp":1.7232954143814976e+09,"_runtime":1026.285610545,"_step":0}