{"_step":0,"MSE":0.011463076913353354,"_wandb":{"runtime":31},"MAE":1.2906536453587044e+65,"L2RE":0.9887652321089153,"max_APE":2.145085333266889e+68,"_timestamp":1.7241775666637607e+09,"_runtime":31.070115382}