{"L2RE":1.01458879601633,"max_APE":1.783084668017504e+68,"_timestamp":1.724026683471929e+09,"_runtime":35.556720138,"_wandb":{"runtime":36},"_step":0,"MSE":0.012069657790956489,"MAE":8.349310206102946e+64}