{"_wandb":{"runtime":37},"_timestamp":1.7240257042569385e+09,"_runtime":35.791971337,"_step":0,"MSE":0.0229884647040029,"MAE":1.076103989796818e+66,"L2RE":1.4002241623216682,"max_APE":2.1225421241895156e+69}