{"_timestamp":1.7240284014437406e+09,"_runtime":32.12941721,"_step":0,"MSE":0.022543283919808584,"MAE":3.3745059945343174e+65,"L2RE":1.386599930610928,"_wandb":{"runtime":32},"max_APE":7.894747197405259e+68}