{"MSE":0.01063038457881953,"_timestamp":1.7240279316574495e+09,"_step":0,"initialization_method":"He normal","_wandb":{"runtime":1},"activation_function":"Swish","iterations":500,"MAE":6.744688231527158e+64,"_runtime":1.193067923,"L2RE":0.9521756519656691,"max_APE":1.6272579284132717e+68}