{"weighted_score":0.10165950765117392,"iterations":25,"weighted_array":[0.25,0.25,0.25,0.25],"MSE":0.02800449083686678,"_runtime":2.443309382,"L2RE":1.5454552144942943,"_timestamp":1.7242396058283489e+09,"max_APE":6.023976963880395e+68,"_wandb":{"runtime":3},"MAE":4.364009488496405e+65,"activation_function":"Mish","_step":1,"initialization_method":"He normal"}