{"L2RE":1.4895350637187834,"max_APE":1.2511066865631496e+68,"_timestamp":1.7244021268065264e+09,"_runtime":31.654039388,"_step":0,"MSE":0.02601454859822507,"_wandb":{"runtime":31},"MAE":8.80348983421692e+64}