{"_step":0,"MSE":0.01365966915690695,"MAE":8.210290050243908e+65,"L2RE":1.0793509400021126,"_wandb":{"runtime":30},"max_APE":1.6354506769944027e+69,"_timestamp":1.723301102509414e+09,"_runtime":30.433485387}