{"_step":0,"_wandb":{"runtime":37},"MSE":0.014931330348806173,"MAE":4.840722098804853e+65,"L2RE":1.1284747234425867,"max_APE":1.009132733327972e+69,"_timestamp":1.7239970706385055e+09,"_runtime":37.010605841}