{"initialization_method":"He normal","_wandb":{"runtime":2},"MAE":2.930377721721396e+65,"_timestamp":1.7242330871887221e+09,"_runtime":1.187674421,"MSE":0.048781966216754576,"max_APE":3.7391171184225726e+68,"iterations":200,"L2RE":2.039727890407325,"activation_function":"ReLu","_step":0}