{"_timestamp":1.724189974653391e+09,"_runtime":33.667560549,"_step":0,"_wandb":{"runtime":34},"MSE":0.011920356147572666,"MAE":1.1692380188800065e+65,"L2RE":1.0082940381892684,"max_APE":1.962376539860051e+68}