{"_timestamp":1.7242743261196544e+09,"MSE":0.017332594889706704,"_step":0,"L2RE":1.2158342603954233,"initialization_method":"Glorot normal","iterations":5,"_runtime":1.1722830850000001,"max_APE":9.054034475472478e+68,"activation_function":"sin","_wandb":{"runtime":2},"MAE":4.630936975108508e+65}