{"_timestamp":1.7242379991464376e+09,"max_APE":4.838784597383686e+68,"iterations":50,"_step":0,"_runtime":1.273705458,"MSE":0.04183275700077686,"_wandb":{"runtime":1},"activation_function":"APTx","initialization_method":"Glorot normal","MAE":3.323937066326494e+65,"L2RE":1.8888646012216195}