{"_runtime":357.839941217,"_step":0,"MSE":0.0026190366969898876,"_wandb":{"runtime":358},"MAE":2.9635782267582426e+64,"L2RE":0.4726213926534318,"max_APE":5.571361955316037e+67,"_timestamp":1.7243569097802372e+09}