{"L2RE":2.1455596481599875,"max_APE":2.435535189847487e+69,"_wandb":{"runtime":37},"_timestamp":1.7240668687089088e+09,"_runtime":37.3589433,"_step":0,"MSE":0.05397541845780913,"MAE":1.4401767824992492e+66}