{"_wandb":{"runtime":3},"_step":0,"initialization_method":"Glorot normal","MAE":1.588435301822415e+66,"_runtime":1.640789388,"iterations":200,"activation_function":"Softplus","MSE":0.08402601331452943,"max_APE":2.4698468238251023e+69,"L2RE":2.6770067301566525,"_timestamp":1.7240292639614096e+09}