{"_wandb":{"runtime":1},"L2RE":2.839570773823428,"max_APE":2.6850065600727405e+69,"initialization_method":"Glorot normal","_runtime":1.134641423,"_timestamp":1.723303372487284e+09,"activation_function":"APTx","iterations":400,"_step":0,"MSE":0.09454100782023618,"MAE":1.3828224576635653e+66}