{"_timestamp":1.7240677023197618e+09,"_wandb":{"runtime":38},"_runtime":37.758394755,"_step":0,"MSE":0.008698913485385448,"MAE":4.155151454136595e+65,"L2RE":0.8613409392011702,"max_APE":7.225749102145391e+68}