{"_wandb":{"runtime":32},"MSE":0.003276420860117474,"MAE":3.852947916391969e+65,"L2RE":0.528618581417117,"max_APE":6.782811134723052e+68,"_timestamp":1.724346846510763e+09,"_runtime":32.261294297,"_step":0}