{"activation_function":"Swish","iterations":750,"weighted_score":0.2526211279975711,"L2RE":0.9857395017797876,"max_APE":1.937616526023127e+68,"_wandb":{"runtime":3},"_timestamp":1.724165726309335e+09,"weighted_array":[0.25,0.25,0.25,0.25],"initialization_method":"He normal","MSE":0.011393027705197949,"_runtime":3.358908716,"MAE":9.827317995660556e+64,"_step":1}