{"weighted_score":0.3116390780089655,"weighted_array":[0.25,0.25,0.25,0.25],"MAE":2.583351440282581e+65,"initialization_method":"Glorot normal","_timestamp":1.7240457175452864e+09,"_step":1,"MSE":0.03625165522765712,"_wandb":{"runtime":2},"L2RE":1.7583547713356078,"_runtime":2.297028889,"activation_function":"APTx","max_APE":5.476438796463018e+68,"iterations":50}