{"activation_function":"APTx","iterations":75,"_step":0,"MAE":2.928986788344838e+65,"L2RE":1.8505833060466959,"_timestamp":1.7240007709559286e+09,"_runtime":1.253525762,"initialization_method":"Glorot normal","max_APE":4.1926374934233344e+68,"MSE":0.04015430493468841,"_wandb":{"runtime":1}}