{"_step":0,"MSE":0.005794060715793726,"MAE":2.0217817135255877e+65,"L2RE":0.7029656510999447,"max_APE":4.583647336389177e+68,"_timestamp":1.7240686840985894e+09,"_wandb":{"runtime":36},"_runtime":35.820329793}