{"_step":0,"MSE":0.028706677585238885,"MAE":3.7534455205968654e+65,"L2RE":1.5647106896851668,"max_APE":5.742498411703507e+68,"_timestamp":1.7239985568634045e+09,"_wandb":{"runtime":35},"_runtime":34.731504001}