{"initialization_method":"He normal","MSE":0.034972626448801045,"max_APE":7.793419365381578e+68,"L2RE":1.727057147101507,"activation_function":"Swish","_timestamp":1.7242395196252818e+09,"_step":1,"_wandb":{"runtime":3},"MAE":5.669995942665947e+65,"_runtime":3.341944176,"weighted_score":0.1285172508772952,"weighted_array":[0.25,0.25,0.25,0.25],"iterations":400}