{"MSE":0.071821400529993,"MAE":1.1433618963595726e+66,"L2RE":2.474967603834981,"max_APE":2.2740497447874106e+69,"_timestamp":1.7232998090656216e+09,"_wandb":{"runtime":31},"_runtime":30.975359093,"_step":0}