{"_wandb":{"runtime":1},"activation_function":"SELU","_step":0,"_runtime":1.135794,"iterations":1000,"L2RE":0.6330538557156712,"initialization_method":"Glorot normal","MSE":0.004698899420006574,"_timestamp":1.7242339191392958e+09,"max_APE":1.4073144002966624e+69,"MAE":8.45026374123726e+65}