{"_wandb":{"runtime":1},"initialization_method":"Glorot normal","MAE":1.2975599717449364e+66,"max_APE":2.50060023637232e+69,"_timestamp":1.7233032889592345e+09,"iterations":300,"L2RE":2.8109184964425986,"_runtime":1.322436676,"MSE":0.09264272886112812,"activation_function":"APTx","_step":0}