{"MSE":0.01780623199323597,"_wandb":{"runtime":34},"MAE":1.5035032760970944e+65,"L2RE":1.232334472882373,"max_APE":2.190692246035164e+68,"_timestamp":1.7241901401700494e+09,"_runtime":34.130821458,"_step":0}