{"MSE":0.04581109894857657,"initialization_method":"He normal","max_APE":6.964396883979389e+68,"_runtime":1.480238554,"activation_function":"ReLu","MAE":4.849014810141398e+65,"_step":0,"L2RE":1.9766416345028766,"iterations":3,"_wandb":{"runtime":2},"_timestamp":1.72427308680711e+09}