{"activation_function":"Mish","MAE":4.364009488496405e+65,"initialization_method":"He normal","MSE":0.02800449083686678,"L2RE":1.5454552144942943,"_timestamp":1.7242369584728315e+09,"_wandb":{"runtime":2},"_runtime":1.433285587,"iterations":125,"_step":0,"max_APE":6.023976963880395e+68}