{"L2RE":0.7637428991621802,"MSE":0.00683926140630352,"max_APE":1.719015871975841e+69,"iterations":100,"_runtime":1.438834424,"_wandb":{"runtime":2},"_step":0,"initialization_method":"He normal","activation_function":"Swish","_timestamp":1.7235684313016407e+09,"MAE":8.888922101932044e+65}