{"L2RE":1.695750805250112,"MSE":0.033716221356176475,"activation_function":"APTx","_timestamp":1.7240296029518838e+09,"iterations":100,"_wandb":{"runtime":1},"initialization_method":"Glorot normal","MAE":2.563928930918196e+65,"max_APE":5.510414822075513e+68,"_runtime":1.148750836,"_step":0}