{"MSE":0.031150656164443888,"MAE":2.4805261380972925e+65,"L2RE":1.6299571348476964,"_wandb":{"runtime":33},"max_APE":3.9667217497138015e+68,"_timestamp":1.7239960612404883e+09,"_runtime":33.391796929,"_step":0}