{"_timestamp":1.7196892113926592e+09,"_runtime":35.701397,"_step":0,"_wandb":{"runtime":36},"MSE":0.005007912233215042,"MAE":9.744955663271284e+42,"L2RE":0.15000442828282048,"max_APE":2.251081681633743e+45}