{"max_APE":3.9667217497138015e+68,"_step":0,"_wandb":{"runtime":1},"activation_function":"GELU","L2RE":1.6299571348476964,"_runtime":1.200403333,"_timestamp":1.723996065100538e+09,"initialization_method":"He normal","iterations":200,"MSE":0.031150656164443888,"MAE":2.4805261380972925e+65}