{"L2RE":1.1561879894496223,"max_APE":1.137570413925212e+69,"_timestamp":1.72423553998465e+09,"_runtime":30.928056917,"_wandb":{"runtime":31},"_step":0,"MSE":0.015673707568259598,"MAE":5.432439844354207e+65}