{"max_APE":5.293780334143051e+68,"iterations":15,"_timestamp":1.7242741616814623e+09,"_step":0,"activation_function":"SiLU","MSE":0.02444910359824417,"initialization_method":"He normal","L2RE":1.4440228122359777,"_wandb":{"runtime":1},"MAE":3.9320035438791094e+65,"_runtime":1.226226843}