{"L2RE":1.350915400405834,"initialization_method":"He normal","_step":0,"_wandb":{"runtime":2},"MSE":0.02139789922358343,"_runtime":1.222229301,"max_APE":3.3600413353883135e+68,"activation_function":"GELU","_timestamp":1.724024785569884e+09,"MAE":1.6821245902051779e+65,"iterations":250}