{"iterations":200,"_timestamp":1.724237673276406e+09,"MAE":4.780666084904372e+66,"_runtime":1.324649918,"L2RE":5.926590282741275,"initialization_method":"Glorot normal","activation_function":"Softplus","_step":0,"max_APE":6.197633245284772e+69,"_wandb":{"runtime":1},"MSE":0.4118363173112845}