{"L2RE":1.5917928324392245,"max_APE":5.098143230007739e+68,"_wandb":{"runtime":33},"_timestamp":1.7240297219743683e+09,"_runtime":33.144150627,"_step":0,"MSE":0.029708992363625383,"MAE":2.444657559487873e+65}