{"_timestamp":1.7241653830713341e+09,"_runtime":40.625135168,"_step":0,"MSE":0.011393027705197949,"MAE":9.827317995660555e+64,"L2RE":0.9857395017797875,"max_APE":1.9376165260231273e+68,"_wandb":{"runtime":41}}