{"MSE":0.016150876720304446,"MAE":1.1364763230131538e+64,"L2RE":1.1736554906308545,"max_APE":2.6636746948523145e+67,"_timestamp":1.724358113280258e+09,"_runtime":34.179401052,"_step":0,"_wandb":{"runtime":34}}