{"MSE":0.037413443533896626,"initialization_method":"He normal","activation_function":"APTx","MAE":1.4218833827512665e+65,"_wandb":{"runtime":2},"L2RE":1.7863083363702963,"max_APE":3.0644256790733366e+68,"_timestamp":1.7243501129196396e+09,"_step":0,"_runtime":1.439569292,"iterations":7}