{"MAE":9.575344472577233e+65,"_wandb":{"runtime":34},"L2RE":0.7567916672347585,"max_APE":1.2183881077442468e+69,"_timestamp":1.7239974880352542e+09,"_runtime":33.978238548,"_step":0,"MSE":0.006715332416700773}