{"_step":1,"L2RE":2.542242927363662,"_runtime":2.347769296,"iterations":100,"weighted_score":0.7936857209178604,"MSE":0.07577901014671438,"MAE":1.6922003979967056e+66,"_timestamp":1.7240022245298545e+09,"weighted_array":[0.25,0.25,0.25,0.25],"activation_function":"Softplus","_wandb":{"runtime":2},"initialization_method":"Glorot normal","max_APE":2.2942979579823972e+69}