{"initialization_method":"He normal","L2RE":0.7964404767558876,"_timestamp":1.72344241249114e+09,"max_APE":1.8367912931154196e+69,"activation_function":"SiLU","MAE":9.617310420311646e+65,"_runtime":1.196683013,"_step":0,"iterations":100,"MSE":0.007437405829102103,"_wandb":{"runtime":1}}