{"_timestamp":1.7243454465524917e+09,"_wandb":{"runtime":35},"_runtime":34.304794219,"_step":0,"MSE":0.005703334985156818,"MAE":5.460457514207681e+65,"L2RE":0.6974402768245905,"max_APE":8.095193716508313e+68}