{"MSE":0.03196848059708579,"MAE":5.014670688923578e+65,"L2RE":1.651214833969956,"max_APE":1.235973552246311e+69,"_timestamp":1.7240271337702658e+09,"_runtime":33.367237346,"_wandb":{"runtime":33},"_step":0}