{"max_APE":2.5126704783288527e+69,"MAE":1.6133564782860546e+66,"L2RE":2.7166598160698903,"MSE":0.0865337152603697,"_step":0,"_wandb":{"runtime":1},"initialization_method":"Glorot normal","iterations":50,"activation_function":"Softplus","_timestamp":1.724028997055903e+09,"_runtime":1.180895958}