{"_timestamp":1.7242739955884557e+09,"_step":0,"iterations":3,"MAE":3.9320035438791094e+65,"max_APE":5.293780334143051e+68,"activation_function":"SiLU","initialization_method":"He normal","MSE":0.02444910359824417,"L2RE":1.4440228122359777,"_wandb":{"runtime":2},"_runtime":1.191142002}