{"weighted_score":0.06607352429952101,"MSE":0.008246393017834665,"iterations":1000,"MAE":4.2744759125924835e+65,"activation_function":"tanh","_wandb":{"runtime":3},"_runtime":2.396400964,"L2RE":0.8386381182804508,"_timestamp":1.7242396011338153e+09,"_step":1,"initialization_method":"Glorot normal","weighted_array":[0.25,0.25,0.25,0.25],"max_APE":8.275274617106667e+68}