{"_wandb":{"runtime":2},"MAE":2.4614970123796206e+65,"activation_function":"Mish","_timestamp":1.72406820055535e+09,"iterations":500,"MSE":0.0028891053777470557,"L2RE":0.4963914301295399,"initialization_method":"He normal","_runtime":2.036171389,"max_APE":5.177538909630956e+68,"_step":0}