{"_timestamp":1.724235061550913e+09,"_runtime":31.985923584,"_step":0,"MSE":0.034972626448801045,"MAE":5.669995942665946e+65,"L2RE":1.727057147101507,"_wandb":{"runtime":32},"max_APE":7.793419365381578e+68}