{"_timestamp":1.723235703769299e+09,"_runtime":54.818093089,"_step":0,"_wandb":{"runtime":55},"MSE":0.01333827098789882,"MAE":1.7675667983552532e+65,"L2RE":1.0665773385118973,"max_APE":3.004388318357629e+68}