{"_runtime":32.580134094,"_step":0,"_wandb":{"runtime":33},"MSE":0.07215658982341676,"MAE":1.671644841105626e+66,"L2RE":2.4807361977093523,"max_APE":2.2775914264397656e+69,"_timestamp":1.72400040760986e+09}