{"activation_function":"Mish","_timestamp":1.7241778781494014e+09,"max_APE":2.302120866280737e+68,"initialization_method":"He normal","L2RE":1.2165674912590942,"MAE":1.5835353443930094e+65,"_wandb":{"runtime":1},"MSE":0.017353506663735047,"_step":0,"_runtime":1.198115845,"iterations":500}