{"max_APE":3.8281546752129725e+69,"initialization_method":"Glorot normal","iterations":200,"activation_function":"Sigmoid","_timestamp":1.7242393073469753e+09,"weighted_array":[0.25,0.25,0.25,0.25],"L2RE":3.1215600743783565,"_wandb":{"runtime":4},"_runtime":3.428985758,"_step":1,"weighted_score":0.4967184858379994,"MSE":0.11425053099184893,"MAE":2.9982241196633376e+66}