{"_runtime":37.791833797,"_step":0,"_wandb":{"runtime":38},"MSE":0.012157236930018613,"MAE":1.2894570955190219e+65,"L2RE":1.0182631423635544,"max_APE":3.2563714979081774e+68,"_timestamp":1.7240289494264517e+09}