{"L2RE":1.5454552144942943,"MSE":0.02800449083686678,"initialization_method":"He normal","weighted_array":[0.25,0.25,0.25,0.25],"_timestamp":1.7242306594512715e+09,"_step":1,"iterations":25,"_runtime":4.85975738,"max_APE":6.023976963880395e+68,"_wandb":{"runtime":5},"MAE":4.364009488496405e+65,"activation_function":"Mish","weighted_score":0.9999999989968891}