{"max_APE":8.275274617106667e+68,"MSE":0.008246393017834665,"_runtime":1.2814316319999999,"activation_function":"tanh","_timestamp":1.7242365142758794e+09,"L2RE":0.8386381182804508,"MAE":4.274475912592483e+65,"iterations":200,"_wandb":{"runtime":1},"initialization_method":"Glorot normal","_step":0}