{"max_APE":9.531669372357657e+68,"_wandb":{"runtime":32},"_timestamp":1.7240280856677454e+09,"_runtime":32.128757884,"_step":0,"MSE":0.02100212573641124,"MAE":4.250852093691816e+65,"L2RE":1.3383638909563471}