{"max_APE":5.293780334143051e+68,"_timestamp":1.7243466253338025e+09,"_runtime":35.559774209,"_step":0,"_wandb":{"runtime":36},"MSE":0.02444910359824417,"MAE":3.9320035438791094e+65,"L2RE":1.4440228122359777}