{"MAE":8.349310206102946e+64,"L2RE":1.01458879601633,"initialization_method":"He normal","iterations":175,"_runtime":1.196946461,"_timestamp":1.7240276819198983e+09,"activation_function":"Swish","MSE":0.012069657790956489,"_wandb":{"runtime":1},"max_APE":1.783084668017504e+68,"_step":0}