{"MSE":0.013555906335847892,"_wandb":{"runtime":1},"_runtime":1.30523221,"activation_function":"SiLU","MAE":9.494350235477157e+64,"L2RE":1.0752435930987398,"iterations":50,"initialization_method":"He normal","max_APE":1.998948090477688e+68,"_step":0,"_timestamp":1.7240264798006263e+09}