{"initialization_method":"Glorot normal","_runtime":1.164369628,"activation_function":"tanh","max_APE":3.0636614599845934e+69,"MSE":0.023066551465559658,"MAE":2.1423382774382096e+66,"L2RE":1.4026002731003882,"iterations":200,"_timestamp":1.7233624175536015e+09,"_step":0,"_wandb":{"runtime":1}}