{"_timestamp":1.724275068477602e+09,"_runtime":29.750928554,"_step":0,"_wandb":{"runtime":29},"MSE":0.003276420860117474,"MAE":3.852947916391969e+65,"L2RE":0.528618581417117,"max_APE":6.782811134723052e+68}