{"_timestamp":1.7240285885582352e+09,"MSE":0.01693674671075621,"_runtime":1.201397005,"max_APE":3.69645669254803e+68,"_step":0,"iterations":125,"MAE":1.52159936442111e+65,"_wandb":{"runtime":4},"activation_function":"Mish","initialization_method":"He normal","L2RE":1.201870235941294}