{"L2RE":1.1666098400069707,"max_APE":3.4927181475407005e+68,"_timestamp":1.7240286759901524e+09,"_wandb":{"runtime":38},"_runtime":37.817777087,"_step":0,"MSE":0.015957545926019483,"MAE":1.464156106337233e+65}