{"_runtime":869.619998131,"_wandb":{"runtime":870},"_step":0,"MSE":0.006677372775863567,"MAE":8.474246798336411e+65,"L2RE":0.7546496845186692,"max_APE":1.6291092989784438e+69,"_timestamp":1.7235693042326508e+09}