{"MSE":0.01147006038351851,"MAE":1.5871114741853595e+64,"L2RE":0.9890663712015482,"max_APE":2.8329032302244797e+67,"_wandb":{"runtime":31},"_timestamp":1.7243575524370232e+09,"_runtime":31.436878542,"_step":0}