{"_wandb":{"runtime":33},"MSE":0.02031332540809741,"MAE":4.992229689601334e+65,"L2RE":1.3162339746181917,"max_APE":1.0632969137610852e+69,"_timestamp":1.7240280063214679e+09,"_runtime":32.733679972,"_step":0}