{"L2RE":1.7515420465224287,"max_APE":3.6427380015464604e+68,"_timestamp":1.7240011471523445e+09,"_wandb":{"runtime":31},"_runtime":30.669032714,"_step":0,"MSE":0.035971286204307465,"MAE":2.610300801149146e+65}