{"MAE":9.236753257466078e+65,"L2RE":0.7865474963769545,"max_APE":1.8150389091222062e+69,"_timestamp":1.7233602683786833e+09,"_wandb":{"runtime":185},"_runtime":184.99260505,"_step":0,"MSE":0.007253785992952843}