{"max_APE":4.835274978497783e+68,"_timestamp":1.724029801420266e+09,"_runtime":32.699633636,"_wandb":{"runtime":33},"_step":0,"MSE":0.02601511097758037,"MAE":2.314621496345815e+65,"L2RE":1.4895511639259134}