{"_step":0,"MSE":0.01868700669972946,"_wandb":{"runtime":35},"MAE":1.3582820404427138e+66,"L2RE":1.2624449644784184,"max_APE":2.209585959866015e+69,"_timestamp":1.7235681572107692e+09,"_runtime":35.181225506}