{"_wandb":{"runtime":2},"initialization_method":"Glorot normal","max_APE":5.106414610320549e+69,"_runtime":1.704635881,"MAE":3.991036138653676e+66,"iterations":3,"MSE":0.2755654344241879,"_timestamp":1.724275474056297e+09,"L2RE":4.8479145265507615,"activation_function":"Softplus","_step":0}