{"MAE":1.1018786234122481e+65,"L2RE":0.9766350141581781,"_wandb":{"runtime":33},"max_APE":2.3783165394615346e+68,"_timestamp":1.7239979286414397e+09,"_runtime":32.653695293,"_step":0,"MSE":0.01118354303971053}