{"_step":0,"MSE":0.07445869753072704,"_wandb":{"runtime":31},"MAE":1.1892175482460092e+66,"L2RE":2.519998610258449,"max_APE":2.3669528646215095e+69,"_timestamp":1.7232998472282841e+09,"_runtime":30.820902583}