{"L2RE":0.9597826277875087,"MAE":3.1693362897488556e+65,"activation_function":"sin","iterations":500,"MSE":0.010800916340994955,"max_APE":6.366295462723915e+68,"initialization_method":"Glorot normal","_wandb":{"runtime":2},"_timestamp":1.7240676113951654e+09,"_step":0,"_runtime":1.487625546}