{"_step":0,"_wandb":{"runtime":34},"MSE":0.03625165522765712,"MAE":2.583351440282581e+65,"L2RE":1.7583547713356078,"max_APE":5.476438796463018e+68,"_timestamp":1.7240300030674782e+09,"_runtime":34.230240299}