{"_step":1,"_timestamp":1.7240021498794243e+09,"L2RE":0.6201008340396951,"iterations":400,"activation_function":"tanh","max_APE":2.9840471028041403e+68,"MAE":2.262545807873471e+65,"_wandb":{"runtime":2},"_runtime":2.296725636,"weighted_score":0.07137297082374189,"MSE":0.004508576711961372,"initialization_method":"Glorot normal","weighted_array":[0.25,0.25,0.25,0.25]}