{"L2RE":0.3586606291712031,"max_APE":3.6298128962516786e+39,"_timestamp":1.7202943822060432e+09,"MSE":0.020426649708943735,"MAE":8.61650583580225e+37,"_runtime":5870.060501,"_step":0,"_wandb":{"runtime":5870}}