{"_timestamp":1.7240252345569022e+09,"_runtime":32.712555717,"_step":0,"_wandb":{"runtime":33},"MSE":0.04565159392968801,"MAE":8.66982227610006e+65,"L2RE":1.9731974999331388,"max_APE":1.78486981168453e+69}