{"MAE":1.2906536453587044e+65,"_timestamp":1.724177570337669e+09,"_wandb":{"runtime":1},"L2RE":0.9887652321089153,"initialization_method":"He normal","iterations":500,"activation_function":"SiLU","_runtime":1.184031717,"MSE":0.011463076913353354,"_step":0,"max_APE":2.145085333266889e+68}