{"_step":0,"activation_function":"ELU","_runtime":1.6166903860000001,"initialization_method":"He normal","iterations":125,"max_APE":1.410126230349896e+68,"_wandb":{"runtime":2},"MAE":1.1052501318670818e+65,"L2RE":0.4613493946960407,"_timestamp":1.7242318418673837e+09,"MSE":0.002495598654340934}