{"_wandb":{"runtime":37},"_step":0,"MSE":0.011565956775389616,"MAE":1.3440664798273612e+65,"L2RE":0.9931923509979758,"max_APE":2.296866097453403e+68,"_timestamp":1.7239991664802494e+09,"_runtime":36.593218089}