{"_wandb":{"runtime":32},"_runtime":32.059793917,"_step":0,"MSE":0.013007704231973817,"MAE":7.3691001062412855e+65,"L2RE":1.0532777510725568,"max_APE":1.4854754261605777e+69,"_timestamp":1.7233009886873887e+09}