{"_timestamp":1.7242324861589901e+09,"max_APE":5.647375368954981e+68,"initialization_method":"He normal","_wandb":{"runtime":2},"L2RE":1.9085053900455407,"_runtime":1.149655628,"iterations":175,"_step":0,"MSE":0.04270725067587338,"activation_function":"GELU","MAE":4.155014334974775e+65}