{"activation_function":"SELU","MSE":0.01564664871761363,"_timestamp":1.7239968565732863e+09,"MAE":4.873437868883524e+65,"_runtime":1.326911214,"max_APE":1.1715376951468563e+69,"iterations":75,"_wandb":{"runtime":1},"_step":0,"initialization_method":"Glorot normal","L2RE":1.1551895456482777}