{"L2RE":1.7989863321773043,"MSE":0.037946398227894446,"activation_function":"APTx","max_APE":3.711417057359597e+68,"_timestamp":1.7240008078865237e+09,"iterations":100,"_step":0,"_wandb":{"runtime":1},"MAE":2.662000745933248e+65,"initialization_method":"Glorot normal","_runtime":1.240136751}