{"MSE":0.035334652724310626,"_wandb":{"runtime":38},"MAE":1.6950974013855254e+66,"L2RE":1.7359731247672852,"max_APE":2.1553916146737665e+69,"_timestamp":1.7240670477295115e+09,"_runtime":38.006728799,"_step":0}