{"MSE":0.028652081714763293,"_runtime":5931.994481,"_step":0,"_wandb":{"runtime":5932},"MAE":9.946200099163332e+37,"L2RE":0.42477918356220534,"max_APE":5.994578003883362e+39,"_timestamp":1.720468596802076e+09}