{"weighted_score":0.03746686465901088,"MAE":1.7958486025804522e+65,"MSE":0.0021772005085258024,"weighted_array":[0.25,0.25,0.25,0.25],"initialization_method":"He normal","max_APE":3.4389852214842576e+68,"_step":1,"activation_function":"Mish","L2RE":0.43091518385922895,"_runtime":2.475237547,"_timestamp":1.7240690527985814e+09,"iterations":1000,"_wandb":{"runtime":3}}