{"L2RE":0.7919937865568825,"_wandb":{"runtime":1},"MAE":2.9739413478102004e+65,"MSE":0.007354588551116044,"max_APE":5.444733939962492e+68,"_timestamp":1.723237666433996e+09,"_runtime":1.170084387,"_step":0}