{"MAE":2.930377721721396e+65,"max_APE":3.7391171184225726e+68,"_wandb":{"runtime":2},"_timestamp":1.724233127420341e+09,"_runtime":1.161165967,"initialization_method":"He normal","L2RE":2.039727890407325,"MSE":0.048781966216754576,"iterations":250,"activation_function":"ReLu","_step":0}