{"initialization_method":"He normal","max_APE":1.4854754261605777e+69,"iterations":200,"MSE":0.013007704231973817,"_runtime":1.374514669,"_timestamp":1.723300992879312e+09,"_wandb":{"runtime":2},"_step":0,"MAE":7.3691001062412855e+65,"L2RE":1.0532777510725568,"activation_function":"SiLU"}