{"MAE":4.364009488496405e+65,"MSE":0.02800449083686678,"activation_function":"Mish","initialization_method":"He normal","L2RE":1.5454552144942943,"max_APE":6.023976963880395e+68,"_timestamp":1.7242368303658898e+09,"_step":0,"iterations":50,"_wandb":{"runtime":3},"_runtime":1.17259475}