{"_timestamp":1.7241654826161408e+09,"_wandb":{"runtime":45},"_runtime":44.715569131,"_step":0,"MSE":0.024895156251623928,"MAE":3.482990548665724e+65,"L2RE":1.4571357448580848,"max_APE":6.850556438722508e+68}