{
	"Parameters":{
		"a1":1.0613750000000002,
		"a2":4.428317250000002,
		"a3":6.227263026853994,
		"deltaT":2.8115e2,
		"q0":16
	}
}