{"max_APE":5.293780334143051e+68,"iterations":20,"MSE":0.02444910359824417,"initialization_method":"He normal","weighted_score":0.11533434948435324,"L2RE":1.4440228122359775,"_timestamp":1.7243525961256745e+09,"weighted_array":[0.25,0.25,0.25,0.25],"activation_function":"Swish","_wandb":{"runtime":4},"MAE":3.9320035438791094e+65,"_step":1,"_runtime":3.817516054}