{"_runtime":2.354716125,"weighted_array":[0.25,0.25,0.25,0.25],"MSE":0.034972626448801045,"L2RE":1.727057147101507,"initialization_method":"He normal","_wandb":{"runtime":2},"activation_function":"Swish","max_APE":7.793419365381578e+68,"_step":1,"MAE":5.669995942665947e+65,"weighted_score":0.1285172508772952,"iterations":175,"_timestamp":1.72423950091895e+09}