{"_timestamp":1.724273624296275e+09,"_runtime":32.598932261,"_step":0,"_wandb":{"runtime":32},"MSE":0.005703334985156818,"MAE":5.460457514207681e+65,"L2RE":0.6974402768245905,"max_APE":8.095193716508313e+68}