{"L2RE":2.701922085117584,"_wandb":{"runtime":37},"max_APE":2.4766208119372433e+69,"_timestamp":1.724029082330177e+09,"_runtime":37.365948428,"_step":0,"MSE":0.08559738060329183,"MAE":1.5852722230642632e+66}