{"_timestamp":1.7243574751905682e+09,"_runtime":31.163925256,"_step":0,"_wandb":{"runtime":31},"MSE":0.012594818805329203,"MAE":1.2617994149449704e+66,"L2RE":1.0364265881659818,"max_APE":1.6044365595850858e+69}