{"_wandb":{"runtime":3508},"MSE":0.003841661370546744,"MAE":8.597576607174553e+37,"L2RE":0.1555409243757739,"max_APE":2.882639765739441e+39,"_timestamp":1.7203699531026304e+09,"_runtime":3508.461212,"_step":0}