{"_runtime":2.446871752,"MSE":0.04183275700077686,"_wandb":{"runtime":3},"iterations":200,"MAE":3.3239370663264945e+65,"L2RE":1.8888646012216197,"weighted_score":0.11535394529871053,"_step":1,"weighted_array":[0.25,0.25,0.25,0.25],"_timestamp":1.724239835522854e+09,"initialization_method":"He normal","max_APE":4.838784597383686e+68,"activation_function":"APTx"}