{"initialization_method":"He normal","L2RE":0.4613493946960407,"MAE":1.1052501318670818e+65,"_wandb":{"runtime":1},"activation_function":"ELU","_runtime":1.146462252,"iterations":250,"MSE":0.002495598654340934,"_step":0,"max_APE":1.410126230349896e+68,"_timestamp":1.72423200257378e+09}