{"_step":0,"_wandb":{"runtime":34},"MSE":0.004698899420006574,"MAE":8.45026374123726e+65,"L2RE":0.6330538557156712,"max_APE":1.4073144002966624e+69,"_timestamp":1.7242335840950785e+09,"_runtime":33.316682554}