{"max_APE":7.793419365381578e+68,"_step":1,"weighted_score":0.1285172508772952,"_timestamp":1.7242393981363506e+09,"_runtime":4.416294675,"L2RE":1.727057147101507,"weighted_array":[0.25,0.25,0.25,0.25],"_wandb":{"runtime":5},"MAE":5.669995942665947e+65,"activation_function":"SiLU","MSE":0.034972626448801045,"iterations":750,"initialization_method":"He normal"}