{"MSE":0.02260332901705805,"MAE":3.005237873851247e+65,"L2RE":1.388445339667925,"_wandb":{"runtime":35},"max_APE":4.0360149464657366e+68,"_timestamp":1.724347304999385e+09,"_runtime":35.037919423,"_step":0}