{"_wandb":{"runtime":1},"_step":0,"iterations":175,"_runtime":1.3462871299999999,"MSE":0.04531907511459322,"max_APE":1.009408012174822e+69,"initialization_method":"He normal","activation_function":"ReLu","L2RE":1.9659981407560871,"MAE":4.305545952742563e+65,"_timestamp":1.723996524555105e+09}