{"_timestamp":1.724275196372463e+09,"_wandb":{"runtime":36},"_runtime":36.10725846,"_step":0,"MSE":0.02260332901705805,"MAE":3.005237873851247e+65,"L2RE":1.388445339667925,"max_APE":4.0360149464657366e+68}