{"_timestamp":1.724030242007193e+09,"_runtime":33.122964673,"_step":0,"MSE":0.02845394684387141,"MAE":2.401645310533099e+65,"L2RE":1.5578076839167976,"max_APE":4.990963434711822e+68,"_wandb":{"runtime":33}}