{"_wandb":{"runtime":31},"MAE":7.607427567126458e+65,"L2RE":1.6208450551001607,"max_APE":1.6462293249721429e+69,"_timestamp":1.7233005758406737e+09,"_runtime":30.90435692,"_step":0,"MSE":0.030803341685949764}