{"_step":0,"initialization_method":"He normal","MSE":0.03698442902204405,"max_APE":3.2562362648868856e+68,"_runtime":1.20951751,"iterations":200,"activation_function":"APTx","_wandb":{"runtime":1},"MAE":2.4667938092876336e+65,"_timestamp":1.7240014572890422e+09,"L2RE":1.7760371380325704}