{"activation_function":"Mish","iterations":50,"_wandb":{"runtime":5},"MSE":0.02800449083686678,"weighted_array":[0.25,0.25,0.25,0.25],"_step":1,"max_APE":6.023976963880395e+68,"initialization_method":"He normal","_runtime":4.506946926,"MAE":4.364009488496405e+65,"weighted_score":0.10165950765117392,"_timestamp":1.7242396103213146e+09,"L2RE":1.5454552144942943}