{"_runtime":36.00232243,"_step":0,"MSE":0.020178479245253938,"MAE":1.619064092086955e+65,"_wandb":{"runtime":36},"L2RE":1.3118579151594607,"max_APE":3.284177644022943e+68,"_timestamp":1.7240248250323746e+09}