{"L2RE":1.2193172360726359,"max_APE":2.492051408061442e+68,"_timestamp":1.7240001222122655e+09,"_runtime":34.173327378,"_step":0,"_wandb":{"runtime":34},"MSE":0.017432041791847142,"MAE":1.6431087062424923e+65}