{"_timestamp":1.7239989132587476e+09,"_runtime":32.264899888,"_wandb":{"runtime":32},"_step":0,"MSE":0.01118354303971053,"MAE":1.1018786234122481e+65,"L2RE":0.9766350141581781,"max_APE":2.3783165394615346e+68}