{"MAE":1.4218833827512665e+65,"L2RE":1.7863083363702963,"max_APE":3.0644256790733366e+68,"_timestamp":1.724276056716444e+09,"_runtime":30.690813428,"_wandb":{"runtime":30},"_step":0,"MSE":0.037413443533896626}