{"_wandb":{"runtime":37},"MAE":3.113865900294891e+65,"L2RE":0.6172880989812003,"max_APE":4.377844369495412e+68,"_timestamp":1.7241650396004388e+09,"_runtime":37.069518009,"_step":0,"MSE":0.004467768282000968}