{"_wandb":{"runtime":32},"MSE":0.07928778070498808,"MAE":1.9002042117345875e+66,"L2RE":2.6004332756945767,"max_APE":2.5841594661879068e+69,"_timestamp":1.7240005694629688e+09,"_runtime":32.50858196,"_step":0}