{"max_APE":2.2979253211078913e+69,"_wandb":{"runtime":36},"_timestamp":1.7240294372852602e+09,"_runtime":36.479552384,"_step":0,"MSE":0.07362553440604556,"MAE":1.4849197946741104e+66,"L2RE":2.5058600581793646}