{"max_APE":3.186523269588154e+69,"initialization_method":"Glorot normal","MAE":2.1447824673886024e+66,"_wandb":{"runtime":1},"_runtime":1.254087966,"_step":0,"iterations":150,"MSE":0.010440896286485538,"L2RE":0.9436511524556839,"activation_function":"sin","_timestamp":1.7233619765201964e+09}