{"initialization_method":"He normal","max_APE":1.6354506769944027e+69,"MAE":8.210290050243908e+65,"_timestamp":1.7233011063282816e+09,"_step":0,"MSE":0.01365966915690695,"iterations":350,"_wandb":{"runtime":2},"activation_function":"SiLU","L2RE":1.0793509400021126,"_runtime":1.156340638}