{"_wandb":{"runtime":35},"MSE":0.013254522353526694,"MAE":4.727865518818391e+65,"L2RE":1.0632236410739555,"max_APE":9.525429673305076e+68,"_timestamp":1.7239971123974562e+09,"_runtime":34.546264513,"_step":0}