{"_runtime":1.223273463,"initialization_method":"He normal","activation_function":"GELU","_timestamp":1.7242322477850451e+09,"max_APE":5.647375368954981e+68,"MAE":4.155014334974775e+65,"iterations":25,"_step":0,"_wandb":{"runtime":1},"L2RE":1.9085053900455407,"MSE":0.04270725067587338}