{"_step":0,"_wandb":{"runtime":43},"MSE":0.021251768951770184,"MAE":2.1800373903762824e+65,"L2RE":1.3462946704632015,"max_APE":3.9476877866994654e+68,"_timestamp":1.724165089845291e+09,"_runtime":43.289701171}