{"_step":0,"_timestamp":1.7240266874006755e+09,"L2RE":1.01458879601633,"max_APE":1.783084668017504e+68,"iterations":175,"_runtime":1.1233595,"initialization_method":"He normal","MAE":8.349310206102946e+64,"_wandb":{"runtime":1},"activation_function":"SiLU","MSE":0.012069657790956489}