{"_timestamp":1.724344473895646e+09,"_runtime":1.216219421,"MAE":9.193078454494602e+64,"iterations":3,"_step":0,"_wandb":{"runtime":1},"max_APE":1.387272866541234e+68,"activation_function":"ELU","MSE":0.0024441153841030226,"initialization_method":"He normal","L2RE":0.4565658624643288}