{"_wandb":{"runtime":34},"MAE":1.534975702748536e+65,"L2RE":1.25115110264257,"max_APE":3.1519729611905043e+68,"_timestamp":1.724024909196356e+09,"_runtime":34.419229677,"_step":0,"MSE":0.01835415345788471}