{"L2RE":0.6026291249260479,"max_APE":3.7755161537323464e+68,"_timestamp":1.7240679951791058e+09,"_runtime":36.964438168,"_step":0,"MSE":0.004258092258418662,"_wandb":{"runtime":37},"MAE":1.8641063257103564e+65}