{"activation_function":"ReLu","_timestamp":1.7243450775301814e+09,"max_APE":6.964396883979389e+68,"MAE":4.849014810141398e+65,"L2RE":1.9766416345028766,"_step":0,"_wandb":{"runtime":2},"iterations":3,"_runtime":1.623387048,"MSE":0.04581109894857657,"initialization_method":"He normal"}