{"_step":0,"_timestamp":1.7242306381863058e+09,"_runtime":1.547808801,"MSE":0.02800449083686678,"iterations":50,"activation_function":"Mish","L2RE":1.5454552144942943,"MAE":4.364009488496405e+65,"_wandb":{"runtime":2},"initialization_method":"He normal","max_APE":6.023976963880395e+68}