{"_timestamp":1.7239978890594044e+09,"_runtime":31.72247022,"_step":0,"_wandb":{"runtime":32},"MSE":0.011149849382598475,"MAE":1.1411361835777549e+65,"L2RE":0.9751627066973225,"max_APE":2.474922400425978e+68}