{"_runtime":34.428223507,"_step":0,"MSE":0.012283171232394518,"MAE":8.552913393505468e+64,"L2RE":1.0235235432312022,"_wandb":{"runtime":34},"max_APE":1.8333842344105763e+68,"_timestamp":1.7240276324913814e+09}