{"_runtime":91.957342131,"_step":0,"MSE":0.018206295205292433,"_wandb":{"runtime":92},"MAE":1.8597232593854184e+66,"L2RE":1.2461013711655073,"max_APE":2.5308504058367958e+69,"_timestamp":1.7235698895338209e+09}