{"MSE":0.005885056370901996,"MAE":2.578721507858216e+65,"L2RE":0.7084641802430358,"max_APE":6.226697024604563e+68,"_timestamp":1.721974111303204e+09,"_runtime":228.940667,"_step":0,"_wandb":{"runtime":230}}