{"MAE":5.785743930976418e+64,"activation_function":"ELU","_runtime":1.304124511,"L2RE":0.43525701422501295,"_step":0,"_wandb":{"runtime":1},"_timestamp":1.7241821802574208e+09,"initialization_method":"He normal","iterations":250,"max_APE":1.226768555691772e+68,"MSE":0.0022212957701868642}