{"_step":0,"MSE":0.4118363173112845,"_runtime":1.2571024579999999,"L2RE":5.926590282741275,"activation_function":"Softplus","_timestamp":1.7242375493863835e+09,"MAE":4.780666084904372e+66,"_wandb":{"runtime":1},"max_APE":6.197633245284772e+69,"initialization_method":"Glorot normal","iterations":125}