{"_wandb":{"runtime":1},"MSE":0.011054807262293246,"MAE":1.2731353323258389e+65,"_runtime":1.172395756,"_step":0,"activation_function":"Swish","initialization_method":"He normal","iterations":75,"L2RE":0.9709976332329375,"max_APE":2.6941522438986425e+68,"_timestamp":1.723998838178908e+09}