{"_runtime":4013.746171,"_step":0,"_wandb":{"runtime":4014},"MSE":0.0034557276391346606,"MAE":3.298781875715071e+43,"L2RE":0.12460787183950704,"max_APE":7.620178517858484e+45,"_timestamp":1.719815357791785e+09}