{"_step":1,"weighted_score":0.046569647083195165,"weighted_array":[0.25,0.25,0.25,0.25],"MAE":6.175574747296692e+65,"L2RE":1.021771993259084,"_wandb":{"runtime":4},"MSE":0.012241166962974366,"activation_function":"Swish","_runtime":3.570874003,"iterations":100,"max_APE":1.2651051175416864e+69,"_timestamp":1.7233039944533672e+09,"initialization_method":"He normal"}