{"MAE":1.2399036312793523e+65,"L2RE":0.9915512797270007,"max_APE":2.2970079396073144e+68,"_wandb":{"runtime":32},"_timestamp":1.7241897378113499e+09,"_runtime":32.023797467,"_step":0,"MSE":0.011527767036230957}