{"_runtime":31.076314093,"_step":0,"MSE":0.03850787259720428,"_wandb":{"runtime":31},"MAE":3.256774038161601e+65,"L2RE":1.812246822242899,"max_APE":7.934607384628394e+68,"_timestamp":1.7243571533560047e+09}