{"MAE":2.9982241196633372e+66,"L2RE":3.1215600743783565,"max_APE":3.8281546752129725e+69,"_timestamp":1.7242339597829864e+09,"_runtime":36.982920963,"_wandb":{"runtime":37},"_step":0,"MSE":0.11425053099184891}