{"weighted_score":0.9999999999027726,"iterations":15,"MAE":3.991036138653676e+66,"max_APE":5.106414610320549e+69,"L2RE":4.8479145265507615,"MSE":0.2755654344241879,"_runtime":4.119431263,"weighted_array":[0.25,0.25,0.25,0.25],"_wandb":{"runtime":4},"activation_function":"Softplus","initialization_method":"Glorot normal","_step":1,"_timestamp":1.72435271788321e+09}