{"_step":0,"_wandb":{"runtime":850},"MSE":0.0022212957701868642,"MAE":5.785743930976418e+64,"L2RE":0.43525701422501295,"max_APE":1.226768555691772e+68,"_timestamp":1.7239905144223754e+09,"_runtime":849.765679209}