{"MSE":0.07450462667791131,"MAE":1.300546342773148e+66,"L2RE":2.52077570915971,"max_APE":2.6128123269237025e+69,"_timestamp":1.723299963400465e+09,"_wandb":{"runtime":31},"_runtime":30.878810512,"_step":0}