{"_timestamp":1.724344469301556e+09,"_runtime":561.125149877,"_step":0,"MSE":0.0024441153841030226,"MAE":9.193078454494602e+64,"L2RE":0.4565658624643288,"_wandb":{"runtime":561},"max_APE":1.387272866541234e+68}