{"L2RE":0.9915512797270007,"max_APE":2.2970079396073144e+68,"_timestamp":1.7239990827025049e+09,"_wandb":{"runtime":34},"_runtime":33.8857838,"_step":0,"MSE":0.011527767036230957,"MAE":1.2399036312793523e+65}