{"_timestamp":1.7231963095488298e+09,"MSE":0.0068621990638765284,"MAE":4.0836419851420913e+65,"L2RE":0.7650225555592333,"max_APE":7.548981103843497e+68,"_runtime":449.309843,"_step":0,"_wandb":{"runtime":449}}