{"L2RE":0.43650795628447225,"max_APE":2.3268141109317097e+68,"_timestamp":1.7239878022620604e+09,"_runtime":452.857187134,"_wandb":{"runtime":453},"_step":0,"MSE":0.0022340822630719406,"MAE":9.308697208188111e+64}