{"MSE":0.011527767036230957,"_wandb":{"runtime":35},"MAE":1.2399036312793523e+65,"L2RE":0.9915512797270007,"max_APE":2.2970079396073144e+68,"_timestamp":1.7239981020513883e+09,"_runtime":35.060596263,"_step":0}