{"_step":1,"iterations":20,"_wandb":{"runtime":5},"initialization_method":"He normal","weighted_score":0.11533434948435324,"L2RE":1.4440228122359775,"MSE":0.02444910359824417,"_runtime":4.480527969,"max_APE":5.293780334143051e+68,"weighted_array":[0.25,0.25,0.25,0.25],"MAE":3.9320035438791094e+65,"_timestamp":1.7243525026168768e+09,"activation_function":"SiLU"}