{"MAE":1.5871114741853595e+64,"L2RE":0.9890663712015482,"max_APE":2.8329032302244797e+67,"_timestamp":1.724404073688417e+09,"_runtime":29.603190375,"_step":0,"_wandb":{"runtime":29},"MSE":0.01147006038351851}