{"max_APE":1.137570413925212e+69,"_timestamp":1.7242353846271389e+09,"_runtime":31.281339637,"_step":0,"MSE":0.015673707568259598,"_wandb":{"runtime":31},"MAE":5.432439844354207e+65,"L2RE":1.1561879894496223}