{"_runtime":8503.514657,"_step":0,"_wandb":{"runtime":8504},"MAE":9.266301616287415e+37,"L2RE":0.2276984471591643,"max_APE":5.499772429466248e+39,"_timestamp":1.720559539378346e+09,"MSE":0.008232843636356514}