{"activation_function":"APTx","max_APE":3.0644256790733366e+68,"_runtime":5.397178792,"_timestamp":1.7242767236938002e+09,"weighted_array":[0.25,0.25,0.25,0.25],"weighted_score":0.1193740535222172,"_wandb":{"runtime":5},"MSE":0.037413443533896626,"initialization_method":"He normal","iterations":5,"L2RE":1.7863083363702963,"_step":1,"MAE":1.4218833827512663e+65}