{"_step":0,"MSE":0.006677372775863567,"_wandb":{"runtime":957},"MAE":8.474246798336411e+65,"L2RE":0.7546496845186692,"max_APE":1.6291092989784438e+69,"_timestamp":1.7235667839816418e+09,"_runtime":957.326143426}