{"initialization_method":"He normal","_runtime":1.192911791,"max_APE":2.381687705492306e+68,"_step":0,"iterations":300,"L2RE":1.2195825727623566,"_timestamp":1.724000084500247e+09,"MAE":1.5279767876831077e+65,"MSE":0.017439629421040943,"activation_function":"Mish","_wandb":{"runtime":2}}