{"_step":0,"MSE":0.036193690454782955,"MAE":2.587285981873205e+65,"L2RE":1.7569484436886411,"_wandb":{"runtime":30},"max_APE":3.6784395191674664e+68,"_timestamp":1.724001072143568e+09,"_runtime":30.030272971}