{"initialization_method":"He normal","MAE":1.5871114741853598e+64,"iterations":2,"MSE":0.01147006038351851,"_wandb":{"runtime":4},"activation_function":"SiLU","_runtime":3.452072085,"_step":1,"max_APE":2.8329032302244797e+67,"_timestamp":1.7244048664658744e+09,"weighted_array":[0.25,0.25,0.25,0.25],"L2RE":0.9890663712015482,"weighted_score":0.09467104003004584}