{"_step":1,"MSE":0.02800449083686678,"_timestamp":1.724239628872933e+09,"iterations":125,"_runtime":3.435303587,"L2RE":1.5454552144942943,"_wandb":{"runtime":4},"max_APE":6.023976963880395e+68,"initialization_method":"He normal","MAE":4.364009488496405e+65,"weighted_score":0.10165950765117392,"weighted_array":[0.25,0.25,0.25,0.25],"activation_function":"Mish"}