{"iterations":250,"MAE":1.816105638490459e+66,"L2RE":2.550753399903682,"_wandb":{"runtime":1},"MSE":0.07628721858318754,"activation_function":"Softplus","max_APE":2.470963123271033e+69,"_timestamp":1.724000533933197e+09,"_step":0,"initialization_method":"Glorot normal","_runtime":1.265616347}