{"_wandb":{"runtime":30},"_step":0,"MSE":0.004426621809968838,"MAE":2.1827094812025592e+65,"L2RE":0.6144390280264773,"max_APE":3.8178939120887004e+68,"_timestamp":1.724189696732796e+09,"_runtime":30.443506753}