{"max_APE":2.190692246035164e+68,"_timestamp":1.7241779140400457e+09,"_runtime":32.816047501,"_step":0,"MSE":0.01780623199323597,"MAE":1.5035032760970944e+65,"L2RE":1.232334472882373,"_wandb":{"runtime":33}}