{"initialization_method":"Glorot normal","MAE":1.4218833827512663e+65,"weighted_score":0.1193740535222172,"MSE":0.037413443533896626,"_timestamp":1.724276697059002e+09,"weighted_array":[0.25,0.25,0.25,0.25],"_runtime":3.323431794,"_wandb":{"runtime":3},"max_APE":3.0644256790733366e+68,"_step":1,"activation_function":"APTx","iterations":7,"L2RE":1.7863083363702963}