{"_step":0,"_wandb":{"runtime":33},"MSE":0.011789919732252288,"MAE":1.2500822984162174e+65,"L2RE":1.002762323399461,"max_APE":2.210042261160664e+68,"_timestamp":1.7239991228533645e+09,"_runtime":32.773661013}