{"_wandb":{"runtime":37},"_runtime":36.677060296,"_step":0,"MSE":0.08472764230333936,"MAE":1.5786872997211614e+66,"L2RE":2.6881601860411006,"max_APE":2.4658130159900017e+69,"_timestamp":1.7240291256735044e+09}