{"_wandb":{"runtime":696},"_step":0,"MSE":0.004777628805933073,"MAE":1.7287719321259232e+65,"L2RE":0.6383351888991549,"max_APE":3.4831186366082583e+68,"_timestamp":1.7240118639612637e+09,"_runtime":695.71044425}