{"_runtime":1.213290632,"activation_function":"Mish","MAE":2.7520958032586443e+65,"max_APE":5.717179671962826e+68,"_step":0,"L2RE":1.3017362591882984,"iterations":750,"initialization_method":"He normal","MSE":0.01986830584017035,"_wandb":{"runtime":1},"_timestamp":1.7240869115082462e+09}