{"iterations":250,"L2RE":1.1561879894496223,"_step":1,"MSE":0.015673707568259598,"initialization_method":"Glorot normal","_timestamp":1.724239443372701e+09,"activation_function":"sin","weighted_score":0.10413200571358819,"_wandb":{"runtime":2},"weighted_array":[0.25,0.25,0.25,0.25],"_runtime":2.376256335,"max_APE":1.1375704139252121e+69,"MAE":5.432439844354207e+65}