{"max_APE":1.5252074978898564e+69,"_timestamp":1.7239977294694898e+09,"_runtime":31.663837048,"_step":0,"_wandb":{"runtime":32},"MSE":0.011022499430706321,"MAE":1.196114351090939e+66,"L2RE":0.969577717840579}