{"max_APE":1.8771068787992974e+64,"_timestamp":1.7207861139599507e+09,"_runtime":3976.299482,"_step":0,"_wandb":{"runtime":3976},"MSE":0.04585975547858835,"MAE":7.389941530174356e+60,"L2RE":1.4358986338371216}