{"MSE":0.01799196001880832,"MAE":1.5400068976090947e+65,"L2RE":1.238744737275697,"max_APE":3.11354305805221e+68,"_timestamp":1.7239997914386954e+09,"_runtime":33.979972544,"_step":0,"_wandb":{"runtime":34}}