{"L2RE":1.727057147101507,"MAE":5.669995942665946e+65,"_runtime":1.404310805,"_wandb":{"runtime":2},"activation_function":"SiLU","_timestamp":1.7242347281012256e+09,"_step":0,"initialization_method":"He normal","MSE":0.034972626448801045,"max_APE":7.793419365381578e+68,"iterations":150}