{"_runtime":1.25279271,"initialization_method":"Glorot normal","max_APE":1.5293161414420027e+69,"L2RE":1.2175400218946941,"_step":0,"_wandb":{"runtime":1},"MSE":0.017381262727736817,"MAE":7.095726082486978e+65,"activation_function":"sin","iterations":300,"_timestamp":1.7233013814467597e+09}