{"max_APE":6.023976963880395e+68,"initialization_method":"He normal","MSE":0.02800449083686678,"MAE":4.364009488496405e+65,"_wandb":{"runtime":1},"L2RE":1.5454552144942943,"_step":0,"_timestamp":1.7242372070096986e+09,"activation_function":"Mish","iterations":400,"_runtime":1.261229467}