{"_step":0,"MSE":0.0292019908516283,"MAE":2.6659534601444676e+65,"L2RE":1.5781519418405605,"max_APE":6.022729701929634e+68,"_timestamp":1.7240867193894129e+09,"_runtime":34.050251585,"_wandb":{"runtime":34}}