{"_runtime":35.783307635,"_step":0,"MSE":0.2755654344241879,"MAE":3.991036138653676e+66,"L2RE":4.8479145265507615,"max_APE":5.106414610320549e+69,"_timestamp":1.7242756042598093e+09,"_wandb":{"runtime":36}}