{"initialization_method":"He normal","_wandb":{"runtime":1},"MSE":0.0022212957701868642,"max_APE":1.226768555691772e+68,"L2RE":0.43525701422501295,"_runtime":1.257523508,"MAE":5.785743930976418e+64,"_step":0,"activation_function":"ELU","_timestamp":1.7241677975627382e+09,"iterations":250}