{"MAE":4.630936975108508e+65,"_wandb":{"runtime":31},"L2RE":1.2158342603954233,"max_APE":9.054034475472478e+68,"_timestamp":1.7242743224133182e+09,"_runtime":31.314281334,"_step":0,"MSE":0.017332594889706704}