{"_wandb":{"runtime":30},"_timestamp":1.7233012550513344e+09,"_runtime":30.297453888,"_step":0,"MSE":0.012324616825322533,"MAE":7.1250244428612765e+65,"L2RE":1.0252488638330355,"max_APE":1.6641714592777342e+69}