{"L2RE":1.7697471828496976,"max_APE":3.4161616835048534e+68,"_timestamp":1.7240009948230598e+09,"_runtime":29.988518129,"_step":0,"MSE":0.036722927212289286,"MAE":2.458755128860573e+65,"_wandb":{"runtime":30}}