{"_step":0,"MSE":0.03052107427494664,"MAE":2.5602043374505154e+65,"L2RE":1.6134016309783967,"max_APE":3.697371803218425e+68,"_wandb":{"runtime":34},"_timestamp":1.7239961875955245e+09,"_runtime":33.895325001}