{"_runtime":6879.772759,"_step":0,"_wandb":{"runtime":6880},"MSE":0.006075437617557224,"MAE":1.182949602143758e+38,"L2RE":0.19560228248407055,"max_APE":5.903278589248658e+39,"_timestamp":1.7205289534022346e+09}