{"L2RE":1.7863083363702963,"iterations":25,"_step":0,"_wandb":{"runtime":2},"MAE":1.4218833827512665e+65,"activation_function":"APTx","MSE":0.037413443533896626,"initialization_method":"He normal","_runtime":1.5687491690000002,"max_APE":3.0644256790733366e+68,"_timestamp":1.7242763074875295e+09}