{"max_APE":2.6850065600727405e+69,"_timestamp":1.723303368227358e+09,"_runtime":33.50122763,"_step":0,"_wandb":{"runtime":34},"MSE":0.09454100782023618,"MAE":1.3828224576635653e+66,"L2RE":2.839570773823428}