{"_runtime":2.306914295,"iterations":350,"weighted_array":[0.25,0.25,0.25,0.25],"MSE":0.022873119116520853,"_step":1,"MAE":2.181231914793642e+65,"L2RE":1.396706902992778,"activation_function":"APTx","weighted_score":0.21311055052818112,"_timestamp":1.7240457566539981e+09,"_wandb":{"runtime":2},"initialization_method":"Glorot normal","max_APE":4.627955300400308e+68}