{"MSE":0.00403872915313149,"MAE":9.061603406535576e+64,"L2RE":0.5869011336724019,"max_APE":1.676597814857002e+68,"_timestamp":1.7240678458630662e+09,"_runtime":39.468732335,"_step":0,"_wandb":{"runtime":39}}