{"L2RE":1.2158342603954233,"max_APE":9.054034475472478e+68,"_timestamp":1.724274529780599e+09,"_runtime":31.315833347,"_step":0,"_wandb":{"runtime":31},"MSE":0.017332594889706704,"MAE":4.630936975108508e+65}