{"max_APE":2.320567802746509e+68,"_timestamp":1.7240019477457287e+09,"MAE":1.1003280792457083e+65,"MSE":0.01116714865320488,"L2RE":0.9759189081776244,"activation_function":"SiLU","_wandb":{"runtime":3},"initialization_method":"He normal","_runtime":3.363439959,"weighted_score":0.1060962022218031,"_step":1,"iterations":150,"weighted_array":[0.25,0.25,0.25,0.25]}