{"L2RE":0.4613493946960407,"max_APE":1.410126230349896e+68,"_wandb":{"runtime":1},"iterations":150,"MAE":1.1052501318670818e+65,"_timestamp":1.7242318817544823e+09,"initialization_method":"He normal","_runtime":1.096980918,"_step":0,"MSE":0.002495598654340934,"activation_function":"ELU"}