{"_step":0,"MSE":0.02281498874327123,"MAE":3.987938578580207e+65,"L2RE":1.394930959271443,"max_APE":9.067186988315198e+68,"_timestamp":1.7240282070535119e+09,"_wandb":{"runtime":34},"_runtime":33.727000509}