{"MSE":0.05402124454405313,"iterations":50,"_wandb":{"runtime":1},"L2RE":2.1464702639896927,"MAE":5.288048847939108e+65,"_runtime":1.359031548,"initialization_method":"He normal","activation_function":"ReLu","_timestamp":1.7239963175476427e+09,"_step":0,"max_APE":1.1383229738261544e+69}