{"_timestamp":1.7242394521745336e+09,"MSE":0.015673707568259598,"L2RE":1.1561879894496223,"max_APE":1.1375704139252121e+69,"activation_function":"sin","iterations":400,"initialization_method":"Glorot normal","MAE":5.432439844354207e+65,"_wandb":{"runtime":3},"weighted_array":[0.25,0.25,0.25,0.25],"_runtime":2.384248797,"weighted_score":0.10413200571358819,"_step":1}