{"_wandb":{"runtime":1},"_runtime":1.143066962,"L2RE":1.8888646012216195,"activation_function":"APTx","max_APE":4.838784597383686e+68,"_step":0,"iterations":175,"MSE":0.04183275700077686,"_timestamp":1.7242381878420892e+09,"initialization_method":"Glorot normal","MAE":3.323937066326494e+65}