{"_wandb":{"runtime":30},"MSE":0.011463076913353354,"MAE":1.2906536453587044e+65,"L2RE":0.9887652321089153,"max_APE":2.145085333266889e+68,"_timestamp":1.7241777175540457e+09,"_runtime":30.284699882,"_step":0}