{"L2RE":2.837531062790022,"max_APE":2.5966817050296394e+69,"_timestamp":1.723303651117026e+09,"_runtime":31.890454386000002,"_step":0,"MSE":0.09440523583683696,"_wandb":{"runtime":32},"MAE":1.342191287799016e+66}