{"_timestamp":1.7242740725557258e+09,"_wandb":{"runtime":33},"_runtime":32.496596843,"_step":0,"MSE":0.02444910359824417,"MAE":3.9320035438791094e+65,"L2RE":1.4440228122359777,"max_APE":5.293780334143051e+68}