{"iterations":1000,"max_APE":1.2994293597107603e+68,"_runtime":3.419059167,"_wandb":{"runtime":3},"L2RE":0.8881714842309288,"weighted_score":0.1582816982011721,"activation_function":"SiLU","MAE":6.596964957678055e+64,"weighted_array":[0.25,0.25,0.25,0.25],"_timestamp":1.7241657122126377e+09,"initialization_method":"He normal","_step":1,"MSE":0.009249291856054106}