{"max_APE":8.93329274004131e+68,"_timestamp":1.723996685471529e+09,"_runtime":32.77859101,"_wandb":{"runtime":34},"_step":0,"MSE":0.04381836199676869,"MAE":4.250369542417744e+65,"L2RE":1.9331726987804634}