{"MSE":0.2755654344241879,"L2RE":4.8479145265507615,"MAE":3.991036138653676e+66,"_wandb":{"runtime":5},"max_APE":5.106414610320549e+69,"_runtime":4.389448466,"_timestamp":1.724352705814705e+09,"initialization_method":"Glorot normal","iterations":7,"_step":1,"activation_function":"Softplus","weighted_score":0.9999999999027726,"weighted_array":[0.25,0.25,0.25,0.25]}