{"_runtime":42.467501505,"_step":0,"MSE":0.00683926140630352,"MAE":8.888922101932044e+65,"L2RE":0.7637428991621802,"max_APE":1.719015871975841e+69,"_timestamp":1.723568426181081e+09,"_wandb":{"runtime":42}}