{"_timestamp":1.7242753783176167e+09,"_runtime":36.399924503,"_step":0,"MSE":0.02260332901705805,"MAE":3.005237873851247e+65,"_wandb":{"runtime":36},"L2RE":1.388445339667925,"max_APE":4.0360149464657366e+68}