{"activation_function":"sin","MAE":7.15604372939532e+65,"initialization_method":"Glorot normal","max_APE":1.7024737892099782e+69,"MSE":0.013037145917459692,"weighted_array":[0.25,0.25,0.25,0.25],"weighted_score":0.07470789391903301,"_timestamp":1.7233039551823473e+09,"L2RE":1.0544690737057738,"iterations":100,"_step":1,"_runtime":2.485835804,"_wandb":{"runtime":3}}