{"_runtime":2.34581338,"activation_function":"SiLU","max_APE":1.7109980112117189e+68,"_wandb":{"runtime":2},"weighted_score":0.07668682714587449,"MAE":7.61464926731548e+64,"iterations":300,"weighted_array":[0.25,0.25,0.25,0.25],"L2RE":0.9860530257682298,"_timestamp":1.7240454300296173e+09,"initialization_method":"He normal","MSE":0.011400276183183686,"_step":1}