{"MAE":1.0767613830662957e+38,"L2RE":0.21143949711205517,"max_APE":6.301669478416443e+39,"_timestamp":1.7206147741490655e+09,"_runtime":2995.553815,"_step":0,"_wandb":{"runtime":2996},"MSE":0.007099078258628986}