{"weighted_score":0.11535394529871053,"MSE":0.04183275700077686,"MAE":3.3239370663264945e+65,"weighted_array":[0.25,0.25,0.25,0.25],"max_APE":4.838784597383686e+68,"_runtime":2.370866888,"L2RE":1.8888646012216197,"initialization_method":"Glorot normal","_timestamp":1.724239798507339e+09,"_wandb":{"runtime":3},"_step":1,"iterations":1000,"activation_function":"APTx"}