{"_step":1,"activation_function":"Swish","MSE":0.01147006038351851,"_wandb":{"runtime":3},"weighted_score":0.09467104003004584,"MAE":1.5871114741853598e+64,"_timestamp":1.7243586342430913e+09,"max_APE":2.8329032302244797e+67,"L2RE":0.9890663712015482,"weighted_array":[0.25,0.25,0.25,0.25],"initialization_method":"He normal","_runtime":3.353460376,"iterations":3}