{"_wandb":{"runtime":33},"_timestamp":1.7240251948899379e+09,"_runtime":33.251025296,"_step":0,"MSE":0.04815354786873163,"MAE":8.754122579985456e+65,"L2RE":2.026547227133458,"max_APE":1.8006859066518794e+69}