{"_timestamp":1.7240803773290112e+09,"_wandb":{"runtime":4370},"_runtime":4370.417030969,"_step":0,"MSE":0.0038494109974803754,"MAE":2.712501930981329e+64,"L2RE":0.5729803457063269,"max_APE":4.567317355940919e+67}