{"max_APE":2.2378307829217777e+68,"_timestamp":1.7239992098036592e+09,"_runtime":36.279633303,"_step":0,"MSE":0.011513315003891784,"MAE":1.3328397777543346e+65,"_wandb":{"runtime":36},"L2RE":0.9909295450411172}