{"initialization_method":"He normal","L2RE":1.9766416345028766,"_runtime":1.199443592,"_step":0,"iterations":10,"MAE":4.849014810141398e+65,"_wandb":{"runtime":1},"activation_function":"ReLu","max_APE":6.964396883979389e+68,"MSE":0.04581109894857657,"_timestamp":1.7243452027522013e+09}