{"initialization_method":"He normal","L2RE":0.8929938040827885,"iterations":250,"activation_function":"APTx","_wandb":{"runtime":1},"_step":0,"MAE":2.8268332926396576e+65,"MSE":0.009350002429313409,"max_APE":6.674886371555458e+68,"_timestamp":1.7240687325286877e+09,"_runtime":1.226891218}