{"_timestamp":1.7240666691396837e+09,"L2RE":0.6381265721374947,"initialization_method":"He normal","MSE":0.004774506525975328,"iterations":500,"activation_function":"GELU","MAE":1.8945492079775508e+65,"_runtime":1.20251943,"_wandb":{"runtime":1},"max_APE":4.2781820388918493e+68,"_step":0}