{"max_APE":3.8184107801525346e+68,"MAE":2.288606660963791e+65,"activation_function":"GELU","_step":0,"initialization_method":"He normal","MSE":0.03601653556785414,"_timestamp":1.7243449952972927e+09,"L2RE":1.7526433590160473,"_runtime":1.295517343,"iterations":20,"_wandb":{"runtime":2}}