{"max_APE":2.664033308082899e+69,"_timestamp":1.7244044956065552e+09,"_wandb":{"runtime":29},"_runtime":29.519599427,"_step":0,"MSE":0.07436735711999912,"MAE":2.020739040682361e+66,"L2RE":2.5184524621904645}