{"initialization_method":"He normal","iterations":750,"MAE":1.3617977075774241e+65,"_wandb":{"runtime":1},"activation_function":"ELU","_runtime":1.408834093,"_step":0,"L2RE":0.49515032448141916,"_timestamp":1.724059131213235e+09,"max_APE":1.8630624597060553e+68,"MSE":0.0028746764322828073}