{"L2RE":1.9766416345028766,"max_APE":6.964396883979389e+68,"_timestamp":1.7243452382794926e+09,"_runtime":32.308085761,"_step":0,"_wandb":{"runtime":32},"MSE":0.04581109894857657,"MAE":4.849014810141398e+65}