{"_wandb":{"runtime":33},"max_APE":1.546745135912417e+69,"_timestamp":1.7233018186487694e+09,"_runtime":32.648340385,"_step":0,"MSE":0.013233635108148335,"MAE":7.723855648572186e+65,"L2RE":1.0623855660199784}