{"_runtime":3.448549251,"_step":1,"MSE":0.034972626448801045,"iterations":75,"max_APE":7.793419365381578e+68,"MAE":5.669995942665947e+65,"initialization_method":"He normal","_wandb":{"runtime":4},"_timestamp":1.7242393515030992e+09,"weighted_score":0.1285172508772952,"weighted_array":[0.25,0.25,0.25,0.25],"L2RE":1.727057147101507,"activation_function":"SiLU"}