{"initialization_method":"He normal","MSE":0.017396961756650495,"L2RE":1.2180897484075008,"max_APE":2.405230283207726e+68,"_step":0,"_wandb":{"runtime":1},"activation_function":"Mish","MAE":1.6244636948063433e+65,"iterations":400,"_timestamp":1.7240001685369756e+09,"_runtime":1.229078761}