{"L2RE":1.0139568715654488,"max_APE":1.3142617446004232e+69,"_timestamp":1.7233021203492496e+09,"_runtime":31.016292552,"_step":0,"MSE":0.012054627590200711,"_wandb":{"runtime":31},"MAE":5.693871525177361e+65}