{"_timestamp":1.724276575669173e+09,"_step":1,"max_APE":5.293780334143051e+68,"MAE":3.9320035438791094e+65,"MSE":0.02444910359824417,"_runtime":3.404369085,"activation_function":"Swish","weighted_array":[0.25,0.25,0.25,0.25],"weighted_score":0.11533434948435324,"L2RE":1.4440228122359775,"_wandb":{"runtime":4},"initialization_method":"He normal","iterations":15}