{"MAE":6.558618309819366e+43,"_runtime":11.190088,"_step":0,"_wandb":{"runtime":11},"L2RE":0.1482598705783567,"max_APE":1.515039998919775e+46,"_timestamp":1.7196397175562856e+09,"MSE":0.004892105139960686}