{"_step":0,"_wandb":{"runtime":40},"MSE":0.0039266465262792725,"MAE":1.0580815235148624e+65,"L2RE":0.5787000072922168,"max_APE":2.0443352072201294e+68,"_timestamp":1.724067796142647e+09,"_runtime":39.633710882}