{"_runtime":1.568943091,"_wandb":{"runtime":2},"max_APE":2.9459348447474358e+69,"MSE":0.014464768108951738,"iterations":100,"_step":0,"MAE":1.858655703593897e+66,"_timestamp":1.7234436304876423e+09,"L2RE":1.110703963385519,"initialization_method":"Glorot normal","activation_function":"sin"}