{"L2RE":0.154584552598519,"max_APE":2.798871397972107e+39,"_timestamp":1.720277331440504e+09,"MSE":0.003794564296595787,"_runtime":3025.73509,"_step":0,"_wandb":{"runtime":3026},"MAE":8.279510887460358e+37}