{"_runtime":1.205292462,"max_APE":5.647375368954981e+68,"activation_function":"GELU","iterations":750,"_wandb":{"runtime":1},"MSE":0.04270725067587338,"initialization_method":"He normal","_step":0,"MAE":4.155014334974775e+65,"L2RE":1.9085053900455407,"_timestamp":1.7242327268511791e+09}