{"MSE":0.017315272706696846,"MAE":1.511046133184653e+65,"_wandb":{"runtime":34},"L2RE":1.2152265565750666,"max_APE":2.5122762012018637e+68,"_timestamp":1.7240000392102344e+09,"_runtime":33.621936048,"_step":0}