{"_runtime":1.235813888,"max_APE":2.779509971218446e+69,"iterations":150,"MSE":0.011213057079155457,"_timestamp":1.723362379005867e+09,"activation_function":"tanh","L2RE":0.9779228641679241,"MAE":1.8827386921980475e+66,"initialization_method":"Glorot normal","_step":0,"_wandb":{"runtime":1}}