{"_timestamp":1.7197397581130822e+09,"_runtime":25.574613,"_step":0,"_wandb":{"runtime":25},"MSE":0.009352758037214885,"MAE":2.795040452434056e+43,"L2RE":0.20499608879444042,"max_APE":6.456535324640966e+45}