{"L2RE":1.7863083363702963,"_timestamp":1.7242761855032144e+09,"_runtime":1.278261335,"activation_function":"APTx","_wandb":{"runtime":2},"MAE":1.4218833827512665e+65,"max_APE":3.0644256790733366e+68,"_step":0,"initialization_method":"He normal","iterations":10,"MSE":0.037413443533896626}