{"L2RE":0.8810044058361416,"MSE":0.009100620261415872,"MAE":3.816930648329751e+65,"iterations":2,"_timestamp":1.7244023213580964e+09,"_wandb":{"runtime":1},"activation_function":"SELU","_step":0,"max_APE":5.383709615442269e+68,"_runtime":1.373201964,"initialization_method":"Glorot normal"}