{"_timestamp":1.7243524571843557e+09,"L2RE":2.1939863343532657,"_step":1,"initialization_method":"Glorot normal","weighted_array":[0.25,0.25,0.25,0.25],"MSE":0.05643943647237961,"_runtime":5.13494917,"max_APE":2.8707222376775574e+69,"_wandb":{"runtime":6},"iterations":25,"activation_function":"Sigmoid","weighted_score":0.42414406159707546,"MAE":2.2492268105160765e+66}