{"_timestamp":1.7240458052972395e+09,"max_APE":4.727365806104572e+68,"MSE":0.02426007398734223,"L2RE":1.438429708872041,"_runtime":4119.386604638,"iterations":300,"MAE":2.239311570916213e+65,"activation_function":"APTx","_wandb":{"runtime":4120},"_step":1,"initialization_method":"He normal","weighted_score":0.22420730160553903,"weighted_array":[0.25,0.25,0.25,0.25]}