{"MSE":0.0148817858707832,"MAE":1.325922693659059e+65,"L2RE":1.126600940390477,"max_APE":1.8263610989451733e+68,"_wandb":{"runtime":32},"_timestamp":1.7240263555030549e+09,"_runtime":32.38356593,"_step":0}