{"_step":0,"_wandb":{"runtime":32},"MSE":0.09264272886112812,"MAE":1.2975599717449364e+66,"L2RE":2.8109184964425986,"max_APE":2.50060023637232e+69,"_timestamp":1.7233036113917089e+09,"_runtime":31.674108464}