{"max_APE":4.838784597383686e+68,"activation_function":"APTx","MAE":3.323937066326494e+65,"initialization_method":"Glorot normal","L2RE":1.8888646012216195,"_runtime":1.38227513,"_timestamp":1.7242383412456548e+09,"_step":0,"_wandb":{"runtime":2},"iterations":400,"MSE":0.04183275700077686}