{"MSE":0.2755654344241879,"L2RE":4.8479145265507615,"_timestamp":1.724349439200464e+09,"activation_function":"Softplus","max_APE":5.106414610320549e+69,"initialization_method":"Glorot normal","_wandb":{"runtime":3},"_runtime":1.293110425,"MAE":3.991036138653676e+66,"_step":0,"iterations":5}