{"MAE":1.6414920065492387e+66,"initialization_method":"He normal","_step":0,"MSE":0.12086322857923501,"_timestamp":1.723300041212538e+09,"_wandb":{"runtime":1},"max_APE":2.344543363380977e+69,"activation_function":"ReLu","L2RE":3.2106257118999872,"iterations":150,"_runtime":1.1591500479999999}