{"_step":0,"MSE":0.022873119116520853,"MAE":2.181231914793642e+65,"L2RE":1.3967069029927779,"max_APE":4.627955300400308e+68,"_wandb":{"runtime":33},"_timestamp":1.724029882488829e+09,"_runtime":33.297370799}