{"max_APE":1.780326660028885e+69,"_runtime":1.884009012,"_step":0,"initialization_method":"He normal","_timestamp":1.7233023930817268e+09,"MSE":0.030012944115293733,"_wandb":{"runtime":2},"L2RE":1.5999149019510683,"activation_function":"Mish","iterations":100,"MAE":8.697155417189385e+65}