{"iterations":3,"MAE":1.1620415947659637e+65,"MSE":0.03065324857643442,"_timestamp":1.724404728334324e+09,"_wandb":{"runtime":1},"L2RE":1.6168913485311258,"max_APE":1.7206753065511447e+68,"initialization_method":"He normal","_runtime":1.23446584,"activation_function":"APTx","_step":0}