{"weighted_array":[0.25,0.25,0.25,0.25],"max_APE":2.8707222376775574e+69,"_step":1,"initialization_method":"Glorot normal","_runtime":4.586774836,"weighted_score":0.42414406159707546,"activation_function":"Sigmoid","L2RE":2.1939863343532657,"_wandb":{"runtime":5},"MSE":0.05643943647237961,"_timestamp":1.7242764575327477e+09,"MAE":2.2492268105160765e+66,"iterations":5}