{"MSE":0.04183275700077686,"_wandb":{"runtime":31},"MAE":3.323937066326494e+65,"L2RE":1.8888646012216195,"max_APE":4.838784597383686e+68,"_timestamp":1.724238032850826e+09,"_runtime":30.772997168,"_step":0}