{"_wandb":{"runtime":3},"_step":1,"L2RE":1.0364265881659818,"MSE":0.012594818805329203,"activation_function":"Sigmoid","_timestamp":1.7244048525007849e+09,"weighted_score":0.408791957175412,"initialization_method":"Glorot normal","_runtime":2.684351926,"weighted_array":[0.25,0.25,0.25,0.25],"max_APE":1.6044365595850858e+69,"MAE":1.2617994149449704e+66,"iterations":2}