{"_runtime":1.347667255,"L2RE":1.3187003989860826,"MSE":0.020389524963611547,"max_APE":2.0933221659819772e+69,"_step":0,"_wandb":{"runtime":1},"iterations":250,"_timestamp":1.7233007292545516e+09,"MAE":1.6179743011812672e+66,"activation_function":"Sigmoid","initialization_method":"Glorot normal"}