{"iterations":150,"MSE":0.016313558765360437,"max_APE":1.0819177212542318e+69,"L2RE":1.1795515879688196,"_runtime":1.675252592,"_wandb":{"runtime":2},"MAE":4.887831551155803e+65,"initialization_method":"Glorot normal","_step":0,"activation_function":"SELU","_timestamp":1.7239969840356176e+09}