{"max_APE":8.090694083448993e+68,"_wandb":{"runtime":32},"_timestamp":1.7240283625104792e+09,"_runtime":32.467613304,"_step":0,"MSE":0.023141073473477766,"MAE":3.4843976550211433e+65,"L2RE":1.4048641637820207}