{"initialization_method":"He normal","L2RE":0.5808592578651468,"MAE":1.6254835853629824e+65,"_wandb":{"runtime":4},"_timestamp":1.7240667182636771e+09,"MSE":0.003956003469060539,"activation_function":"GELU","_step":0,"_runtime":2.719035841,"iterations":750,"max_APE":3.6068161795048035e+68}