{"L2RE":0.5828668026719861,"max_APE":2.148070288701766e+68,"_timestamp":1.7244041782807808e+09,"_runtime":27.14140959,"_step":0,"MSE":0.003983395916671265,"_wandb":{"runtime":27},"MAE":1.3851817018723383e+65}