{"_wandb":{"runtime":2},"max_APE":3.0644256790733366e+68,"L2RE":1.7863083363702963,"_step":0,"activation_function":"APTx","_timestamp":1.7243501921934106e+09,"iterations":15,"initialization_method":"He normal","MAE":1.4218833827512665e+65,"MSE":0.037413443533896626,"_runtime":1.34527426}