{"L2RE":1.1642109364542472,"_wandb":{"runtime":34},"max_APE":1.788511545436848e+69,"_timestamp":1.72402591494541e+09,"_runtime":33.987084837,"_step":0,"MSE":0.015891986294977425,"MAE":8.63342486257729e+65}