{"weighted_array":[0.25,0.25,0.25,0.25],"iterations":25,"MAE":5.669995942665947e+65,"L2RE":1.727057147101507,"weighted_score":0.1285172508772952,"activation_function":"Swish","_runtime":3.591624043,"MSE":0.034972626448801045,"initialization_method":"He normal","_wandb":{"runtime":4},"_step":1,"_timestamp":1.7242394729937084e+09,"max_APE":7.793419365381578e+68}