{"L2RE":2.039727890407325,"activation_function":"ReLu","MSE":0.048781966216754576,"_step":1,"initialization_method":"He normal","_wandb":{"runtime":4},"weighted_array":[0.25,0.25,0.25,0.25],"iterations":125,"_timestamp":1.724239166897007e+09,"_runtime":3.483815429,"weighted_score":0.11985322990243925,"MAE":2.930377721721396e+65,"max_APE":3.7391171184225726e+68}