{"max_APE":3.8281546752129725e+69,"iterations":300,"activation_function":"Sigmoid","_step":0,"MSE":0.11425053099184891,"_runtime":1.45704509,"MAE":2.9982241196633372e+66,"_wandb":{"runtime":2},"initialization_method":"Glorot normal","L2RE":3.1215600743783565,"_timestamp":1.7242343231148977e+09}