{"MAE":4.849014810141398e+65,"_step":1,"weighted_score":0.17949702159862505,"weighted_array":[0.25,0.25,0.25,0.25],"MSE":0.04581109894857657,"_timestamp":1.7242763821534529e+09,"iterations":3,"max_APE":6.964396883979389e+68,"_runtime":3.427674718,"L2RE":1.9766416345028768,"_wandb":{"runtime":4},"initialization_method":"He normal","activation_function":"ReLu"}