{"MAE":2.727075565462137e+65,"_wandb":{"runtime":1},"activation_function":"SiLU","L2RE":1.6419066335400638,"MSE":0.031609072126199164,"_timestamp":1.724086467850022e+09,"iterations":250,"_runtime":1.194857719,"initialization_method":"He normal","_step":0,"max_APE":6.35973784744584e+68}