{"MAE":1.1692380188800065e+65,"L2RE":1.0082940381892684,"max_APE":1.962376539860051e+68,"_timestamp":1.724177603685061e+09,"_runtime":30.344699968,"_wandb":{"runtime":30},"_step":0,"MSE":0.011920356147572666}