{"MAE":2.3449843983424504e+65,"L2RE":0.6963579327283937,"_wandb":{"runtime":30},"max_APE":3.501465588760042e+68,"_timestamp":1.7239994045485525e+09,"_runtime":29.979059796,"_step":0,"MSE":0.005685646929856371}