{"initialization_method":"He normal","iterations":1,"activation_function":"APTx","max_APE":1.7206753065511447e+68,"MAE":1.1620415947659637e+65,"_runtime":1.188947717,"MSE":0.03065324857643442,"_wandb":{"runtime":2},"_timestamp":1.7244046406889248e+09,"_step":0,"L2RE":1.6168913485311258}