{"_wandb":{"runtime":35},"MSE":0.011167148653204879,"MAE":1.1003280792457083e+65,"L2RE":0.9759189081776243,"max_APE":2.320567802746509e+68,"_timestamp":1.7239989554606917e+09,"_runtime":34.760358921,"_step":0}