{"iterations":50,"L2RE":1.8888646012216195,"MAE":3.323937066326494e+65,"MSE":0.04183275700077686,"max_APE":4.838784597383686e+68,"_wandb":{"runtime":1},"_step":0,"_runtime":1.321792886,"_timestamp":1.7242385331144366e+09,"activation_function":"APTx","initialization_method":"He normal"}