{"_step":0,"MSE":0.012241166962974366,"MAE":6.175574747296692e+65,"_wandb":{"runtime":31},"L2RE":1.021771993259084,"max_APE":1.2651051175416864e+69,"_timestamp":1.7233009126332662e+09,"_runtime":31.041659257}