{"L2RE":0.9915512797270007,"MSE":0.011527767036230957,"_step":0,"MAE":1.2399036312793523e+65,"_runtime":1.187370291,"_wandb":{"runtime":1},"initialization_method":"He normal","activation_function":"Swish","max_APE":2.2970079396073144e+68,"iterations":250,"_timestamp":1.7241898994506545e+09}