{"MSE":0.008769181705577367,"MAE":1.5185022100822613e+66,"L2RE":0.8648128186966396,"max_APE":2.6032138327808938e+69,"_timestamp":1.7234440041761708e+09,"_runtime":39.146137472,"_wandb":{"runtime":40},"_step":0}