{"activation_function":"GELU","initialization_method":"He normal","_runtime":1.202943252,"max_APE":3.8184107801525346e+68,"_step":0,"L2RE":1.7526433590160473,"iterations":20,"_wandb":{"runtime":1},"_timestamp":1.7242730057293458e+09,"MAE":2.288606660963791e+65,"MSE":0.03601653556785414}