{"_timestamp":1.7239997501463618e+09,"_runtime":34.313562595,"_step":0,"MSE":0.019160955397316423,"_wandb":{"runtime":34},"MAE":1.6466128823632864e+65,"L2RE":1.278354085417978,"max_APE":3.064942208207293e+68}