{"iterations":125,"initialization_method":"Glorot normal","MSE":0.006522874228696833,"MAE":9.439886698483586e+65,"_timestamp":1.7239974504680011e+09,"max_APE":1.2007779891470699e+69,"_step":0,"L2RE":0.7458681908220424,"_runtime":1.304371836,"activation_function":"Sigmoid","_wandb":{"runtime":1}}