{"_runtime":33.629180626,"_step":0,"MSE":0.01717891651476509,"MAE":1.4378522852936742e+65,"L2RE":1.210432200038911,"_wandb":{"runtime":34},"max_APE":2.56680696819094e+68,"_timestamp":1.7239999983074725e+09}