{"_timestamp":1.7240862567354424e+09,"_runtime":5871.491296593,"_step":0,"MSE":0.003745156582553336,"MAE":1.7959086088464912e+64,"L2RE":0.5651680127104677,"max_APE":2.369707042702508e+67,"_wandb":{"runtime":5872}}