{"max_APE":3.785240390859865e+68,"_timestamp":1.723996103396862e+09,"_runtime":35.202766046,"_step":0,"_wandb":{"runtime":35},"MSE":0.030946948853976808,"MAE":2.481315907404249e+65,"L2RE":1.6246189038885177}