{"_wandb":{"runtime":2},"_timestamp":1.724002094243776e+09,"MSE":0.011513315003891784,"weighted_score":0.11047924522434593,"activation_function":"Swish","_runtime":2.371381638,"max_APE":2.2378307829217777e+68,"initialization_method":"He normal","L2RE":0.9909295450411172,"_step":1,"iterations":400,"MAE":1.3328397777543346e+65,"weighted_array":[0.25,0.25,0.25,0.25]}