{"_wandb":{"runtime":30},"_timestamp":1.7233012922355442e+09,"_runtime":30.29012296,"_step":0,"MSE":0.013394096302505588,"MAE":7.24743114914539e+65,"L2RE":1.0688070069802045,"max_APE":1.6420253743383241e+69}