{"MSE":0.03023511994577554,"MAE":2.494066726846117e+65,"L2RE":1.6058258016262446,"max_APE":3.566697727714691e+68,"_timestamp":1.7239962717038589e+09,"_wandb":{"runtime":34},"_runtime":33.946487804,"_step":0}