{"_wandb":{"runtime":2},"weighted_array":[0.25,0.25,0.25,0.25],"max_APE":4.990963434711822e+68,"_step":1,"_timestamp":1.7240457438232756e+09,"_runtime":2.431454095,"initialization_method":"Glorot normal","iterations":200,"MSE":0.02845394684387141,"L2RE":1.5578076839167976,"MAE":2.401645310533099e+65,"activation_function":"APTx","weighted_score":0.25636356477109284}