{"_runtime":3078.006668,"_step":0,"_wandb":{"runtime":3078},"L2RE":0.9982186214078115,"max_APE":1.226230524480343e+37,"_timestamp":1.7204582685968442e+09,"MSE":0.1582271711990853,"MAE":2.1293170651030752e+35}