{"_step":0,"MSE":0.028703738425958455,"MAE":2.980710475046983e+65,"L2RE":1.5646305854715452,"max_APE":6.412103191444859e+68,"_timestamp":1.7240865946227272e+09,"_wandb":{"runtime":35},"_runtime":34.609789222}