{"_wandb":{"runtime":4},"_timestamp":1.724239153094105e+09,"iterations":50,"max_APE":3.7391171184225726e+68,"_step":1,"_runtime":3.416868215,"MSE":0.048781966216754576,"weighted_array":[0.25,0.25,0.25,0.25],"MAE":2.930377721721396e+65,"L2RE":2.039727890407325,"weighted_score":0.11985322990243925,"activation_function":"ReLu","initialization_method":"He normal"}