{"_timestamp":1.7240675578380196e+09,"_runtime":38.082001966,"_step":0,"MSE":0.008819887780741354,"MAE":3.2328640002997197e+65,"L2RE":0.8673095200727674,"_wandb":{"runtime":38},"max_APE":7.548274096118147e+68}