{"activation_function":"tanh","MSE":0.008246393017834665,"initialization_method":"Glorot normal","MAE":4.274475912592483e+65,"_timestamp":1.724236553166978e+09,"L2RE":0.8386381182804508,"_step":0,"_wandb":{"runtime":2},"iterations":250,"max_APE":8.275274617106667e+68,"_runtime":1.6804530949999998}