{"max_APE":4.838784597383686e+68,"_runtime":1.183274258,"_step":0,"activation_function":"APTx","initialization_method":"He normal","MAE":3.323937066326494e+65,"_wandb":{"runtime":1},"_timestamp":1.7242386476987615e+09,"MSE":0.04183275700077686,"L2RE":1.8888646012216195,"iterations":125}