{"_runtime":33.151893295,"_step":0,"MSE":0.033489497241074764,"MAE":4.919624867383933e+65,"L2RE":1.690039665271808,"max_APE":1.222193747985529e+69,"_timestamp":1.7240271742787983e+09,"_wandb":{"runtime":33}}