{"max_APE":1.0948072922976585e+69,"activation_function":"tanh","_wandb":{"runtime":1},"_step":0,"_timestamp":1.7233022805350447e+09,"iterations":400,"L2RE":1.3765414107183382,"initialization_method":"Glorot normal","_runtime":1.160438751,"MSE":0.022217408193337767,"MAE":5.037217995639899e+65}