{"_timestamp":1.7196742192979949e+09,"_runtime":34.950987,"_step":0,"_wandb":{"runtime":35},"MSE":0.005007912233215042,"MAE":9.744955663271284e+42,"L2RE":0.15000442828282048,"max_APE":2.251081681633743e+45}