{"max_APE":8.901284032905224e+67,"_timestamp":1.7239915449983242e+09,"_runtime":1022.893317839,"_step":0,"_wandb":{"runtime":1023},"MSE":0.0021893916471399898,"MAE":4.059216617177417e+64,"L2RE":0.4321199450337537}