{"MAE":2.2492268105160765e+66,"_timestamp":1.7242739148296168e+09,"_wandb":{"runtime":1},"_runtime":1.201072756,"MSE":0.05643943647237961,"max_APE":2.8707222376775574e+69,"iterations":20,"L2RE":2.1939863343532657,"_step":0,"initialization_method":"Glorot normal","activation_function":"Sigmoid"}