{"max_APE":1.7177040777763239e+69,"_timestamp":1.7240254019274833e+09,"L2RE":1.6403718676039158,"iterations":400,"MSE":0.031550006826464645,"initialization_method":"He normal","_runtime":1.186053794,"MAE":8.290345660658373e+65,"activation_function":"ReLu","_step":0,"_wandb":{"runtime":1}}