{"max_APE":1.8238298011518975e+69,"_timestamp":1.7240251138259687e+09,"_runtime":32.978334425,"_wandb":{"runtime":33},"_step":0,"MSE":0.05268991521509512,"MAE":8.823810351023758e+65,"L2RE":2.11985586791354}