{"activation_function":"sin","initialization_method":"Glorot normal","iterations":50,"MSE":0.015673707568259598,"_runtime":1.302880125,"max_APE":1.137570413925212e+69,"MAE":5.432439844354207e+65,"_wandb":{"runtime":2},"_timestamp":1.7242351489373727e+09,"L2RE":1.1561879894496223,"_step":0}