{"_timestamp":1.7240023263805199e+09,"_wandb":{"runtime":4},"initialization_method":"He normal","MSE":0.04315224998964526,"weighted_score":0.3250030929378062,"weighted_array":[0.25,0.25,0.25,0.25],"_step":1,"MAE":3.049381990466621e+65,"iterations":50,"activation_function":"APTx","_runtime":3.32872401,"max_APE":4.2531452888096007e+68,"L2RE":1.918422707293974}