{"_runtime":4.16701601,"initialization_method":"Glorot normal","max_APE":1.8226436821511145e+69,"iterations":150,"weighted_score":0.4675981207492567,"MAE":1.4057337705899389e+66,"_step":1,"weighted_array":[0.25,0.25,0.25,0.25],"activation_function":"tanh","MSE":0.014519279714771452,"L2RE":1.1127948825102103,"_timestamp":1.7235703191912985e+09,"_wandb":{"runtime":4}}