{"weighted_array":[0.25,0.25,0.25,0.25],"weighted_score":0.059638733231171706,"_timestamp":1.7233624666451979e+09,"activation_function":"Swish","_wandb":{"runtime":2},"iterations":59,"initialization_method":"He normal","L2RE":0.7865474963769545,"MSE":0.007253785992952843,"MAE":9.23675325746608e+65,"max_APE":1.8150389091222066e+69,"_runtime":2.3726292620000002,"_step":1}