{"_runtime":35.383293676,"_step":0,"MSE":0.007589210307425356,"MAE":2.430142680793174e+65,"L2RE":0.8045274706293954,"_wandb":{"runtime":35},"max_APE":5.611989056120444e+68,"_timestamp":1.7240686412572753e+09}