{"max_APE":5.546696587647525e+68,"MAE":2.5707525124100123e+65,"_timestamp":1.724068144131648e+09,"_step":0,"_runtime":1.562909876,"activation_function":"Mish","L2RE":0.4865903288913541,"MSE":0.0027761426511500494,"iterations":250,"_wandb":{"runtime":2},"initialization_method":"He normal"}