{"max_APE":1.8159753045889348e+69,"_timestamp":1.723299691357191e+09,"_runtime":31.365027928,"_step":0,"_wandb":{"runtime":31},"MSE":0.057879293469145346,"MAE":9.184895386019478e+65,"L2RE":2.2217960702191304}