{"_step":0,"MSE":0.005380314739916928,"MAE":1.1041536183649104e+66,"L2RE":0.6774019222908066,"max_APE":1.986800301365086e+69,"_timestamp":1.7234439525622556e+09,"_wandb":{"runtime":40},"_runtime":39.439335337}