{"_timestamp":1.7240690631139677e+09,"_step":1,"weighted_array":[0.25,0.25,0.25,0.25],"_wandb":{"runtime":3},"weighted_score":0.053640350369114936,"_runtime":3.060369468,"initialization_method":"Glorot normal","MAE":1.8211414614284023e+65,"iterations":500,"L2RE":0.5730449714159938,"activation_function":"Softplus","MSE":0.003850279386592325,"max_APE":3.046603390372579e+68}