{"MSE":0.0024441153841030226,"MAE":9.193078454494602e+64,"L2RE":0.4565658624643288,"max_APE":1.387272866541234e+68,"_timestamp":1.72427261714498e+09,"_runtime":33.696328919,"_wandb":{"runtime":34},"_step":0}