{"MAE":1.2731353323258386e+65,"weighted_score":0.11049098930059656,"_step":1,"max_APE":2.6941522438986425e+68,"_timestamp":1.7240020514600391e+09,"weighted_array":[0.25,0.25,0.25,0.25],"activation_function":"Swish","_runtime":2.428156341,"L2RE":0.9709976332329376,"iterations":75,"MSE":0.011054807262293246,"_wandb":{"runtime":3},"initialization_method":"He normal"}