{"MSE":0.01715587372575064,"_wandb":{"runtime":34},"MAE":9.182856071276619e+65,"L2RE":1.2096201263222988,"max_APE":1.839334080631557e+69,"_timestamp":1.724025832360268e+09,"_runtime":33.948955216,"_step":0}