{"_step":0,"_wandb":{"runtime":31},"MSE":0.008246393017834665,"MAE":4.274475912592483e+65,"L2RE":0.8386381182804508,"max_APE":8.275274617106667e+68,"_timestamp":1.7242366262642124e+09,"_runtime":31.003546836}