{"_wandb":{"runtime":2},"MSE":0.004698899420006574,"_step":0,"max_APE":1.4073144002966624e+69,"iterations":500,"initialization_method":"Glorot normal","MAE":8.45026374123726e+65,"activation_function":"SELU","L2RE":0.6330538557156712,"_timestamp":1.7242338378493135e+09,"_runtime":1.418217546}