{"L2RE":1.0082940381892684,"_runtime":1.216018555,"_step":0,"initialization_method":"He normal","MSE":0.011920356147572666,"_wandb":{"runtime":1},"iterations":750,"_timestamp":1.7241777599460592e+09,"activation_function":"Swish","MAE":1.1692380188800065e+65,"max_APE":1.962376539860051e+68}