{"_timestamp":1.720366359887447e+09,"_runtime":3445.969405,"_step":0,"_wandb":{"runtime":3446},"MSE":0.003527567766046825,"MAE":7.853095582357201e+37,"L2RE":0.14904685552547406,"max_APE":2.7791482210159305e+39}