{"activation_function":"sin","_step":0,"iterations":175,"max_APE":1.222193747985529e+69,"MSE":0.033489497241074764,"_runtime":1.214872672,"initialization_method":"Glorot normal","_wandb":{"runtime":1},"MAE":4.919624867383933e+65,"_timestamp":1.724027178281722e+09,"L2RE":1.690039665271808}