{"max_APE":5.383709615442269e+68,"_wandb":{"runtime":30},"_timestamp":1.7244022791874418e+09,"_runtime":30.178764583,"_step":0,"MSE":0.009100620261415872,"MAE":3.816930648329751e+65,"L2RE":0.8810044058361416}