{"_wandb":{"runtime":1},"initialization_method":"He normal","MSE":0.03320901646118235,"_runtime":1.140753847,"MAE":2.574945252368263e+65,"_step":0,"iterations":75,"max_APE":5.638388982171703e+68,"_timestamp":1.7240300463068738e+09,"activation_function":"APTx","L2RE":1.6829475861172691}