{"_timestamp":1.720506863063916e+09,"MSE":0.0074131116964088325,"_runtime":4737.343825,"_step":0,"_wandb":{"runtime":4737},"MAE":1.0028458496674748e+38,"L2RE":0.21606549018964252,"max_APE":4.818949401378632e+39}