{"L2RE":1.727057147101507,"MAE":5.669995942665946e+65,"_timestamp":1.7242357480886238e+09,"_step":0,"MSE":0.034972626448801045,"iterations":75,"max_APE":7.793419365381578e+68,"_wandb":{"runtime":2},"activation_function":"Swish","initialization_method":"He normal","_runtime":1.3820570970000001}