{"_wandb":{"runtime":3},"initialization_method":"Glorot normal","_runtime":3.349043671,"activation_function":"APTx","max_APE":3.0644256790733366e+68,"weighted_score":0.1193740535222172,"MAE":1.4218833827512663e+65,"weighted_array":[0.25,0.25,0.25,0.25],"L2RE":1.7863083363702963,"_timestamp":1.7242767014175055e+09,"MSE":0.037413443533896626,"iterations":10,"_step":1}