{"activation_function":"APTx","initialization_method":"Glorot normal","_timestamp":1.7242757800723398e+09,"MSE":0.037413443533896626,"L2RE":1.7863083363702963,"_step":0,"_wandb":{"runtime":2},"max_APE":3.0644256790733366e+68,"_runtime":1.202992258,"MAE":1.4218833827512665e+65,"iterations":3}