{"_timestamp":1.7233007997049198e+09,"_runtime":29.588077094,"_wandb":{"runtime":29},"_step":0,"MSE":0.023032477700092674,"MAE":1.7011263250417268e+66,"L2RE":1.4015639340678143,"max_APE":2.199876296723247e+69}