{"max_APE":2.2358112037181857e+39,"_timestamp":1.7202996796889086e+09,"_runtime":5075.197623,"_step":0,"_wandb":{"runtime":5075},"MSE":0.0031394232675919036,"MAE":6.777869460629091e+37,"L2RE":0.14060801319526597}