{"initialization_method":"He normal","MSE":0.08893318860287226,"_wandb":{"runtime":1},"iterations":250,"L2RE":2.7540670901040594,"MAE":1.2434064467799355e+66,"max_APE":2.3888070631500516e+69,"_runtime":1.212169545,"_step":0,"_timestamp":1.7233035765718951e+09,"activation_function":"APTx"}