{"MSE":0.015673707568259598,"MAE":5.432439844354207e+65,"L2RE":1.1561879894496223,"_wandb":{"runtime":31},"max_APE":1.137570413925212e+69,"_timestamp":1.724235423901846e+09,"_runtime":30.842523627,"_step":0}