{"_step":1,"MSE":0.008246393017834665,"_timestamp":1.7242395493925188e+09,"weighted_array":[0.25,0.25,0.25,0.25],"MAE":4.2744759125924835e+65,"max_APE":8.275274617106667e+68,"_runtime":2.414203301,"iterations":75,"initialization_method":"Glorot normal","weighted_score":0.06607352429952101,"L2RE":0.8386381182804508,"_wandb":{"runtime":3},"activation_function":"tanh"}