{"_step":0,"_wandb":{"runtime":40},"MSE":0.010800916340994955,"MAE":3.1693362897488556e+65,"L2RE":0.9597826277875087,"max_APE":6.366295462723915e+68,"_timestamp":1.7240676071932158e+09,"_runtime":39.861170919}