{"MAE":1.4218833827512665e+65,"L2RE":1.7863083363702963,"_step":0,"_timestamp":1.7242758224266496e+09,"activation_function":"APTx","iterations":5,"max_APE":3.0644256790733366e+68,"initialization_method":"Glorot normal","MSE":0.037413443533896626,"_runtime":1.398978375,"_wandb":{"runtime":2}}