{"MSE":0.015673707568259598,"_step":0,"max_APE":1.137570413925212e+69,"_wandb":{"runtime":1},"L2RE":1.1561879894496223,"_runtime":1.297212429,"iterations":400,"_timestamp":1.7242355054084847e+09,"initialization_method":"Glorot normal","activation_function":"sin","MAE":5.432439844354207e+65}