{"_wandb":{"runtime":1},"activation_function":"ELU","_timestamp":1.7239927376217353e+09,"initialization_method":"He normal","iterations":350,"MAE":3.083649112980799e+64,"_step":0,"L2RE":0.4266228359332445,"MSE":0.0021340423273375595,"max_APE":6.550322354425999e+67,"_runtime":1.240122043}