{"MSE":0.04445284538923854,"activation_function":"ReLu","max_APE":9.688042805854982e+68,"_timestamp":1.723996609419255e+09,"iterations":250,"_runtime":1.210419252,"MAE":4.554928649501908e+65,"initialization_method":"He normal","L2RE":1.9471184243988358,"_step":0,"_wandb":{"runtime":1}}