{"activation_function":"SiLU","weighted_array":[0.25,0.25,0.25,0.25],"max_APE":5.293780334143051e+68,"MAE":3.9320035438791094e+65,"MSE":0.02444910359824417,"weighted_score":0.11533434948435324,"_timestamp":1.724352489145692e+09,"_step":1,"initialization_method":"He normal","L2RE":1.4440228122359775,"_runtime":2.851197337,"iterations":10,"_wandb":{"runtime":3}}