{"MSE":0.01147006038351851,"_runtime":1.284496587,"_step":0,"activation_function":"Swish","_wandb":{"runtime":1},"L2RE":0.9890663712015482,"iterations":2,"_timestamp":1.72440358353629e+09,"initialization_method":"He normal","max_APE":2.8329032302244797e+67,"MAE":1.5871114741853595e+64}