{"MAE":1.3571491142884146e+60,"L2RE":0.6256702329520558,"_runtime":309.09633,"_step":0,"_wandb":{"runtime":309},"max_APE":3.446505748814291e+63,"_timestamp":1.7207908778396516e+09,"MSE":0.008707132571029572}