{"_runtime":32.335332006,"_wandb":{"runtime":32},"_step":0,"MSE":0.008570965106243495,"MAE":9.95246738580529e+65,"L2RE":0.8549829364408744,"max_APE":1.939111918537516e+69,"_timestamp":1.723362094640292e+09}