{"max_APE":6.197633245284772e+69,"L2RE":5.926590282741275,"initialization_method":"Glorot normal","_timestamp":1.7242377175042348e+09,"iterations":250,"MSE":0.4118363173112845,"activation_function":"Softplus","_wandb":{"runtime":1},"MAE":4.780666084904372e+66,"_step":0,"_runtime":1.213572675}