{"_wandb":{"runtime":37},"_step":0,"MSE":0.2868940092282805,"MAE":3.805983039620967e+66,"L2RE":4.946560481592426,"max_APE":5.086509936449826e+69,"_timestamp":1.7233028599008963e+09,"_runtime":36.94641688}