{"_wandb":{"runtime":3},"weighted_score":0.664843609569649,"activation_function":"ReLu","L2RE":1.9406705168902392,"_timestamp":1.724068922567859e+09,"weighted_array":[0.25,0.25,0.25,0.25],"_step":1,"iterations":1000,"MAE":1.3109404324595948e+66,"initialization_method":"He normal","max_APE":2.1312720088411803e+69,"MSE":0.044158920534837776,"_runtime":2.566916125}