{"max_APE":1.7823611883000874e+69,"_timestamp":1.7235683754362311e+09,"_runtime":36.376550677,"_step":0,"_wandb":{"runtime":36},"MSE":0.007078244449241425,"MAE":9.135507260037398e+65,"L2RE":0.7769719892769227}