{"_runtime":32.023583553,"_step":0,"MSE":0.026484903806403677,"MAE":3.5352428386525038e+65,"L2RE":1.5029404864600306,"_wandb":{"runtime":32},"max_APE":5.218563998844515e+68,"_timestamp":1.7239983998956738e+09}