{"MAE":4.780666084904372e+66,"L2RE":5.926590282741275,"_wandb":{"runtime":33},"max_APE":6.197633245284772e+69,"_timestamp":1.7242376683333282e+09,"_runtime":33.18157593,"_step":0,"MSE":0.4118363173112845}