{"iterations":250,"L2RE":1.8888646012216197,"MAE":3.3239370663264945e+65,"MSE":0.04183275700077686,"weighted_score":0.11535394529871053,"activation_function":"APTx","max_APE":4.838784597383686e+68,"_runtime":2.487510588,"_step":1,"weighted_array":[0.25,0.25,0.25,0.25],"_wandb":{"runtime":3},"initialization_method":"He normal","_timestamp":1.7242398400301538e+09}