{"MSE":0.02444910359824417,"iterations":5,"_step":0,"initialization_method":"He normal","_wandb":{"runtime":2},"activation_function":"Swish","MAE":3.9320035438791094e+65,"L2RE":1.4440228122359777,"max_APE":5.293780334143051e+68,"_runtime":1.4671747179999999,"_timestamp":1.724346585992076e+09}