{"L2RE":1.2158342603954233,"iterations":7,"MSE":0.017332594889706704,"_runtime":1.429883544,"_step":0,"activation_function":"sin","_wandb":{"runtime":2},"initialization_method":"Glorot normal","MAE":4.630936975108508e+65,"max_APE":9.054034475472478e+68,"_timestamp":1.7243463299282813e+09}