{"MAE":2.930377721721396e+65,"max_APE":3.7391171184225726e+68,"L2RE":2.039727890407325,"_runtime":1.342539166,"_step":0,"MSE":0.048781966216754576,"_timestamp":1.7242331681493742e+09,"_wandb":{"runtime":2},"iterations":300,"activation_function":"ReLu","initialization_method":"He normal"}