{"MAE":1.8428538816601675e+65,"L2RE":1.4592348658311318,"max_APE":3.6854048670886833e+68,"_timestamp":1.7240246553998344e+09,"_runtime":34.336068546,"_step":0,"_wandb":{"runtime":34},"MSE":0.024966934856576858}