{"_timestamp":1.7241649954795809e+09,"_wandb":{"runtime":40},"_runtime":39.674384586,"_step":0,"MSE":0.004344022906577529,"MAE":3.937418819113849e+65,"L2RE":0.6086794465937208,"max_APE":5.713212836671603e+68}