{"_step":0,"L2RE":0.4726213926534318,"MAE":2.9635782267582426e+64,"_runtime":1.226799554,"max_APE":5.571361955316037e+67,"iterations":2,"activation_function":"ELU","_wandb":{"runtime":1},"MSE":0.0026190366969898876,"_timestamp":1.724401974023577e+09,"initialization_method":"He normal"}