{"L2RE":0.6116534250129986,"_wandb":{"runtime":29},"max_APE":3.5457362704846013e+68,"_timestamp":1.7241774538939407e+09,"_runtime":29.203669468,"_step":0,"MSE":0.0043865759821878555,"MAE":2.2741570572638557e+65}