{"activation_function":"Mish","_runtime":1.339047387,"_step":0,"_wandb":{"runtime":2},"iterations":7,"MAE":3.005237873851247e+65,"_timestamp":1.7242752464492254e+09,"max_APE":4.0360149464657366e+68,"MSE":0.02260332901705805,"L2RE":1.388445339667925,"initialization_method":"He normal"}