{"MSE":0.0021772005085258024,"MAE":1.7958486025804522e+65,"L2RE":0.43091518385922895,"max_APE":3.4389852214842576e+68,"_timestamp":1.7240683041656485e+09,"_runtime":44.326027631,"_step":0,"_wandb":{"runtime":44}}