{"MAE":1.5189699359980508e+65,"L2RE":0.6235448257155232,"_wandb":{"runtime":1091},"max_APE":3.1481938930516513e+68,"_timestamp":1.7240147449253922e+09,"_runtime":1091.12642875,"_step":0,"MSE":0.0045587963506879044}