{"L2RE":2.8260579953790423,"max_APE":2.828488863449199e+69,"_timestamp":1.723303410212922e+09,"_runtime":34.21755576,"_step":0,"_wandb":{"runtime":34},"MSE":0.09364335664600458,"MAE":1.4443421119948415e+66}