{"_wandb":{"runtime":1},"initialization_method":"Glorot normal","L2RE":0.7029656510999447,"MSE":0.005794060715793726,"_runtime":1.200803503,"activation_function":"APTx","MAE":2.0217817135255877e+65,"_timestamp":1.7240686880212324e+09,"_step":0,"max_APE":4.583647336389177e+68,"iterations":1000}