{"max_APE":1.6272579284132717e+68,"_timestamp":1.724027927838979e+09,"_runtime":34.051919713,"_wandb":{"runtime":34},"_step":0,"MSE":0.01063038457881953,"MAE":6.744688231527158e+64,"L2RE":0.9521756519656691}