{"activation_function":"ELU","_step":0,"iterations":250,"max_APE":1.226768555691772e+68,"MSE":0.0022212957701868642,"initialization_method":"He normal","_wandb":{"runtime":2},"MAE":5.785743930976418e+64,"_runtime":1.355012377,"_timestamp":1.7239905188654375e+09,"L2RE":0.43525701422501295}