{"_runtime":1.2298888749999999,"iterations":400,"MSE":0.023141073473477766,"initialization_method":"Glorot normal","MAE":3.4843976550211433e+65,"_wandb":{"runtime":1},"_timestamp":1.7240283664762526e+09,"L2RE":1.4048641637820207,"_step":0,"max_APE":8.090694083448993e+68,"activation_function":"tanh"}