{"_runtime":1.179452004,"MSE":0.011400276183183686,"L2RE":0.9860530257682298,"MAE":7.614649267315481e+64,"activation_function":"Swish","_step":0,"max_APE":1.7109980112117189e+68,"initialization_method":"He normal","iterations":300,"_wandb":{"runtime":1},"_timestamp":1.7240278051427782e+09}