{"_wandb":{"runtime":31},"_step":0,"MSE":0.031206634052515902,"MAE":2.5214546218878846e+65,"L2RE":1.631420998144469,"max_APE":4.343183366599633e+68,"_timestamp":1.7239959345589159e+09,"_runtime":31.487514176}