{"_wandb":{"runtime":30},"_step":0,"MSE":0.036921475370502124,"MAE":2.4836877497127716e+65,"L2RE":1.774524938904827,"max_APE":3.2400096580513947e+68,"_timestamp":1.7240013391285722e+09,"_runtime":30.166503511}