{"max_APE":5.293780334143051e+68,"initialization_method":"He normal","iterations":3,"L2RE":1.4440228122359777,"_runtime":1.368690837,"MAE":3.9320035438791094e+65,"activation_function":"Swish","_step":0,"_timestamp":1.7243465415857596e+09,"MSE":0.02444910359824417,"_wandb":{"runtime":3}}