{"_timestamp":1.7242367085463219e+09,"MAE":4.274475912592483e+65,"max_APE":8.275274617106667e+68,"initialization_method":"Glorot normal","MSE":0.008246393017834665,"_wandb":{"runtime":2},"iterations":750,"activation_function":"tanh","L2RE":0.8386381182804508,"_runtime":1.243756805,"_step":0}