{"iterations":750,"L2RE":0.9296442171154644,"weighted_score":0.17486258068299276,"_runtime":4.237941921,"_wandb":{"runtime":4},"weighted_array":[0.25,0.25,0.25,0.25],"MSE":0.010133241117643792,"activation_function":"sin","_step":1,"max_APE":6.820952269605355e+68,"_timestamp":1.7240689922120786e+09,"MAE":3.657870229309938e+65,"initialization_method":"Glorot normal"}