{"_timestamp":1.7239982792484558e+09,"_runtime":35.939399136,"_wandb":{"runtime":36},"_step":0,"MSE":0.011463076913353354,"MAE":1.2906536453587044e+65,"L2RE":0.9887652321089153,"max_APE":2.145085333266889e+68}