{"_wandb":{"runtime":3},"_timestamp":1.7242364711640136e+09,"L2RE":0.8386381182804508,"_runtime":1.767255584,"iterations":175,"activation_function":"tanh","MSE":0.008246393017834665,"initialization_method":"Glorot normal","MAE":4.274475912592483e+65,"_step":0,"max_APE":8.275274617106667e+68}