{"L2RE":0.433032131796044,"max_APE":1.6410078051658328e+68,"_timestamp":1.723989655859797e+09,"_runtime":701.905836672,"_step":0,"MSE":0.0021986448280374225,"MAE":7.170322418235925e+64,"_wandb":{"runtime":702}}