{"_step":0,"_wandb":{"runtime":46971},"MSE":0.02385110886491612,"MAE":6.272125715886503e+60,"L2RE":1.0355288484473333,"max_APE":1.593079715531335e+64,"_timestamp":1.7207798717854102e+09,"_runtime":46970.988392}