{"MAE":8.160192736293755e+64,"L2RE":1.0065511211343239,"max_APE":1.7366236519568604e+68,"_timestamp":1.7240277196592658e+09,"_wandb":{"runtime":34},"_runtime":34.119260423,"_step":0,"MSE":0.01187918118354853}