{"_wandb":{"runtime":1},"L2RE":0.9890663712015482,"max_APE":2.8329032302244797e+67,"MSE":0.01147006038351851,"_step":0,"_runtime":1.253596544,"_timestamp":1.7244040775972269e+09,"MAE":1.5871114741853595e+64,"iterations":3,"activation_function":"Swish","initialization_method":"He normal"}