{"L2RE":0.6810065863918379,"max_APE":8.40915713741264e+62,"_timestamp":1.720787596686098e+09,"_runtime":104.250011,"_step":0,"_wandb":{"runtime":218},"MSE":0.0103154171341264,"MAE":3.312886899431102e+59}