{"_timestamp":1.7240268079722254e+09,"_runtime":34.055115334,"_wandb":{"runtime":34},"_step":0,"MSE":0.011400276183183686,"MAE":7.614649267315481e+64,"L2RE":0.9860530257682298,"max_APE":1.7109980112117189e+68}