{"MAE":1.1364763230131538e+64,"L2RE":1.1736554906308545,"max_APE":2.6636746948523145e+67,"_wandb":{"runtime":32},"_timestamp":1.724404384574279e+09,"_runtime":32.457601251,"_step":0,"MSE":0.016150876720304446}