{"_wandb":{"runtime":37},"_timestamp":1.7233029981155658e+09,"_runtime":36.636845666,"_step":0,"MSE":0.3537818538312199,"MAE":4.28779220225165e+66,"L2RE":5.493009630156623,"max_APE":5.737711366107708e+69}