{"initialization_method":"Glorot normal","_wandb":{"runtime":2},"max_APE":5.106414610320549e+69,"_step":0,"MAE":3.991036138653676e+66,"MSE":0.2755654344241879,"_runtime":1.6729552939999999,"activation_function":"Softplus","L2RE":4.8479145265507615,"_timestamp":1.724349396685588e+09,"iterations":3}