{"MSE":0.007253785992952843,"_runtime":1.315531169,"activation_function":"SiLU","iterations":59,"_step":0,"L2RE":0.7865474963769545,"max_APE":1.8150389091222062e+69,"_timestamp":1.723441848788478e+09,"initialization_method":"He normal","_wandb":{"runtime":1},"MAE":9.236753257466078e+65}