{"max_APE":1.515039998919775e+46,"_runtime":13730.298681,"_step":0,"_wandb":{"runtime":13730},"_timestamp":1.7196641395685809e+09,"MSE":0.004892105139960686,"MAE":6.558618309819366e+43,"L2RE":0.1482598705783567}