{"_runtime":3.47882534,"activation_function":"GELU","initialization_method":"He normal","_wandb":{"runtime":4},"weighted_score":0.12457299223247842,"_timestamp":1.7242390931285625e+09,"weighted_array":[0.25,0.25,0.25,0.25],"MSE":0.04270725067587338,"max_APE":5.647375368954981e+68,"L2RE":1.9085053900455409,"MAE":4.1550143349747753e+65,"_step":1,"iterations":100}