{"iterations":20,"max_APE":3.0644256790733366e+68,"activation_function":"APTx","_runtime":4.454796346,"L2RE":1.7863083363702963,"_wandb":{"runtime":5},"initialization_method":"He normal","weighted_array":[0.25,0.25,0.25,0.25],"_timestamp":1.7243528065272214e+09,"MAE":1.4218833827512663e+65,"MSE":0.037413443533896626,"_step":1,"weighted_score":0.1193740535222172}