{"L2RE":1.7526433590160473,"_step":1,"max_APE":3.8184107801525346e+68,"MSE":0.03601653556785414,"weighted_score":0.12553049134948485,"weighted_array":[0.25,0.25,0.25,0.25],"_runtime":3.912381472,"initialization_method":"He normal","iterations":20,"_timestamp":1.7243513206874826e+09,"MAE":2.288606660963791e+65,"_wandb":{"runtime":4},"activation_function":"GELU"}