{"MSE":0.037413443533896626,"initialization_method":"Glorot normal","_runtime":4.847135762,"_wandb":{"runtime":5},"MAE":1.4218833827512663e+65,"weighted_score":0.1193740535222172,"max_APE":3.0644256790733366e+68,"_step":1,"iterations":7,"_timestamp":1.7243527456313064e+09,"activation_function":"APTx","L2RE":1.7863083363702963,"weighted_array":[0.25,0.25,0.25,0.25]}