{"iterations":100,"_wandb":{"runtime":1},"initialization_method":"He normal","_runtime":1.174843469,"activation_function":"SiLU","_step":0,"MSE":0.007437405829102103,"_timestamp":1.7233608132157967e+09,"MAE":9.617310420311646e+65,"max_APE":1.8367912931154196e+69,"L2RE":0.7964404767558876}