{"_runtime":2.364820928,"activation_function":"SiLU","_wandb":{"runtime":3},"L2RE":0.9890663712015482,"_timestamp":1.7243585965549548e+09,"_step":1,"iterations":1,"MAE":1.5871114741853598e+64,"max_APE":2.8329032302244797e+67,"MSE":0.01147006038351851,"initialization_method":"He normal","weighted_score":0.09467104003004584,"weighted_array":[0.25,0.25,0.25,0.25]}