{"_wandb":{"runtime":1},"MAE":4.846615098384357e+65,"iterations":200,"MSE":0.03453505894103684,"_step":0,"initialization_method":"Glorot normal","_runtime":1.23640276,"max_APE":1.198577656379587e+69,"activation_function":"sin","_timestamp":1.724027218393901e+09,"L2RE":1.7162189164452823}