{"MAE":2.444657559487873e+65,"_runtime":2.42323426,"weighted_score":0.26598512460509877,"initialization_method":"Glorot normal","MSE":0.029708992363625383,"weighted_array":[0.25,0.25,0.25,0.25],"iterations":175,"_wandb":{"runtime":3},"_timestamp":1.7240457395018501e+09,"L2RE":1.5917928324392243,"_step":1,"activation_function":"APTx","max_APE":5.098143230007739e+68}