{"_wandb":{"runtime":33},"_timestamp":1.7240863816751204e+09,"_runtime":32.645563512,"_step":0,"MSE":0.012071429656885785,"MAE":8.928855537591675e+64,"L2RE":1.014663265789137,"max_APE":1.4613581928371371e+68}