{"initialization_method":"He normal","MAE":1.026344335179818e+66,"_runtime":1.39333546,"_wandb":{"runtime":2},"MSE":0.0062599055563421395,"_step":0,"L2RE":0.7306787451624153,"max_APE":1.889516173928941e+69,"activation_function":"SiLU","_timestamp":1.7233612450719821e+09,"iterations":150}