{"_wandb":{"runtime":4419},"_timestamp":1.7203401488444817e+09,"MSE":0.003630604393391246,"MAE":8.037666557169238e+37,"L2RE":0.1512079410350081,"max_APE":2.771812677383423e+39,"_runtime":4418.779492,"_step":0}