{"initialization_method":"He normal","iterations":750,"_step":0,"activation_function":"APTx","_runtime":1.210237841,"_wandb":{"runtime":2},"_timestamp":1.7240688184204874e+09,"L2RE":0.8045274706293954,"MSE":0.007589210307425356,"max_APE":5.611989056120444e+68,"MAE":2.430142680793174e+65}