{"_step":1,"_runtime":2.602618969,"L2RE":0.4726213926534318,"weighted_score":0.005029432233780008,"activation_function":"ELU","max_APE":5.571361955316037e+67,"weighted_array":[0.25,0.25,0.25,0.25],"MSE":0.0026190366969898876,"_timestamp":1.7243585340649943e+09,"_wandb":{"runtime":3},"MAE":2.9635782267582426e+64,"iterations":3,"initialization_method":"He normal"}