{"initialization_method":"He normal","MAE":1.7110820783487356e+65,"MSE":0.017149579989880554,"_runtime":1.256733588,"activation_function":"Mish","_step":0,"iterations":75,"_wandb":{"runtime":1},"max_APE":4.2011409051305707e+68,"L2RE":1.2093982277454762,"_timestamp":1.724028496913834e+09}