{"MAE":1.141363397195614e+66,"L2RE":1.1877772477747106,"max_APE":2.1660787515844672e+69,"_timestamp":1.723300343168256e+09,"_runtime":31.050853841,"_step":0,"_wandb":{"runtime":31},"MSE":0.016541878875245553}