{"L2RE":1.5202466745662573,"MAE":1.929412150773094e+65,"max_APE":3.996104258690792e+68,"_wandb":{"runtime":1},"iterations":100,"MSE":0.0270983567954786,"activation_function":"GELU","_runtime":1.115468217,"_step":0,"initialization_method":"He normal","_timestamp":1.7240245748151884e+09}