{"_runtime":2783.307235097,"_step":0,"_wandb":{"runtime":5899},"MSE":0.022873119116520853,"MAE":2.181231914793642e+65,"L2RE":1.3967069029927779,"max_APE":4.627955300400308e+68,"_timestamp":1.7240404895069597e+09}