{"_runtime":1.262331173,"_wandb":{"runtime":1},"L2RE":1.7569484436886411,"initialization_method":"He normal","MAE":2.587285981873205e+65,"max_APE":3.6784395191674664e+68,"activation_function":"APTx","MSE":0.036193690454782955,"_timestamp":1.7240015700990295e+09,"iterations":350,"_step":0}