{"_runtime":32.007626587,"_step":0,"_wandb":{"runtime":34},"MSE":0.04581109894857657,"MAE":4.849014810141398e+65,"L2RE":1.9766416345028766,"max_APE":6.964396883979389e+68,"_timestamp":1.724345071524922e+09}