{"_timestamp":1.7240685989371908e+09,"_wandb":{"runtime":37},"_runtime":37.313087253,"_step":0,"MSE":0.00927928990834215,"MAE":2.751588025323648e+65,"L2RE":0.8896106131383401,"max_APE":6.414201845248965e+68}