{"MSE":0.0024441153841030226,"activation_function":"ELU","MAE":9.193078454494602e+64,"iterations":3,"_timestamp":1.7242724981880472e+09,"initialization_method":"He normal","_step":0,"L2RE":0.4565658624643288,"max_APE":1.387272866541234e+68,"_runtime":1.420779045,"_wandb":{"runtime":1}}