{"max_APE":5.647375368954981e+68,"_runtime":3.342266676,"weighted_array":[0.25,0.25,0.25,0.25],"MAE":4.1550143349747753e+65,"initialization_method":"He normal","iterations":500,"_step":1,"_timestamp":1.7242391305006099e+09,"activation_function":"GELU","weighted_score":0.12457299223247842,"L2RE":1.9085053900455409,"_wandb":{"runtime":3},"MSE":0.04270725067587338}