{"_timestamp":1.7241838702750864e+09,"_wandb":{"runtime":1687},"_runtime":1686.952223584,"_step":0,"MSE":0.0021077842378115024,"MAE":2.5812196236241856e+64,"L2RE":0.4239900452217743,"max_APE":4.0613340251362955e+67}