{"_wandb":{"runtime":33},"MSE":0.03397657769637198,"MAE":2.851501962725948e+65,"L2RE":1.7022855000811754,"max_APE":5.012186206877792e+68,"_timestamp":1.7239958560558782e+09,"_runtime":33.504621001,"_step":0}