{"_timestamp":1.7240111609247258e+09,"_runtime":567.429734967,"_step":0,"MSE":0.005023784074122843,"MAE":1.8909793900309153e+65,"L2RE":0.6545729679287325,"max_APE":3.7156062306507383e+68,"_wandb":{"runtime":567}}