{"L2RE":0.4925105846175077,"max_APE":2.2743858954403356e+68,"_timestamp":1.724049743799803e+09,"_runtime":1909.376473512,"_step":0,"_wandb":{"runtime":1909},"MSE":0.00284410724951623,"MAE":1.5644164177249948e+65}