{"_wandb":{"runtime":34},"_timestamp":1.7240247810458734e+09,"_runtime":34.396094798,"_step":0,"MSE":0.02139789922358343,"MAE":1.6821245902051779e+65,"L2RE":1.350915400405834,"max_APE":3.3600413353883135e+68}