{"_wandb":{"runtime":34},"_step":0,"MSE":0.01824549083144791,"MAE":1.4467896767720195e+65,"L2RE":1.2474419916443444,"max_APE":2.1549400583974082e+68,"_timestamp":1.7241901817431345e+09,"_runtime":34.220084922}