{"initialization_method":"Glorot normal","iterations":125,"_timestamp":1.7242394255069733e+09,"max_APE":1.1375704139252121e+69,"L2RE":1.1561879894496223,"activation_function":"sin","_wandb":{"runtime":4},"weighted_array":[0.25,0.25,0.25,0.25],"MSE":0.015673707568259598,"weighted_score":0.10413200571358819,"_runtime":3.363810674,"MAE":5.432439844354207e+65,"_step":1}