{"MSE":0.017332594889706704,"MAE":4.630936975108508e+65,"L2RE":1.2158342603954233,"max_APE":9.054034475472478e+68,"_timestamp":1.7243463258076956e+09,"_runtime":35.342426584,"_wandb":{"runtime":35},"_step":0}