{"MSE":0.02838109724077375,"_wandb":{"runtime":33},"MAE":3.9850101228557636e+65,"L2RE":1.555812206742018,"max_APE":5.962164288464121e+68,"_timestamp":1.7239986785088887e+09,"_runtime":32.825468043,"_step":0}