{"_wandb":{"runtime":439},"MAE":1.026344335179818e+66,"L2RE":0.7306787451624153,"max_APE":1.889516173928941e+69,"_timestamp":1.723442853773661e+09,"_runtime":438.093510342,"_step":0,"MSE":0.0062599055563421395}