{"initialization_method":"He normal","_wandb":{"runtime":2},"MSE":0.048781966216754576,"activation_function":"ReLu","_timestamp":1.7242328502460287e+09,"iterations":50,"_runtime":1.451108547,"_step":0,"L2RE":2.039727890407325,"MAE":2.930377721721396e+65,"max_APE":3.7391171184225726e+68}