{"_timestamp":1.7233020812416542e+09,"_runtime":31.946077131,"_step":0,"_wandb":{"runtime":32},"MSE":0.008883439883537531,"MAE":5.5057904858251655e+65,"L2RE":0.8704286305438628,"max_APE":1.3070956824054999e+69}