{"_step":0,"_wandb":{"runtime":1},"_runtime":1.219931336,"max_APE":2.190692246035164e+68,"L2RE":1.232334472882373,"MAE":1.5035032760970944e+65,"initialization_method":"He normal","iterations":750,"MSE":0.01780623199323597,"_timestamp":1.7241901446143382e+09,"activation_function":"Mish"}