{"max_APE":3.6068161795048035e+68,"_timestamp":1.7240667092510633e+09,"_runtime":36.638184379,"_step":0,"MSE":0.003956003469060539,"MAE":1.6254835853629824e+65,"_wandb":{"runtime":37},"L2RE":0.5808592578651468}