{"_wandb":{"runtime":302},"_timestamp":1.7240101534689116e+09,"_runtime":302.069008458,"_step":0,"MSE":0.004708051201392736,"MAE":1.1307286952717772e+65,"L2RE":0.6336700374815186,"max_APE":2.6408316260386947e+68}