{"MSE":0.31452563861419325,"MAE":4.0072958093520416e+66,"_wandb":{"runtime":36},"L2RE":5.179294547806214,"max_APE":5.3572086205014134e+69,"_timestamp":1.7233029050562158e+09,"_runtime":35.406950596,"_step":0}