{"_timestamp":1.7240455096484113e+09,"max_APE":2.047097824655088e+68,"weighted_score":0.09550964662775374,"MSE":0.013054474287521572,"iterations":100,"_step":1,"weighted_array":[0.25,0.25,0.25,0.25],"initialization_method":"He normal","_runtime":2.3938010419999998,"L2RE":1.0551696167090103,"MAE":8.95710319564568e+64,"activation_function":"Swish","_wandb":{"runtime":2}}