{"MSE":0.013536780932107258,"MAE":8.013270285600955e+65,"L2RE":1.0744848195496246,"max_APE":1.5985580242104202e+69,"_timestamp":1.7233010647341094e+09,"_runtime":30.5505078,"_step":0,"_wandb":{"runtime":30}}