{"_runtime":34.259378636,"_wandb":{"runtime":34},"_step":0,"MSE":0.021588848359679252,"MAE":1.050754435847387e+66,"L2RE":1.356929616954802,"max_APE":2.0602039718905082e+69,"_timestamp":1.7240257503010375e+09}