{"max_APE":3.8184107801525346e+68,"MSE":0.03601653556785414,"iterations":10,"_timestamp":1.72427291969221e+09,"activation_function":"GELU","L2RE":1.7526433590160473,"initialization_method":"He normal","_wandb":{"runtime":2},"MAE":2.288606660963791e+65,"_runtime":1.360257296,"_step":0}