{"MAE":5.669995942665947e+65,"initialization_method":"He normal","iterations":1000,"MSE":0.034972626448801045,"_step":1,"activation_function":"SiLU","weighted_score":0.1285172508772952,"_timestamp":1.7242394028089955e+09,"_wandb":{"runtime":4},"weighted_array":[0.25,0.25,0.25,0.25],"L2RE":1.727057147101507,"max_APE":7.793419365381578e+68,"_runtime":3.532593344}