{"_step":0,"activation_function":"ELU","initialization_method":"He normal","_wandb":{"runtime":1},"_timestamp":1.7242319231464007e+09,"MSE":0.002495598654340934,"iterations":175,"max_APE":1.410126230349896e+68,"L2RE":0.4613493946960407,"MAE":1.1052501318670818e+65,"_runtime":1.21270609}