{"weighted_array":[0.25,0.25,0.25,0.25],"MSE":0.005703334985156818,"iterations":15,"activation_function":"SELU","_wandb":{"runtime":3},"max_APE":8.095193716508313e+68,"initialization_method":"Glorot normal","_runtime":2.939067674,"_timestamp":1.7243513979735837e+09,"weighted_score":0.07957069455399915,"_step":1,"MAE":5.460457514207681e+65,"L2RE":0.6974402768245905}