{"activation_function":"Swish","max_APE":7.793419365381578e+68,"_step":0,"initialization_method":"He normal","L2RE":1.727057147101507,"_wandb":{"runtime":2},"MSE":0.034972626448801045,"iterations":400,"MAE":5.669995942665946e+65,"_timestamp":1.7242360711243794e+09,"_runtime":1.32616876}