{"initialization_method":"He normal","_runtime":1.460102469,"_step":0,"MSE":0.007253785992952843,"_timestamp":1.7233602733472621e+09,"activation_function":"SiLU","max_APE":1.8150389091222062e+69,"L2RE":0.7865474963769545,"_wandb":{"runtime":2},"iterations":59,"MAE":9.236753257466078e+65}