{"_runtime":1.326432505,"max_APE":8.275274617106667e+68,"_wandb":{"runtime":1},"initialization_method":"Glorot normal","activation_function":"tanh","MSE":0.008246393017834665,"_step":0,"iterations":400,"_timestamp":1.7242366306401622e+09,"L2RE":0.8386381182804508,"MAE":4.274475912592483e+65}