{"_runtime":2.434619086,"_wandb":{"runtime":3},"weighted_array":[0.25,0.25,0.25,0.25],"activation_function":"tanh","_step":1,"MSE":0.003983395916671265,"weighted_score":0.051882705686738466,"max_APE":2.148070288701766e+68,"_timestamp":1.7243586387002954e+09,"MAE":1.3851817018723383e+65,"initialization_method":"Glorot normal","iterations":1,"L2RE":0.5828668026719861}