{"MSE":0.006170147341581556,"MAE":1.132467668298974e+66,"L2RE":0.7254213801040232,"max_APE":2.4068606375995042e+69,"_timestamp":1.7232943717779694e+09,"_runtime":852.918049674,"_step":0,"_wandb":{"runtime":854}}