{"max_APE":1.4073144002966624e+69,"_timestamp":1.724233791355686e+09,"_runtime":34.208862719,"_step":0,"MSE":0.004698899420006574,"MAE":8.45026374123726e+65,"_wandb":{"runtime":34},"L2RE":0.6330538557156712}