{"L2RE":0.43525701422501295,"max_APE":1.226768555691772e+68,"_wandb":{"runtime":866},"_timestamp":1.7241677929239807e+09,"_runtime":866.489688256,"_step":0,"MSE":0.0022212957701868642,"MAE":5.785743930976418e+64}