{"MAE":8.73627390723786e+64,"L2RE":1.0339562483486036,"max_APE":1.9152981630267688e+68,"_timestamp":1.7240275905718882e+09,"_runtime":34.797947835,"_wandb":{"runtime":35},"_step":0,"MSE":0.012534850442892676}