{"iterations":250,"activation_function":"SiLU","initialization_method":"He normal","_timestamp":1.7242348577840633e+09,"MAE":5.669995942665946e+65,"_step":0,"_runtime":1.610074004,"L2RE":1.727057147101507,"_wandb":{"runtime":2},"max_APE":7.793419365381578e+68,"MSE":0.034972626448801045}