{"MSE":0.03850787259720428,"_step":1,"_timestamp":1.7244047987421277e+09,"_wandb":{"runtime":3},"weighted_array":[0.25,0.25,0.25,0.25],"weighted_score":0.40054637384724934,"initialization_method":"He normal","activation_function":"ReLu","max_APE":7.934607384628394e+68,"_runtime":2.516294137,"iterations":2,"L2RE":1.812246822242899,"MAE":3.256774038161601e+65}