{"L2RE":0.4726213926534318,"max_APE":5.571361955316037e+67,"_timestamp":1.7244019248897269e+09,"_runtime":366.799415753,"_step":0,"_wandb":{"runtime":368},"MSE":0.0026190366969898876,"MAE":2.9635782267582426e+64}