{"MSE":0.0110429937985225,"MAE":7.156854381956093e+64,"L2RE":0.9704786774862992,"max_APE":1.6421435591867563e+68,"_timestamp":1.7240278868790345e+09,"_runtime":34.2175705,"_step":0,"_wandb":{"runtime":34}}