{"_wandb":{"runtime":33},"max_APE":2.85081241207269e+68,"_timestamp":1.7239998317110672e+09,"_runtime":33.245431924,"_step":0,"MSE":0.01733176448444351,"MAE":1.3940643057299461e+65,"L2RE":1.21580513471434}