{"_timestamp":1.7242746603727777e+09,"L2RE":1.4440228122359777,"iterations":7,"_runtime":1.2851738369999999,"max_APE":5.293780334143051e+68,"_step":0,"initialization_method":"He normal","MSE":0.02444910359824417,"activation_function":"Swish","MAE":3.9320035438791094e+65,"_wandb":{"runtime":2}}