{"weighted_array":[0.25,0.25,0.25,0.25],"activation_function":"Swish","_step":1,"_wandb":{"runtime":3},"iterations":200,"_runtime":2.4565769250000002,"max_APE":1.7366236519568604e+68,"weighted_score":0.08170362264181025,"MAE":8.160192736293755e+64,"initialization_method":"He normal","_timestamp":1.7240455271305485e+09,"MSE":0.01187918118354853,"L2RE":1.006551121134324}