{"_wandb":{"runtime":3},"iterations":175,"weighted_array":[0.25,0.25,0.25,0.25],"activation_function":"ReLu","_step":1,"_timestamp":1.7242391756807146e+09,"initialization_method":"He normal","_runtime":2.416444836,"L2RE":2.039727890407325,"MAE":2.930377721721396e+65,"MSE":0.048781966216754576,"weighted_score":0.11985322990243925,"max_APE":3.7391171184225726e+68}