{"max_APE":5.122963064968117e+68,"_timestamp":1.724068509920726e+09,"_runtime":46.223569379,"_step":0,"MSE":0.002552495354048003,"_wandb":{"runtime":46},"MAE":2.4596089222153635e+65,"L2RE":0.46657886668857323}