{"_step":0,"MSE":0.03850787259720428,"MAE":3.256774038161601e+65,"L2RE":1.812246822242899,"max_APE":7.934607384628394e+68,"_timestamp":1.724402164945758e+09,"_wandb":{"runtime":31},"_runtime":31.118400086}