{"MSE":0.013054474287521572,"MAE":8.95710319564568e+64,"L2RE":1.0551696167090103,"max_APE":2.047097824655088e+68,"_timestamp":1.72402655765652e+09,"_runtime":33.894048676,"_step":0,"_wandb":{"runtime":34}}