{"max_APE":6.023976963880395e+68,"_wandb":{"runtime":1},"activation_function":"Mish","_runtime":1.217830505,"iterations":750,"_step":0,"initialization_method":"He normal","_timestamp":1.7242372906507728e+09,"L2RE":1.5454552144942943,"MAE":4.364009488496405e+65,"MSE":0.02800449083686678}