{"MAE":3.991036138653676e+66,"L2RE":4.8479145265507615,"max_APE":5.106414610320549e+69,"iterations":20,"_runtime":1.3093120520000001,"MSE":0.2755654344241879,"_timestamp":1.724275694188668e+09,"_wandb":{"runtime":1},"_step":0,"initialization_method":"Glorot normal","activation_function":"Softplus"}