{"MAE":9.193078454494602e+64,"L2RE":0.4565658624643288,"_wandb":{"runtime":37},"max_APE":1.387272866541234e+68,"_timestamp":1.7243445598347425e+09,"_runtime":34.570952003,"_step":0,"MSE":0.0024441153841030226}