{"_wandb":{"runtime":2},"_timestamp":1.7242749125288448e+09,"activation_function":"tanh","_runtime":1.556889676,"MSE":0.003276420860117474,"iterations":5,"_step":0,"L2RE":0.528618581417117,"max_APE":6.782811134723052e+68,"MAE":3.852947916391969e+65,"initialization_method":"Glorot normal"}