{"MSE":0.006815370207758244,"MAE":9.571704817202262e+37,"L2RE":0.20717142870621896,"max_APE":3.138851225376129e+39,"_timestamp":1.7203754930441895e+09,"_runtime":4840.247453,"_step":0,"_wandb":{"runtime":4840}}