{"_runtime":37.861629,"_step":0,"_wandb":{"runtime":38},"max_APE":2.251081681633743e+45,"_timestamp":1.7196869434807947e+09,"MSE":0.005007912233215042,"MAE":9.744955663271284e+42,"L2RE":0.15000442828282048}