{"_timestamp":1.7196502892031002e+09,"MSE":0.004892105139960686,"MAE":6.558618309819366e+43,"L2RE":0.1482598705783567,"_runtime":12.808036,"_step":0,"_wandb":{"runtime":13},"max_APE":1.515039998919775e+46}