{"_step":1,"weighted_score":0.11533434948435324,"_runtime":3.989371472,"L2RE":1.4440228122359775,"_wandb":{"runtime":4},"iterations":25,"initialization_method":"He normal","_timestamp":1.7243525087631488e+09,"activation_function":"SiLU","MAE":3.9320035438791094e+65,"MSE":0.02444910359824417,"weighted_array":[0.25,0.25,0.25,0.25],"max_APE":5.293780334143051e+68}