{"MAE":1.3440664798273612e+65,"MSE":0.011565956775389616,"_wandb":{"runtime":3},"activation_function":"SiLU","L2RE":0.9931923509979758,"iterations":350,"_step":0,"_timestamp":1.7239981956518083e+09,"max_APE":2.296866097453403e+68,"_runtime":2.1551785,"initialization_method":"He normal"}