{"_wandb":{"runtime":36},"_timestamp":1.7233024755192363e+09,"_runtime":36.202011508,"_step":0,"MSE":0.03502354618177863,"MAE":1.0418189984332373e+66,"L2RE":1.728313977237037,"max_APE":2.1149560600898685e+69}