{"activation_function":"Swish","weighted_array":[0.25,0.25,0.25,0.25],"_runtime":2.421557921,"_wandb":{"runtime":3},"initialization_method":"He normal","_step":1,"MSE":0.0062599055563421395,"_timestamp":1.7233624800008683e+09,"weighted_score":0.05752176009754574,"iterations":150,"L2RE":0.7306787451624153,"max_APE":1.8895161739289412e+69,"MAE":1.026344335179818e+66}