{"_step":1,"weighted_array":[0.25,0.25,0.25,0.25],"iterations":100,"MSE":0.048781966216754576,"max_APE":3.7391171184225726e+68,"_timestamp":1.7242391620772479e+09,"initialization_method":"He normal","MAE":2.930377721721396e+65,"_wandb":{"runtime":3},"weighted_score":0.11985322990243925,"_runtime":2.436623927,"L2RE":2.039727890407325,"activation_function":"ReLu"}