{"L2RE":0.8951402499206488,"max_APE":1.955096082250288e+45,"_timestamp":1.7197394462990584e+09,"_runtime":28.337773,"_step":0,"_wandb":{"runtime":28},"MSE":0.17833259122710662,"MAE":8.463628877189265e+42}