{"_wandb":{"runtime":2},"_timestamp":1.7242762670752974e+09,"max_APE":3.0644256790733366e+68,"MAE":1.4218833827512665e+65,"_step":0,"_runtime":1.260345137,"initialization_method":"He normal","L2RE":1.7863083363702963,"MSE":0.037413443533896626,"iterations":20,"activation_function":"APTx"}