{"_step":0,"MSE":0.03065324857643442,"MAE":1.1620415947659637e+65,"_wandb":{"runtime":27},"L2RE":1.6168913485311258,"max_APE":1.7206753065511447e+68,"_timestamp":1.7244045298586838e+09,"_runtime":27.071771513}