{"MAE":8.80348983421692e+64,"MSE":0.02601454859822507,"_step":0,"_runtime":1.398655126,"max_APE":1.2511066865631496e+68,"activation_function":"GELU","initialization_method":"He normal","L2RE":1.4895350637187834,"_wandb":{"runtime":2},"_timestamp":1.72440213083624e+09,"iterations":3}