{"_runtime":3.439781635,"MAE":2.288606660963791e+65,"iterations":15,"activation_function":"GELU","L2RE":1.7526433590160473,"_wandb":{"runtime":5},"weighted_score":0.12553049134948485,"_timestamp":1.7243513130172486e+09,"MSE":0.03601653556785414,"weighted_array":[0.25,0.25,0.25,0.25],"_step":1,"max_APE":3.8184107801525346e+68,"initialization_method":"He normal"}