{"L2RE":1.388445339667925,"_timestamp":1.7242751565931354e+09,"activation_function":"Mish","_wandb":{"runtime":2},"initialization_method":"He normal","max_APE":4.0360149464657366e+68,"MSE":0.02260332901705805,"_step":0,"MAE":3.005237873851247e+65,"_runtime":1.316833512,"iterations":3}