{"_timestamp":1.7240005297633944e+09,"_runtime":33.377490261,"_step":0,"MSE":0.07628721858318754,"MAE":1.816105638490459e+66,"L2RE":2.550753399903682,"_wandb":{"runtime":33},"max_APE":2.470963123271033e+69}