{"max_APE":3.4161616835048534e+68,"_timestamp":1.7240014947421372e+09,"L2RE":1.7697471828496976,"_step":0,"initialization_method":"He normal","iterations":250,"_runtime":1.258095514,"activation_function":"APTx","MSE":0.036722927212289286,"_wandb":{"runtime":1},"MAE":2.458755128860573e+65}