{"weighted_score":0.1977632506501258,"initialization_method":"He normal","_step":1,"L2RE":2.440596712850833,"max_APE":1.8576398189101857e+69,"_timestamp":1.7233041832804694e+09,"_wandb":{"runtime":5},"activation_function":"APTx","MSE":0.06984042547982874,"weighted_array":[0.25,0.25,0.25,0.25],"iterations":100,"_runtime":4.91254084,"MAE":9.87809942194596e+65}