{"_timestamp":1.7242355008928866e+09,"_runtime":30.97039351,"_step":0,"MSE":0.015673707568259598,"_wandb":{"runtime":31},"MAE":5.432439844354207e+65,"L2RE":1.1561879894496223,"max_APE":1.137570413925212e+69}