{"MAE":8.290345660658373e+65,"L2RE":1.6403718676039158,"_wandb":{"runtime":33},"max_APE":1.7177040777763239e+69,"_timestamp":1.7240253979672074e+09,"_runtime":33.484298751,"_step":0,"MSE":0.031550006826464645}