{"_timestamp":1.7243580682760448e+09,"_runtime":34.340157919,"_step":0,"_wandb":{"runtime":35},"MSE":0.016150876720304446,"MAE":1.1364763230131538e+64,"L2RE":1.1736554906308545,"max_APE":2.6636746948523145e+67}