{"MAE":7.905036460388165e+64,"L2RE":0.9937500658210323,"max_APE":1.722583990158674e+68,"_timestamp":1.7240277604401908e+09,"_wandb":{"runtime":34},"_runtime":34.221276594,"_step":0,"MSE":0.011578949861030273}