{"max_APE":1.579863872291691e+69,"_timestamp":1.7239977700751843e+09,"_wandb":{"runtime":33},"_runtime":32.946121345,"_step":0,"MSE":0.012025432381416831,"MAE":1.2409857858274064e+66,"L2RE":1.0127282716842518}