{"max_APE":2.7301742536122137e+69,"_timestamp":1.72336229249379e+09,"_wandb":{"runtime":32},"_runtime":32.223356417,"_step":0,"MSE":0.008481243064659742,"MAE":1.6445809234536877e+66,"L2RE":0.850496123920176}