{"MAE":3.816930648329751e+65,"weighted_array":[0.25,0.25,0.25,0.25],"_step":1,"_timestamp":1.724358565949734e+09,"weighted_score":0.16707132915446535,"max_APE":5.383709615442269e+68,"activation_function":"SELU","_runtime":3.392468636,"iterations":1,"_wandb":{"runtime":4},"MSE":0.009100620261415872,"L2RE":0.8810044058361416,"initialization_method":"Glorot normal"}