{"MAE":1.1620415947659635e+65,"iterations":2,"_runtime":3.765687791,"_step":1,"weighted_array":[0.25,0.25,0.25,0.25],"weighted_score":0.26434118002960233,"_wandb":{"runtime":4},"MSE":0.03065324857643442,"initialization_method":"Glorot normal","max_APE":1.7206753065511447e+68,"activation_function":"APTx","_timestamp":1.7244049826276715e+09,"L2RE":1.6168913485311258}