{"L2RE":0.12435559037490881,"max_APE":7.812308067304651e+45,"_runtime":5970.456611,"_step":0,"_wandb":{"runtime":5970},"_timestamp":1.7197685201154583e+09,"MSE":0.0034417488514939705,"MAE":3.3819549678584397e+43}