{"initialization_method":"He normal","activation_function":"APTx","_wandb":{"runtime":1},"_runtime":1.196076637,"_timestamp":1.724238685191113e+09,"_step":0,"L2RE":1.8888646012216195,"max_APE":4.838784597383686e+68,"MAE":3.323937066326494e+65,"MSE":0.04183275700077686,"iterations":150}