{"MSE":0.1139567422601419,"MAE":1.2864100721840652e+43,"L2RE":0.7155594774422555,"max_APE":2.9716039022701277e+45,"_timestamp":1.7197391252817228e+09,"_runtime":47.786546,"_step":0,"_wandb":{"runtime":48}}