{"weighted_score":0.09467104003004584,"_timestamp":1.7243586063766682e+09,"initialization_method":"He normal","_runtime":3.275712419,"iterations":3,"L2RE":0.9890663712015482,"weighted_array":[0.25,0.25,0.25,0.25],"max_APE":2.8329032302244797e+67,"_step":1,"_wandb":{"runtime":4},"MSE":0.01147006038351851,"activation_function":"SiLU","MAE":1.5871114741853598e+64}