{"_wandb":{"runtime":3},"iterations":400,"weighted_score":0.10078836061403947,"MAE":8.45026374123726e+65,"MSE":0.004698899420006574,"initialization_method":"Glorot normal","weighted_array":[0.25,0.25,0.25,0.25],"_timestamp":1.7242392560774894e+09,"_step":1,"activation_function":"SELU","max_APE":1.4073144002966624e+69,"L2RE":0.6330538557156712,"_runtime":3.399785346}