{"max_APE":1.198577656379587e+69,"_timestamp":1.7240272143464372e+09,"_wandb":{"runtime":33},"_runtime":32.859320258,"_step":0,"MSE":0.03453505894103684,"MAE":4.846615098384357e+65,"L2RE":1.7162189164452823}