{"_runtime":3993.041929,"_step":0,"_wandb":{"runtime":3993},"max_APE":2.779369950294495e+39,"_timestamp":1.7203552566715014e+09,"MSE":0.003611848225114745,"MAE":8.077588412864539e+37,"L2RE":0.15081685546610432}