{"L2RE":1.028469947700095,"_timestamp":1.724177645518384e+09,"iterations":1000,"MAE":1.0460539814122243e+65,"_wandb":{"runtime":1},"MSE":0.012402180405371633,"max_APE":1.7919961512977606e+68,"initialization_method":"He normal","_step":0,"_runtime":1.159787043,"activation_function":"SiLU"}