{"max_APE":9.813581076918531e+68,"_timestamp":1.72330152013252e+09,"_runtime":33.607019344,"_step":0,"MSE":0.023552941872557815,"MAE":5.104895396276232e+65,"_wandb":{"runtime":34},"L2RE":1.417311019935613}