{"MAE":1.4218833827512665e+65,"L2RE":1.7863083363702963,"_wandb":{"runtime":35},"max_APE":3.0644256790733366e+68,"_timestamp":1.7243498540200546e+09,"_runtime":35.259346089,"_step":0,"MSE":0.037413443533896626}