{"_timestamp":1.723300838169474e+09,"_runtime":31.521673375,"_wandb":{"runtime":31},"_step":0,"MSE":0.02450474693358984,"MAE":1.7419674153499985e+66,"L2RE":1.4456650929078556,"max_APE":2.251569881704221e+69}