{"max_APE":6.38109110761481e+68,"_timestamp":1.7232377000849092e+09,"_runtime":30.680401222,"_step":0,"_wandb":{"runtime":30},"MSE":0.007098195770597621,"MAE":3.471208767373437e+65,"L2RE":0.7780662372778508}