{"_step":0,"MSE":0.003983395916671265,"MAE":1.3851817018723383e+65,"L2RE":0.5828668026719861,"max_APE":2.148070288701766e+68,"_timestamp":1.7244041441318078e+09,"_wandb":{"runtime":27},"_runtime":27.336824338}