{"L2RE":0.8929938040827885,"_timestamp":1.724068557267161e+09,"_step":0,"MSE":0.009350002429313409,"iterations":250,"initialization_method":"Glorot normal","_wandb":{"runtime":2},"_runtime":1.554130095,"max_APE":6.674886371555458e+68,"MAE":2.8268332926396576e+65,"activation_function":"APTx"}