{"_runtime":1.225500428,"max_APE":1.7206753065511447e+68,"_step":0,"MSE":0.03065324857643442,"activation_function":"APTx","MAE":1.1620415947659637e+65,"_timestamp":1.7244046771431117e+09,"_wandb":{"runtime":4},"L2RE":1.6168913485311258,"iterations":2,"initialization_method":"He normal"}