{"_timestamp":1.7233623750006332e+09,"_runtime":33.380420386,"_step":0,"_wandb":{"runtime":33},"MSE":0.011213057079155457,"MAE":1.8827386921980475e+66,"L2RE":0.9779228641679241,"max_APE":2.779509971218446e+69}