{"_timestamp":1.7242729147979538e+09,"_wandb":{"runtime":35},"_runtime":34.924045502,"_step":0,"MSE":0.03601653556785414,"MAE":2.288606660963791e+65,"L2RE":1.7526433590160473,"max_APE":3.8184107801525346e+68}