{"_step":0,"MSE":0.09724408330659083,"MAE":2.213079412194417e+66,"_wandb":{"runtime":33},"L2RE":2.8798785764361656,"max_APE":2.944887958140504e+69,"_timestamp":1.7240006886728892e+09,"_runtime":32.560641376}