{"_runtime":1.383336792,"_step":0,"activation_function":"tanh","MAE":3.852947916391969e+65,"L2RE":0.528618581417117,"max_APE":6.782811134723052e+68,"MSE":0.003276420860117474,"initialization_method":"Glorot normal","_timestamp":1.7243469861670585e+09,"_wandb":{"runtime":2},"iterations":10}