{"MAE":8.287744264393797e+65,"L2RE":1.173201313532084,"max_APE":1.7382386189321806e+69,"_wandb":{"runtime":34},"_timestamp":1.7240259560455132e+09,"_runtime":33.982634634,"_step":0,"MSE":0.016138379119288972}