{"_step":0,"activation_function":"APTx","_timestamp":1.7243498136829276e+09,"MAE":1.4218833827512665e+65,"initialization_method":"Glorot normal","_runtime":3.041533418,"_wandb":{"runtime":3},"MSE":0.037413443533896626,"max_APE":3.0644256790733366e+68,"iterations":7,"L2RE":1.7863083363702963}