{"_runtime":32.38790072,"_step":0,"MSE":0.007437405829102103,"MAE":9.617310420311646e+65,"L2RE":0.7964404767558876,"_wandb":{"runtime":33},"max_APE":1.8367912931154196e+69,"_timestamp":1.7234438498673785e+09}