{"_wandb":{"runtime":5},"weighted_score":0.42414406159707546,"weighted_array":[0.25,0.25,0.25,0.25],"initialization_method":"Glorot normal","_step":1,"_runtime":4.884158793,"MSE":0.05643943647237961,"_timestamp":1.7242764845184646e+09,"activation_function":"Sigmoid","MAE":2.2492268105160765e+66,"max_APE":2.8707222376775574e+69,"iterations":25,"L2RE":2.1939863343532657}