{"_runtime":36.402123093,"_step":0,"MSE":0.02260332901705805,"MAE":3.005237873851247e+65,"_wandb":{"runtime":37},"L2RE":1.388445339667925,"max_APE":4.0360149464657366e+68,"_timestamp":1.724275241641048e+09}