{"L2RE":2.1464702639896927,"max_APE":1.1383229738261544e+69,"_timestamp":1.7239963130646265e+09,"_runtime":34.541391296,"_step":0,"_wandb":{"runtime":35},"MSE":0.05402124454405313,"MAE":5.288048847939108e+65}