{"_step":0,"_wandb":{"runtime":3706},"MAE":1.2144298230764553e+38,"L2RE":0.5795980722730402,"max_APE":7.009208202362062e+39,"_timestamp":1.7204762932477179e+09,"MSE":0.053343756297830294,"_runtime":3705.919351}