{"_runtime":1.357782638,"L2RE":1.105123665180706,"activation_function":"sin","_wandb":{"runtime":1},"MAE":2.400845017237482e+66,"initialization_method":"Glorot normal","_timestamp":1.723362018113811e+09,"_step":0,"MSE":0.014319788069554034,"max_APE":3.4358783190793036e+69,"iterations":200}