{"MSE":0.03601653556785414,"_runtime":1.21068768,"initialization_method":"He normal","iterations":5,"_timestamp":1.724344823073741e+09,"_step":0,"MAE":2.288606660963791e+65,"_wandb":{"runtime":1},"max_APE":3.8184107801525346e+68,"activation_function":"GELU","L2RE":1.7526433590160473}