{"MSE":0.005703334985156818,"L2RE":0.6974402768245905,"max_APE":8.095193716508313e+68,"_timestamp":1.724352400519919e+09,"initialization_method":"Glorot normal","activation_function":"SELU","_wandb":{"runtime":1001},"iterations":20,"_runtime":1000.25978663,"weighted_score":0.07957069455399915,"weighted_array":[0.25,0.25,0.25,0.25],"_step":1,"MAE":5.460457514207681e+65}