{"_runtime":39.559345177,"_wandb":{"runtime":39},"_step":0,"MSE":0.004097776831021166,"MAE":7.466095341187379e+64,"L2RE":0.5911759188432121,"max_APE":1.278133971818446e+68,"_timestamp":1.7240678938633854e+09}