{"MSE":0.03850787259720428,"MAE":3.256774038161601e+65,"L2RE":1.812246822242899,"max_APE":7.934607384628394e+68,"_timestamp":1.7244022037084358e+09,"_runtime":31.497479132,"_step":0,"_wandb":{"runtime":32}}