{"MAE":1.4283806890215682e+65,"L2RE":0.9796882496955488,"max_APE":2.7698574855460837e+68,"_timestamp":1.7239978100017717e+09,"_runtime":32.862681377,"_step":0,"MSE":0.011253578140908285,"_wandb":{"runtime":33}}