{"_step":0,"MSE":0.016445301646061398,"MAE":1.4934890633908025e+65,"L2RE":1.1843048442055901,"_wandb":{"runtime":38},"max_APE":3.5740087841113906e+68,"_timestamp":1.724028631440436e+09,"_runtime":37.621706761}