{"_runtime":1.245392251,"initialization_method":"He normal","iterations":125,"max_APE":2.7293660414253163e+68,"_step":0,"activation_function":"Mish","L2RE":1.20554382771711,"_wandb":{"runtime":1},"_timestamp":1.7239998773690636e+09,"MSE":0.01704044140130122,"MAE":1.3573863173883843e+65}