{"_timestamp":1.7243458633140152e+09,"_runtime":31.369317384,"_step":0,"MSE":0.05643943647237961,"MAE":2.2492268105160765e+66,"L2RE":2.1939863343532657,"max_APE":2.8707222376775574e+69,"_wandb":{"runtime":31}}