{"activation_function":"SiLU","_runtime":1.6562982910000001,"_wandb":{"runtime":2},"_timestamp":1.7244025484877148e+09,"MSE":0.01147006038351851,"_step":0,"MAE":1.5871114741853595e+64,"max_APE":2.8329032302244797e+67,"initialization_method":"He normal","iterations":2,"L2RE":0.9890663712015482}