{"initialization_method":"He normal","_runtime":1.204331584,"_step":0,"iterations":1,"L2RE":0.9890663712015482,"_wandb":{"runtime":1},"activation_function":"Swish","MAE":1.5871114741853595e+64,"max_APE":2.8329032302244797e+67,"MSE":0.01147006038351851,"_timestamp":1.724403547202451e+09}