{"max_APE":2.432205271582859e+69,"_timestamp":1.7232996526973314e+09,"_runtime":1651.687585215,"_wandb":{"runtime":1652},"_step":0,"MSE":0.005075238208568078,"MAE":1.1893043014309046e+66,"L2RE":0.6579165316694503}