{"_runtime":35.277304968,"_step":0,"MSE":0.030492443427225728,"MAE":2.4299510910653235e+65,"L2RE":1.6126447130839643,"max_APE":3.5295418619875134e+68,"_wandb":{"runtime":35},"_timestamp":1.7239961458720427e+09}