{"initialization_method":"Glorot normal","MSE":0.03065324857643442,"iterations":2,"MAE":1.1620415947659637e+65,"_runtime":1.26496192,"_timestamp":1.7244045692962103e+09,"_wandb":{"runtime":2},"activation_function":"APTx","_step":0,"max_APE":1.7206753065511447e+68,"L2RE":1.6168913485311258}