{"max_APE":1.060260915486593e+69,"_timestamp":1.7240273800367684e+09,"_runtime":33.092066751,"_step":0,"MSE":0.03933236880196311,"_wandb":{"runtime":33},"MAE":4.197253404703918e+65,"L2RE":1.83154517544378}