{"_wandb":{"runtime":367},"MSE":0.006235669365094452,"MAE":8.458400325944556e+65,"L2RE":0.7292629056128508,"max_APE":1.6281524321470887e+69,"_timestamp":1.7235696814731703e+09,"_runtime":367.023028048,"_step":0}