{"MSE":0.04183275700077686,"_runtime":1.349128379,"_wandb":{"runtime":1},"_timestamp":1.724238457644809e+09,"initialization_method":"Glorot normal","_step":0,"MAE":3.323937066326494e+65,"L2RE":1.8888646012216195,"iterations":1000,"max_APE":4.838784597383686e+68,"activation_function":"APTx"}