{"iterations":250,"MAE":7.905036460388165e+64,"_runtime":1.20140872,"L2RE":0.9937500658210323,"_wandb":{"runtime":1},"_timestamp":1.7240267710759573e+09,"_step":0,"max_APE":1.722583990158674e+68,"initialization_method":"He normal","activation_function":"SiLU","MSE":0.011578949861030273}