{"_runtime":45.866425259,"_step":0,"_wandb":{"runtime":46},"MSE":0.0025871833322092803,"MAE":2.155342093819921e+65,"L2RE":0.4697385318462219,"max_APE":4.377165154020052e+68,"_timestamp":1.7240682511506486e+09}