{"_wandb":{"runtime":2},"max_APE":6.782811134723052e+68,"iterations":7,"MSE":0.003276420860117474,"_runtime":1.5736161659999999,"initialization_method":"Glorot normal","activation_function":"tanh","_timestamp":1.7242749515663495e+09,"MAE":3.852947916391969e+65,"L2RE":0.528618581417117,"_step":0}