{"initialization_method":"He normal","iterations":750,"_timestamp":1.7242361523121002e+09,"_wandb":{"runtime":2},"L2RE":1.727057147101507,"max_APE":7.793419365381578e+68,"_runtime":1.2845610889999999,"_step":0,"activation_function":"Swish","MAE":5.669995942665946e+65,"MSE":0.034972626448801045}