{"initialization_method":"He normal","_timestamp":1.7239988777410622e+09,"max_APE":2.474922400425978e+68,"_runtime":1.128850011,"MSE":0.011149849382598475,"L2RE":0.9751627066973225,"iterations":100,"_wandb":{"runtime":1},"activation_function":"Swish","MAE":1.1411361835777549e+65,"_step":0}