{"_step":0,"_wandb":{"runtime":1},"initialization_method":"Glorot normal","max_APE":7.894747197405259e+68,"MSE":0.022543283919808584,"MAE":3.3745059945343174e+65,"_timestamp":1.7240284056579423e+09,"activation_function":"tanh","iterations":500,"L2RE":1.386599930610928,"_runtime":1.149434629}