{"L2RE":1.9766416345028768,"MSE":0.04581109894857657,"iterations":10,"_timestamp":1.724351350307574e+09,"_wandb":{"runtime":2},"weighted_score":0.17949702159862505,"initialization_method":"He normal","_runtime":2.358691555,"max_APE":6.964396883979389e+68,"activation_function":"ReLu","MAE":4.849014810141398e+65,"weighted_array":[0.25,0.25,0.25,0.25],"_step":1}