{"initialization_method":"He normal","_timestamp":1.7240251586998935e+09,"_step":0,"max_APE":1.8139935138067375e+69,"MSE":0.05053210047992228,"activation_function":"ReLu","L2RE":2.0759947900624796,"_wandb":{"runtime":1},"_runtime":1.268236376,"iterations":150,"MAE":8.803825359433078e+65}