{"_runtime":39.335735632,"_step":0,"MSE":0.00403872915313149,"_wandb":{"runtime":39},"MAE":9.061603406535576e+64,"L2RE":0.5869011336724019,"max_APE":1.676597814857002e+68,"_timestamp":1.7240674657714407e+09}