{"max_APE":1.8150389091222062e+69,"_timestamp":1.723441843995649e+09,"_wandb":{"runtime":189},"_runtime":189.197764375,"_step":0,"MSE":0.007253785992952843,"MAE":9.236753257466078e+65,"L2RE":0.7865474963769545}