{"_timestamp":1.7240866400315714e+09,"initialization_method":"He normal","_runtime":1.240906923,"_wandb":{"runtime":1},"max_APE":6.35973784744584e+68,"MAE":2.727075565462137e+65,"iterations":250,"L2RE":1.6419066335400638,"activation_function":"Swish","MSE":0.031609072126199164,"_step":0}