{"_step":0,"MSE":0.02260332901705805,"MAE":3.005237873851247e+65,"L2RE":1.388445339667925,"max_APE":4.0360149464657366e+68,"_timestamp":1.724275152257168e+09,"_wandb":{"runtime":35},"_runtime":34.674508218}