{"L2RE":1.149542213322306,"max_APE":1.3079899149954145e+69,"_timestamp":1.72330215902763e+09,"_runtime":30.119975375,"_step":0,"_wandb":{"runtime":30},"MSE":0.01549404027367797,"MAE":5.804055314299359e+65}