{"initialization_method":"He normal","max_APE":2.2378307829217777e+68,"L2RE":0.9909295450411172,"MAE":1.3328397777543346e+65,"MSE":0.011513315003891784,"_timestamp":1.723998240302822e+09,"iterations":400,"_runtime":1.231188924,"_step":0,"_wandb":{"runtime":1},"activation_function":"SiLU"}