{"_step":0,"iterations":15,"_wandb":{"runtime":2},"L2RE":0.528618581417117,"activation_function":"tanh","MAE":3.852947916391969e+65,"_timestamp":1.7243470291740232e+09,"initialization_method":"Glorot normal","max_APE":6.782811134723052e+68,"_runtime":1.821785632,"MSE":0.003276420860117474}