{"initialization_method":"Glorot normal","max_APE":3.8281546752129725e+69,"_wandb":{"runtime":2},"_runtime":1.407290961,"iterations":150,"MSE":0.11425053099184891,"_timestamp":1.724234164539061e+09,"MAE":2.9982241196633372e+66,"_step":0,"L2RE":3.1215600743783565,"activation_function":"Sigmoid"}