{"max_APE":7.793419365381578e+68,"_runtime":1.3051194179999999,"MSE":0.034972626448801045,"_step":0,"activation_function":"SiLU","iterations":25,"L2RE":1.727057147101507,"MAE":5.669995942665946e+65,"_wandb":{"runtime":3},"initialization_method":"He normal","_timestamp":1.724234521091813e+09}