{"MSE":0.037413443533896626,"_wandb":{"runtime":4},"_timestamp":1.7243527338548532e+09,"_step":1,"initialization_method":"Glorot normal","weighted_array":[0.25,0.25,0.25,0.25],"weighted_score":0.1193740535222172,"activation_function":"APTx","L2RE":1.7863083363702963,"iterations":3,"max_APE":3.0644256790733366e+68,"MAE":1.4218833827512663e+65,"_runtime":3.9153246729999998}