{"max_APE":2.2744982127134074e+45,"_timestamp":1.719739248935586e+09,"MSE":0.1443587403819168,"MAE":9.846323728601939e+42,"_runtime":32.142754,"_step":0,"_wandb":{"runtime":32},"L2RE":0.8053733739692991}