{"iterations":250,"max_APE":3.4161616835048534e+68,"initialization_method":"He normal","weighted_score":0.27901797038396414,"_runtime":2.523616636,"_timestamp":1.7240023594276218e+09,"MSE":0.036722927212289286,"activation_function":"APTx","MAE":2.458755128860573e+65,"weighted_array":[0.25,0.25,0.25,0.25],"_step":1,"_wandb":{"runtime":3},"L2RE":1.7697471828496976}