{"_step":0,"_wandb":{"runtime":32},"MSE":0.04386494820342938,"MAE":4.076568875342933e+65,"L2RE":1.9342000678387408,"max_APE":8.917992767492061e+68,"_timestamp":1.7239967254270267e+09,"_runtime":32.066961792}