{"initialization_method":"He normal","L2RE":0.4613493946960407,"_timestamp":1.724239032237909e+09,"weighted_array":[0.25,0.25,0.25,0.25],"_wandb":{"runtime":3},"_runtime":2.414876756,"max_APE":1.410126230349896e+68,"MSE":0.002495598654340934,"iterations":150,"_step":1,"weighted_score":0,"MAE":1.1052501318670818e+65,"activation_function":"ELU"}