{"_wandb":{"runtime":2},"MAE":3.323937066326494e+65,"_timestamp":1.7242383805023563e+09,"MSE":0.04183275700077686,"iterations":500,"L2RE":1.8888646012216195,"activation_function":"APTx","_runtime":1.624233551,"max_APE":4.838784597383686e+68,"initialization_method":"Glorot normal","_step":0}