{"max_APE":2.320567802746509e+68,"_timestamp":1.723997970639726e+09,"_runtime":34.242235799,"_step":0,"_wandb":{"runtime":34},"MSE":0.011167148653204879,"MAE":1.1003280792457083e+65,"L2RE":0.9759189081776243}