{"MSE":0.018809745360014663,"MAE":1.630451739148089e+65,"L2RE":1.2665841293023559,"max_APE":3.805295888526264e+68,"_wandb":{"runtime":38},"_timestamp":1.7240284468233438e+09,"_runtime":38.184206759,"_step":0}