{"L2RE":1.727057147101507,"_step":0,"iterations":125,"_runtime":1.181886134,"_wandb":{"runtime":1},"initialization_method":"He normal","activation_function":"SiLU","MSE":0.034972626448801045,"max_APE":7.793419365381578e+68,"MAE":5.669995942665946e+65,"_timestamp":1.72423468788049e+09}