{"max_APE":7.793419365381578e+68,"L2RE":1.727057147101507,"MAE":5.669995942665947e+65,"initialization_method":"He normal","_wandb":{"runtime":3},"_step":1,"iterations":75,"weighted_score":0.1285172508772952,"_runtime":3.342041506,"activation_function":"Swish","MSE":0.034972626448801045,"weighted_array":[0.25,0.25,0.25,0.25],"_timestamp":1.724239482538596e+09}