{"iterations":150,"_timestamp":1.7240301658087828e+09,"activation_function":"APTx","_wandb":{"runtime":1},"L2RE":1.6255834609631672,"_runtime":1.36737243,"max_APE":5.2087706200219e+68,"_step":0,"MAE":2.486352336919745e+65,"MSE":0.03098370696331253,"initialization_method":"He normal"}