{"_runtime":32.756261091,"_step":0,"MSE":0.017332594889706704,"MAE":4.630936975108508e+65,"L2RE":1.2158342603954233,"_wandb":{"runtime":33},"max_APE":9.054034475472478e+68,"_timestamp":1.7243462817227867e+09}