{"_step":0,"MSE":0.020505925816906082,"MAE":5.352581242817407e+65,"L2RE":1.3224591771037209,"max_APE":1.174720246700563e+69,"_timestamp":1.7233022389638681e+09,"_wandb":{"runtime":30},"_runtime":30.216404135}