{"_runtime":1336.870456,"_step":0,"_wandb":{"runtime":1337},"MSE":0.005589105596559865,"MAE":9.749127509794768e+37,"L2RE":0.18761013362932671,"max_APE":5.691149234771728e+39,"_timestamp":1.7206116214346447e+09}