{"_wandb":{"runtime":32},"MSE":0.01064355793674902,"MAE":7.928409500019457e+64,"L2RE":0.9527654456369763,"max_APE":1.1323166788340052e+68,"_timestamp":1.7240864214592016e+09,"_runtime":32.108826419,"_step":0}