{"MSE":0.03065324857643442,"initialization_method":"Glorot normal","weighted_array":[0.25,0.25,0.25,0.25],"_timestamp":1.7244049873471065e+09,"weighted_score":0.26434118002960233,"MAE":1.1620415947659635e+65,"L2RE":1.6168913485311258,"_runtime":3.384926544,"iterations":3,"_step":1,"activation_function":"APTx","_wandb":{"runtime":13},"max_APE":1.7206753065511447e+68}