{"L2RE":1.8163777441071336,"_wandb":{"runtime":2},"initialization_method":"He normal","MSE":0.038683626043379,"activation_function":"Mish","iterations":350,"_timestamp":1.7233026299390962e+09,"_runtime":1.8809830939999999,"MAE":1.1643593292233264e+66,"max_APE":2.341674389750326e+69,"_step":0}