{"MSE":0.015495137029785768,"_wandb":{"runtime":40},"MAE":1.4382761474720007e+65,"L2RE":1.1495828981634157,"max_APE":3.4219922941947804e+68,"_timestamp":1.7240287212045937e+09,"_runtime":38.474037303,"_step":0}