{"_wandb":{"runtime":38},"_runtime":38.200355388,"_step":0,"MSE":0.01901986514476037,"MAE":3.0556056415755304e+65,"L2RE":1.2736388572890778,"max_APE":6.05520528497256e+68,"_timestamp":1.7240869527988548e+09}