{"L2RE":0.8742440534208558,"max_APE":3.2824182590266395e+68,"_timestamp":1.72416564856738e+09,"_runtime":53.609423055,"_step":0,"_wandb":{"runtime":54},"MSE":0.008961489625810356,"MAE":1.478637613987738e+65}