{"_step":0,"MSE":0.014319788069554034,"MAE":2.400845017237482e+66,"L2RE":1.105123665180706,"_wandb":{"runtime":33},"max_APE":3.4358783190793036e+69,"_timestamp":1.723443714393864e+09,"_runtime":32.821807879}