{"MSE":0.004892801661821367,"_wandb":{"runtime":37},"MAE":1.9865543643480783e+65,"L2RE":0.6459834467153258,"max_APE":4.571506190302181e+68,"_timestamp":1.724066618962167e+09,"_runtime":37.05910942,"_step":0}