{"initialization_method":"He normal","MAE":5.669995942665947e+65,"_runtime":3.462832752,"max_APE":7.793419365381578e+68,"_timestamp":1.7242395350414927e+09,"MSE":0.034972626448801045,"weighted_array":[0.25,0.25,0.25,0.25],"_wandb":{"runtime":4},"weighted_score":0.1285172508772952,"L2RE":1.727057147101507,"iterations":1000,"activation_function":"Swish","_step":1}