{"iterations":150,"_step":0,"activation_function":"SiLU","_wandb":{"runtime":5},"_runtime":2.798435597,"initialization_method":"He normal","L2RE":0.7306787451624153,"_timestamp":1.7234428628579957e+09,"MSE":0.0062599055563421395,"max_APE":1.889516173928941e+69,"MAE":1.026344335179818e+66}