{"_timestamp":1.7242348996691916e+09,"_wandb":{"runtime":2},"activation_function":"SiLU","MAE":5.669995942665946e+65,"L2RE":1.727057147101507,"MSE":0.034972626448801045,"iterations":300,"initialization_method":"He normal","max_APE":7.793419365381578e+68,"_step":0,"_runtime":2.121882676}