{"max_APE":3.5047650711216327e+68,"_timestamp":1.724001527760608e+09,"_wandb":{"runtime":30},"_runtime":30.042736168,"_step":0,"MSE":0.03612829416465788,"MAE":2.406745532097991e+65,"L2RE":1.755360461691566}