{"MSE":0.017036318357453596,"MAE":1.3577316830690453e+65,"L2RE":1.2053979743720324,"max_APE":2.6386358688245636e+68,"_timestamp":1.7239999136457295e+09,"_runtime":33.266578337,"_step":0,"_wandb":{"runtime":33}}