{"_runtime":29.306363504,"_step":0,"_wandb":{"runtime":29},"MSE":0.005094501777285559,"MAE":2.3409355801774227e+65,"L2RE":0.6591639427644982,"max_APE":3.2258471341724607e+68,"_timestamp":1.7241773807510705e+09}