{"MAE":8.013270285600955e+65,"_step":0,"_runtime":1.130263177,"initialization_method":"He normal","L2RE":1.0744848195496246,"_timestamp":1.7233010689937718e+09,"iterations":300,"activation_function":"SiLU","max_APE":1.5985580242104202e+69,"_wandb":{"runtime":1},"MSE":0.013536780932107258}