{"MSE":0.007650850321066557,"MAE":1.2701399877103237e+38,"L2RE":0.21950276139494174,"max_APE":6.489859223365784e+39,"_timestamp":1.7205327011730742e+09,"_runtime":3514.839665,"_step":0,"_wandb":{"runtime":3515}}