{"max_APE":5.106414610320549e+69,"_timestamp":1.7242756464295712e+09,"_runtime":34.696269544,"_step":0,"MSE":0.2755654344241879,"MAE":3.991036138653676e+66,"_wandb":{"runtime":35},"L2RE":4.8479145265507615}