{"_timestamp":1.72330324510249e+09,"_runtime":34.019407086,"_step":0,"_wandb":{"runtime":34},"MSE":0.08893318860287226,"MAE":1.2434064467799355e+66,"L2RE":2.7540670901040594,"max_APE":2.3888070631500516e+69}