{"_timestamp":1.723303531402925e+09,"_wandb":{"runtime":32},"_runtime":32.277419636,"_step":0,"MSE":0.08479058951231262,"MAE":1.1853644717611464e+66,"L2RE":2.689158566024318,"max_APE":2.2694617188159286e+69}