{"MAE":4.1669088933308674e+65,"L2RE":1.3646957387231156,"max_APE":9.34652621510263e+68,"_timestamp":1.724028124316573e+09,"_runtime":32.069228013,"_step":0,"_wandb":{"runtime":32},"MSE":0.021836674646892398}