{"initialization_method":"Glorot normal","activation_function":"tanh","_wandb":{"runtime":4},"MAE":4.2744759125924835e+65,"_step":1,"L2RE":0.8386381182804508,"iterations":175,"weighted_array":[0.25,0.25,0.25,0.25],"_timestamp":1.724239568131905e+09,"max_APE":8.275274617106667e+68,"MSE":0.008246393017834665,"_runtime":4.383183045,"weighted_score":0.06607352429952101}