{"L2RE":2.474967603834981,"_wandb":{"runtime":2},"_runtime":1.857767054,"initialization_method":"He normal","MAE":1.1433618963595726e+66,"max_APE":2.2740497447874106e+69,"iterations":250,"activation_function":"GELU","_timestamp":1.7232998133964396e+09,"_step":0,"MSE":0.071821400529993}