{"MAE":2.4836926849383735e+65,"L2RE":1.7763264862173929,"max_APE":3.170053853388118e+68,"_wandb":{"runtime":30},"_timestamp":1.7240013763103623e+09,"_runtime":30.444004042,"_step":0,"MSE":0.03699648085237783}