{"L2RE":1.2175400218946941,"max_APE":1.5293161414420027e+69,"_timestamp":1.723301376498599e+09,"_runtime":34.008753722,"_step":0,"_wandb":{"runtime":34},"MSE":0.017381262727736817,"MAE":7.095726082486978e+65}