{"MAE":1.2975599717449364e+66,"L2RE":2.8109184964425986,"_wandb":{"runtime":32},"max_APE":2.50060023637232e+69,"_timestamp":1.7233032842575984e+09,"_runtime":32.170385466,"_step":0,"MSE":0.09264272886112812}