{"MSE":0.02601454859822507,"_wandb":{"runtime":2},"_runtime":1.465451012,"_step":0,"MAE":8.80348983421692e+64,"initialization_method":"He normal","_timestamp":1.7243570374929228e+09,"max_APE":1.2511066865631496e+68,"iterations":1,"activation_function":"GELU","L2RE":1.4895350637187834}