{"iterations":20,"_wandb":{"runtime":2},"activation_function":"SiLU","_timestamp":1.724346162012191e+09,"_step":0,"initialization_method":"He normal","max_APE":5.293780334143051e+68,"MAE":3.9320035438791094e+65,"L2RE":1.4440228122359777,"MSE":0.02444910359824417,"_runtime":1.43683755}