{"MSE":0.036964255877620984,"initialization_method":"He normal","iterations":125,"max_APE":3.417818372748146e+68,"MAE":2.529455421218253e+65,"_step":0,"L2RE":1.7755527025337143,"_runtime":1.250281468,"activation_function":"APTx","_timestamp":1.7240013059322307e+09,"_wandb":{"runtime":1}}