{"activation_function":"Mish","L2RE":1.5454552144942943,"_timestamp":1.7242367885384297e+09,"initialization_method":"He normal","_runtime":1.170621384,"max_APE":6.023976963880395e+68,"_wandb":{"runtime":1},"iterations":25,"MSE":0.02800449083686678,"MAE":4.364009488496405e+65,"_step":0}