{"_timestamp":1.7242328457917063e+09,"_runtime":32.85708992,"_step":0,"MSE":0.048781966216754576,"MAE":2.930377721721396e+65,"L2RE":2.039727890407325,"_wandb":{"runtime":33},"max_APE":3.7391171184225726e+68}