{"initialization_method":"Glorot normal","_wandb":{"runtime":34},"max_APE":1.7206753065511447e+68,"_timestamp":1.724358283716846e+09,"_runtime":1.334516714,"L2RE":1.6168913485311258,"MAE":1.1620415947659637e+65,"_step":0,"MSE":0.03065324857643442,"activation_function":"APTx","iterations":1}