{"initialization_method":"Glorot normal","L2RE":0.7519199068779597,"_wandb":{"runtime":4},"iterations":50,"MAE":9.671716335608537e+65,"_step":1,"max_APE":1.23291220201695e+69,"_timestamp":1.7240018757494113e+09,"weighted_array":[0.25,0.25,0.25,0.25],"_runtime":3.416752593,"activation_function":"Sigmoid","MSE":0.006629152321076313,"weighted_score":0.2554917767106341}