{"L2RE":1.6293987816906261,"max_APE":4.1813111347628687e+68,"_timestamp":1.7239959740965333e+09,"_runtime":32.689384125,"_wandb":{"runtime":33},"_step":0,"MSE":0.031129318071822502,"MAE":2.48368174732338e+65}