{"MSE":0.04015430493468841,"MAE":2.928986788344838e+65,"L2RE":1.8505833060466959,"max_APE":4.1926374934233344e+68,"_timestamp":1.7240012223249006e+09,"_wandb":{"runtime":30},"_runtime":29.835086179,"_step":0}