{"_wandb":{"runtime":32},"MSE":0.012241166962974366,"MAE":6.175574747296692e+65,"L2RE":1.021771993259084,"max_APE":1.2651051175416864e+69,"_timestamp":1.7233016966051137e+09,"_runtime":31.732518134,"_step":0}