{"_runtime":36.240575176,"_step":0,"MSE":0.029279512289286026,"_wandb":{"runtime":36},"MAE":1.9897468376782744e+65,"L2RE":1.5802452840774521,"max_APE":4.007894951284013e+68,"_timestamp":1.7240244853738446e+09}