{"MAE":1.0467588836886048e+60,"L2RE":0.6622938023194336,"max_APE":2.6579435608877033e+63,"_timestamp":1.7207274915790763e+09,"MSE":0.009756309120666969,"_runtime":185.956131,"_step":0,"_wandb":{"runtime":186}}