{"_step":1,"initialization_method":"He normal","_timestamp":1.7240020899044356e+09,"MSE":0.011565956775389616,"L2RE":0.9931923509979758,"weighted_score":0.1114844175617919,"MAE":1.3440664798273612e+65,"activation_function":"Swish","_runtime":2.432494428,"weighted_array":[0.25,0.25,0.25,0.25],"iterations":350,"max_APE":2.296866097453403e+68,"_wandb":{"runtime":3}}