{"_runtime":2188.49969026,"_wandb":{"runtime":2188},"_step":0,"MSE":0.004356906422882643,"MAE":1.9137183869393185e+65,"L2RE":0.6095813900161468,"max_APE":4.385393015736535e+68,"_timestamp":1.7241384277651746e+09}