{"_timestamp":1.7243503329333158e+09,"activation_function":"GELU","max_APE":3.8184107801525346e+68,"_runtime":3.09639663,"initialization_method":"He normal","iterations":5,"_wandb":{"runtime":4},"_step":1,"L2RE":1.7526433590160473,"weighted_array":[0.25,0.25,0.25,0.25],"MAE":2.288606660963791e+65,"MSE":0.03601653556785414,"weighted_score":0.12553049134948485}