{"L2RE":0.46957579241786596,"max_APE":1.634127189714097e+68,"_timestamp":1.7239679275882363e+09,"_runtime":550.114712212,"_step":0,"_wandb":{"runtime":550},"MSE":0.0025853909997750704,"MAE":8.790816808153469e+64}