{"max_APE":5.293780334143051e+68,"_step":0,"initialization_method":"He normal","activation_function":"SiLU","MAE":3.9320035438791094e+65,"MSE":0.02444910359824417,"iterations":5,"_wandb":{"runtime":2},"_runtime":1.19840709,"L2RE":1.4440228122359777,"_timestamp":1.7242740355941222e+09}