{"L2RE":1.727057147101507,"MAE":5.669995942665947e+65,"weighted_score":0.1285172508772952,"MSE":0.034972626448801045,"_step":1,"activation_function":"SiLU","_runtime":2.48626013,"_timestamp":1.7242393605726984e+09,"iterations":125,"max_APE":7.793419365381578e+68,"weighted_array":[0.25,0.25,0.25,0.25],"initialization_method":"He normal","_wandb":{"runtime":3}}