{"L2RE":3.1215600743783565,"_step":1,"MSE":0.11425053099184893,"activation_function":"Sigmoid","_timestamp":1.7242392847708633e+09,"iterations":75,"_runtime":2.423221845,"MAE":2.9982241196633376e+66,"weighted_array":[0.25,0.25,0.25,0.25],"weighted_score":0.4967184858379994,"initialization_method":"Glorot normal","_wandb":{"runtime":3},"max_APE":3.8281546752129725e+69}