{"MAE":3.005237873851247e+65,"_wandb":{"runtime":34},"L2RE":1.388445339667925,"max_APE":4.0360149464657366e+68,"_timestamp":1.724348357054505e+09,"_runtime":34.271881969,"_step":0,"MSE":0.02260332901705805}