{"initialization_method":"He normal","_step":0,"MAE":5.669995942665946e+65,"L2RE":1.727057147101507,"MSE":0.034972626448801045,"_wandb":{"runtime":2},"_timestamp":1.7242361120399024e+09,"max_APE":7.793419365381578e+68,"activation_function":"Swish","iterations":500,"_runtime":1.20882721}