{"iterations":20,"_timestamp":1.7243502340329473e+09,"_step":0,"activation_function":"APTx","_runtime":1.274017126,"max_APE":3.0644256790733366e+68,"L2RE":1.7863083363702963,"MSE":0.037413443533896626,"_wandb":{"runtime":2},"initialization_method":"He normal","MAE":1.4218833827512665e+65}