{"_wandb":{"runtime":35},"_step":0,"MSE":0.017700788296318788,"MAE":1.406460875906928e+66,"L2RE":1.2286802790972642,"max_APE":2.2603096631083215e+69,"_timestamp":1.7235681147845676e+09,"_runtime":35.476586125}