{"MSE":0.02260332901705805,"max_APE":4.0360149464657366e+68,"initialization_method":"He normal","_step":0,"iterations":3,"MAE":3.005237873851247e+65,"L2RE":1.388445339667925,"_runtime":1.559696387,"_wandb":{"runtime":2},"_timestamp":1.7243471607140427e+09,"activation_function":"Mish"}