{"MSE":0.04996683915866864,"MAE":4.932876612583098e+65,"_wandb":{"runtime":35},"L2RE":2.0643509070638015,"max_APE":1.1036362800456284e+69,"_timestamp":1.723996355621476e+09,"_runtime":34.935492302,"_step":0}