{"_runtime":34.165339215,"_step":0,"_wandb":{"runtime":34},"MSE":0.028703738425958455,"MAE":2.980710475046983e+65,"L2RE":1.5646305854715452,"max_APE":6.412103191444859e+68,"_timestamp":1.724086761034164e+09}