{"initialization_method":"He normal","_wandb":{"runtime":1},"_timestamp":1.7240249974342613e+09,"_runtime":1.20933301,"iterations":50,"activation_function":"ReLu","max_APE":1.7600918684570642e+69,"_step":0,"MSE":0.05664818291141411,"MAE":8.516198207425765e+65,"L2RE":2.198039919646826}