{"MAE":1.6445809234536877e+66,"L2RE":0.850496123920176,"max_APE":2.7301742536122137e+69,"_timestamp":1.7234440556539552e+09,"_runtime":36.200195218,"_wandb":{"runtime":37},"_step":0,"MSE":0.008481243064659742}