{"_runtime":31.990208546,"_wandb":{"runtime":32},"_step":0,"MSE":0.02444910359824417,"MAE":3.9320035438791094e+65,"L2RE":1.4440228122359777,"max_APE":5.293780334143051e+68,"_timestamp":1.7242740314968336e+09}