{"_wandb":{"runtime":34},"L2RE":1.5202466745662573,"max_APE":3.996104258690792e+68,"_timestamp":1.7240245710200322e+09,"_runtime":33.957682673,"_step":0,"MSE":0.0270983567954786,"MAE":1.929412150773094e+65}