{"_wandb":{"runtime":34},"MSE":0.03601653556785414,"MAE":2.288606660963791e+65,"L2RE":1.7526433590160473,"max_APE":3.8184107801525346e+68,"_timestamp":1.724344860155378e+09,"_runtime":33.577650711,"_step":0}