{"_runtime":31.208231924,"_step":0,"MSE":0.02464520568214952,"MAE":1.7807855437340952e+66,"L2RE":1.44980237632247,"max_APE":3.092843593617755e+69,"_wandb":{"runtime":31},"_timestamp":1.723361855850594e+09}