{"_wandb":{"runtime":31},"_step":0,"MSE":0.005458459417864559,"MAE":1.9175089230268088e+65,"L2RE":0.6823035433125546,"max_APE":2.752745254939577e+68,"_timestamp":1.7239992888862987e+09,"_runtime":30.88208784}