{"_wandb":{"runtime":2},"max_APE":2.664033308082899e+69,"_runtime":1.212129883,"initialization_method":"Glorot normal","activation_function":"Softplus","_timestamp":1.7243582000806563e+09,"iterations":2,"L2RE":2.5184524621904645,"MSE":0.07436735711999912,"_step":0,"MAE":2.020739040682361e+66}