{"iterations":7,"MAE":2.288606660963791e+65,"max_APE":3.8184107801525346e+68,"activation_function":"GELU","MSE":0.03601653556785414,"initialization_method":"He normal","L2RE":1.7526433590160473,"_runtime":1.327874838,"_step":0,"_wandb":{"runtime":1},"_timestamp":1.7243448644062886e+09}