{"_wandb":{"runtime":34},"_runtime":34.035698636,"_step":0,"MSE":0.08824513289187413,"MAE":1.4802719869823808e+66,"L2RE":2.7433926103704596,"max_APE":1.8835468053469914e+69,"_timestamp":1.7240672348159118e+09}