{"MAE":4.865131519167033e+65,"L2RE":1.1596057326717013,"max_APE":1.0469311423177187e+69,"_timestamp":1.72399702636049e+09,"_runtime":38.977405376,"_step":0,"_wandb":{"runtime":39},"MSE":0.01576650888437703}