{"weighted_score":0.1285172508772952,"_runtime":4.520469046,"initialization_method":"He normal","MSE":0.034972626448801045,"activation_function":"SiLU","MAE":5.669995942665947e+65,"iterations":400,"weighted_array":[0.25,0.25,0.25,0.25],"_wandb":{"runtime":5},"max_APE":7.793419365381578e+68,"_step":1,"_timestamp":1.7242393886576989e+09,"L2RE":1.727057147101507}