{"max_APE":4.727365806104572e+68,"_timestamp":1.724029842113216e+09,"_runtime":33.343927252,"_wandb":{"runtime":33},"_step":0,"MSE":0.02426007398734223,"MAE":2.239311570916213e+65,"L2RE":1.438429708872041}