{"max_APE":3.2400096580513947e+68,"initialization_method":"Glorot normal","MSE":0.036921475370502124,"L2RE":1.774524938904827,"activation_function":"APTx","_wandb":{"runtime":1},"_timestamp":1.7240008861608868e+09,"iterations":150,"_step":0,"_runtime":1.211765718,"MAE":2.4836877497127716e+65}