{"MAE":2.8292667751450516e+65,"L2RE":1.6541350157830823,"max_APE":6.475571200384914e+68,"_timestamp":1.724086677589099e+09,"_wandb":{"runtime":35},"_runtime":34.448772802,"_step":0,"MSE":0.03208165342235798}