{"_step":0,"L2RE":1.0444020908023313,"MSE":0.012789403743321444,"_timestamp":1.724027510776977e+09,"_wandb":{"runtime":1},"MAE":9.261375730321778e+64,"max_APE":2.2774737160931624e+68,"activation_function":"Swish","_runtime":1.139172548,"initialization_method":"He normal","iterations":75}