{"_wandb":{"runtime":686},"_runtime":685.962663638,"_step":0,"MSE":0.002495598654340934,"MAE":1.1052501318670818e+65,"L2RE":0.4613493946960407,"max_APE":1.410126230349896e+68,"_timestamp":1.7242304966617582e+09}