{"MSE":0.017332594889706704,"initialization_method":"Glorot normal","max_APE":9.054034475472478e+68,"activation_function":"sin","_wandb":{"runtime":2},"_timestamp":1.7242744531207051e+09,"_step":0,"MAE":4.630936975108508e+65,"_runtime":1.233673214,"L2RE":1.2158342603954233,"iterations":15}