{"_timestamp":1.724025528067004e+09,"_runtime":34.450596922,"_step":0,"MSE":0.02887201199873843,"MAE":1.169455842235963e+66,"L2RE":1.5692101497784015,"max_APE":2.508009785791544e+69,"_wandb":{"runtime":34}}