{"MAE":2.288606660963791e+65,"L2RE":1.7526433590160473,"max_APE":3.8184107801525346e+68,"_timestamp":1.7242730014286435e+09,"_runtime":34.435336625,"_step":0,"_wandb":{"runtime":34},"MSE":0.03601653556785414}