{"_wandb":{"runtime":1},"_step":0,"max_APE":3.5047650711216327e+68,"MAE":2.406745532097991e+65,"MSE":0.03612829416465788,"_runtime":1.218753753,"iterations":300,"L2RE":1.755360461691566,"initialization_method":"He normal","activation_function":"APTx","_timestamp":1.7240015319726574e+09}