{"_step":0,"MSE":0.004448635152957733,"MAE":1.4628277223027307e+65,"L2RE":0.615964918818522,"_wandb":{"runtime":1340},"max_APE":3.0252826674718896e+68,"_timestamp":1.724016092561134e+09,"_runtime":1340.001673597}