{"L2RE":2.1939863343532657,"max_APE":2.8707222376775574e+69,"_timestamp":1.7243456979932072e+09,"_runtime":35.766064252,"_step":0,"MSE":0.05643943647237961,"_wandb":{"runtime":36},"MAE":2.2492268105160765e+66}