{"MAE":1.2399036312793523e+65,"_wandb":{"runtime":1},"_timestamp":1.7239990871392355e+09,"activation_function":"Swish","L2RE":0.9915512797270007,"iterations":250,"max_APE":2.2970079396073144e+68,"_step":0,"_runtime":1.17423601,"initialization_method":"He normal","MSE":0.011527767036230957}