{"_step":0,"_wandb":{"runtime":6089},"MSE":0.004892105139960686,"MAE":6.558618309819366e+43,"L2RE":0.1482598705783567,"max_APE":1.515039998919775e+46,"_timestamp":1.7198228108189602e+09,"_runtime":6089.344464}