{"max_APE":7.793419365381578e+68,"_timestamp":1.724236192950654e+09,"initialization_method":"He normal","_wandb":{"runtime":2},"MAE":5.669995942665946e+65,"iterations":1000,"L2RE":1.727057147101507,"MSE":0.034972626448801045,"activation_function":"Swish","_runtime":1.570793469,"_step":0}