{"max_APE":3.366093945148281e+68,"activation_function":"Mish","initialization_method":"He normal","_step":0,"MSE":0.014069218796379372,"_wandb":{"runtime":1},"_runtime":1.346552459,"iterations":300,"MAE":1.3692646105786384e+65,"L2RE":1.0954122051191946,"_timestamp":1.7240288178496468e+09}