{"_wandb":{"runtime":33},"MAE":1.7620721328497414e+66,"L2RE":2.6459003358289017,"max_APE":2.374388986143163e+69,"_timestamp":1.7240002850035996e+09,"_runtime":32.977520259,"_step":0,"MSE":0.08208462062725544}