{"_runtime":29.867365134,"_step":0,"_wandb":{"runtime":30},"MSE":0.005656761559726686,"MAE":2.343662291713702e+65,"L2RE":0.6945867913360938,"max_APE":3.479429723816933e+68,"_timestamp":1.723999444679733e+09}