{"_step":0,"_wandb":{"runtime":35},"MSE":0.07804116808546459,"MAE":1.3492445505940328e+66,"L2RE":2.579909455896533,"max_APE":1.7176775056738945e+69,"_timestamp":1.7240673227640169e+09,"_runtime":34.927464593}