{"_step":0,"MSE":0.0021721485791105803,"MAE":3.191990462673953e+64,"L2RE":0.4304149503275988,"_wandb":{"runtime":2489},"max_APE":7.254268695653187e+67,"_timestamp":1.7241733098590598e+09,"_runtime":2488.695389293}