{"_wandb":{"runtime":1},"_timestamp":1.723362098746111e+09,"_runtime":1.24524255,"MSE":0.008570965106243495,"initialization_method":"He normal","MAE":9.95246738580529e+65,"L2RE":0.8549829364408744,"_step":0,"max_APE":1.939111918537516e+69,"activation_function":"Swish","iterations":75}