{"max_APE":4.583647336389177e+68,"iterations":1000,"initialization_method":"He normal","_timestamp":1.7240688648528922e+09,"_runtime":1.200231501,"activation_function":"APTx","_wandb":{"runtime":1},"MAE":2.0217817135255877e+65,"L2RE":0.7029656510999447,"MSE":0.005794060715793726,"_step":0}