{"_step":0,"MSE":0.01949075373046991,"MAE":6.609638413726644e+65,"L2RE":1.2893086632001982,"max_APE":1.3975023803307617e+69,"_wandb":{"runtime":31},"_timestamp":1.7233014154707994e+09,"_runtime":30.776316712}