{"L2RE":1.6576552545727359,"max_APE":5.339140675425136e+68,"_timestamp":1.724029639091833e+09,"_runtime":33.129195297,"_step":0,"_wandb":{"runtime":33},"MSE":0.03221834752632883,"MAE":2.52539393098329e+65}