{"_wandb":{"runtime":1},"MAE":4.059216617177417e+64,"activation_function":"ELU","iterations":300,"MSE":0.0021893916471399898,"initialization_method":"He normal","_runtime":1.278737674,"_timestamp":1.7239915495622468e+09,"L2RE":0.4321199450337537,"_step":0,"max_APE":8.901284032905224e+67}