{"_runtime":31.018206966,"_step":0,"_wandb":{"runtime":31},"MSE":0.037413443533896626,"MAE":1.4218833827512665e+65,"L2RE":1.7863083363702963,"max_APE":3.0644256790733366e+68,"_timestamp":1.7242761381113048e+09}