{"MSE":0.01147006038351851,"_timestamp":1.724357832099467e+09,"activation_function":"Swish","L2RE":0.9890663712015482,"initialization_method":"He normal","MAE":1.5871114741853595e+64,"_runtime":1.427820213,"max_APE":2.8329032302244797e+67,"iterations":2,"_wandb":{"runtime":2},"_step":0}