{"max_APE":4.838784597383686e+68,"MSE":0.04183275700077686,"L2RE":1.8888646012216195,"_runtime":1.145947836,"initialization_method":"He normal","_timestamp":1.7242388464579272e+09,"MAE":3.323937066326494e+65,"iterations":300,"activation_function":"APTx","_step":0,"_wandb":{"runtime":1}}