{"MAE":9.671716335608537e+65,"L2RE":0.7519199068779597,"max_APE":1.2329122020169499e+69,"_timestamp":1.7239973259927313e+09,"_runtime":34.233000292,"_step":0,"MSE":0.006629152321076313,"_wandb":{"runtime":34}}