{"_runtime":29.835811011,"_step":0,"MSE":0.1610141088768181,"MAE":2.0998644548830707e+66,"_wandb":{"runtime":30},"L2RE":3.705736627978396,"max_APE":3.347523367063043e+69,"_timestamp":1.7233002601483111e+09}