{"MAE":7.361482170334538e+64,"L2RE":0.9780305307972801,"max_APE":1.6774490372454083e+68,"_timestamp":1.7240268485441625e+09,"_runtime":33.90734988,"_step":0,"MSE":0.011215526268829617,"_wandb":{"runtime":34}}