{"MSE":0.009249291856054106,"MAE":6.596964957678055e+64,"L2RE":0.8881714842309288,"max_APE":1.2994293597107605e+68,"_timestamp":1.7241654307651064e+09,"_wandb":{"runtime":40},"_runtime":40.29444976,"_step":0}