{"_wandb":{"runtime":38},"_timestamp":1.7240288586462889e+09,"_runtime":37.844587922,"_step":0,"MSE":0.013603679617601765,"MAE":1.3416483717841902e+65,"L2RE":1.0771365959030492,"max_APE":3.32473941609338e+68}