{"_timestamp":1.724236422491765e+09,"_runtime":30.663357589,"_step":0,"_wandb":{"runtime":30},"MSE":0.008246393017834665,"MAE":4.274475912592483e+65,"L2RE":0.8386381182804508,"max_APE":8.275274617106667e+68}