{"MSE":0.007354588551116044,"_runtime":248.351453,"_step":0,"_wandb":{"runtime":248},"MAE":2.9739413478102004e+65,"L2RE":0.7919937865568825,"max_APE":5.444733939962492e+68,"_timestamp":1.7231950062356246e+09}