{"initialization_method":"Glorot normal","L2RE":0.6974402768245905,"_wandb":{"runtime":2},"iterations":10,"MAE":5.460457514207681e+65,"_step":0,"_runtime":1.621909796,"max_APE":8.095193716508313e+68,"activation_function":"SELU","_timestamp":1.7243454933272176e+09,"MSE":0.005703334985156818}