{"MSE":0.034972626448801045,"MAE":5.669995942665946e+65,"L2RE":1.727057147101507,"max_APE":7.793419365381578e+68,"_wandb":{"runtime":31},"_timestamp":1.724235946882012e+09,"_runtime":31.572298217,"_step":0}