{"L2RE":1.812246822242899,"_runtime":1.232863627,"iterations":2,"max_APE":7.934607384628394e+68,"_step":0,"_timestamp":1.7243571963722498e+09,"MAE":3.256774038161601e+65,"initialization_method":"He normal","MSE":0.03850787259720428,"_wandb":{"runtime":1},"activation_function":"ReLu"}