{"MSE":0.0043865759821878555,"iterations":750,"max_APE":3.5457362704846013e+68,"_timestamp":1.7241774576104398e+09,"_runtime":1.174870512,"MAE":2.2741570572638557e+65,"_wandb":{"runtime":1},"L2RE":0.6116534250129986,"activation_function":"tanh","initialization_method":"Glorot normal","_step":0}