{"max_APE":9.054034475472478e+68,"iterations":7,"_step":0,"MSE":0.017332594889706704,"_runtime":1.272670048,"initialization_method":"Glorot normal","MAE":4.630936975108508e+65,"activation_function":"sin","_wandb":{"runtime":1},"L2RE":1.2158342603954233,"_timestamp":1.7242743658240128e+09}