{"_timestamp":1.7240670943676736e+09,"_runtime":38.523691626,"_step":0,"_wandb":{"runtime":40},"MSE":0.0352605649593465,"MAE":1.4339901984356726e+66,"L2RE":1.73415222308022,"max_APE":1.822652087612087e+69}