{"MSE":0.0250509298976021,"MAE":3.3756182038261e+65,"L2RE":1.4616874211481403,"max_APE":5.069118292051959e+68,"_timestamp":1.7239983601980627e+09,"_runtime":31.247989049,"_step":0,"_wandb":{"runtime":31}}