{"max_APE":2.7402090182938864e+69,"_timestamp":1.7240006089486659e+09,"_runtime":32.484798548,"_step":0,"_wandb":{"runtime":32},"MSE":0.08667589217410557,"MAE":2.030596257973486e+66,"L2RE":2.7188906678508067}