{"_wandb":{"runtime":4},"MSE":0.048781966216754576,"max_APE":3.7391171184225726e+68,"initialization_method":"He normal","L2RE":2.039727890407325,"_timestamp":1.7242391978297117e+09,"iterations":500,"MAE":2.930377721721396e+65,"weighted_score":0.11985322990243925,"_runtime":3.414459097,"activation_function":"ReLu","weighted_array":[0.25,0.25,0.25,0.25],"_step":1}