{"MSE":0.021251768951770184,"MAE":2.1800373903762824e+65,"L2RE":1.3462946704632015,"_wandb":{"runtime":40},"max_APE":3.9476877866994654e+68,"_timestamp":1.7241652874113257e+09,"_runtime":40.147145596,"_step":0}