{"_timestamp":1.7233019146412578e+09,"_runtime":34.251898846,"_wandb":{"runtime":34},"_step":0,"MSE":0.01365966915690695,"MAE":8.210290050243908e+65,"L2RE":1.0793509400021126,"max_APE":1.6354506769944027e+69}