{"max_APE":8.095193716508313e+68,"_timestamp":1.724345488494928e+09,"_runtime":33.971243335,"_step":0,"_wandb":{"runtime":34},"MSE":0.005703334985156818,"MAE":5.460457514207681e+65,"L2RE":0.6974402768245905}