{"weighted_score":0.11535394529871053,"L2RE":1.8888646012216197,"activation_function":"APTx","MSE":0.04183275700077686,"initialization_method":"He normal","_runtime":2.411811095,"max_APE":4.838784597383686e+68,"MAE":3.3239370663264945e+65,"_timestamp":1.724239825328803e+09,"weighted_array":[0.25,0.25,0.25,0.25],"_step":1,"_wandb":{"runtime":3},"iterations":150}