{"max_APE":2.5122762012018637e+68,"_timestamp":1.7241900574734914e+09,"_runtime":33.991960712,"_step":0,"MSE":0.017315272706696846,"_wandb":{"runtime":34},"MAE":1.511046133184653e+65,"L2RE":1.2152265565750666}