{"L2RE":1.232334472882373,"activation_function":"Mish","initialization_method":"He normal","_wandb":{"runtime":1},"MAE":1.5035032760970944e+65,"_timestamp":1.7241779179568276e+09,"MSE":0.01780623199323597,"_runtime":1.1749044610000001,"max_APE":2.190692246035164e+68,"iterations":750,"_step":0}