{"initialization_method":"He normal","_wandb":{"runtime":1},"_timestamp":1.724238809074797e+09,"MSE":0.04183275700077686,"L2RE":1.8888646012216195,"MAE":3.323937066326494e+65,"_runtime":1.176826,"activation_function":"APTx","max_APE":4.838784597383686e+68,"iterations":250,"_step":0}