{"max_APE":5.106414610320549e+69,"iterations":25,"_runtime":1.357886586,"initialization_method":"Glorot normal","activation_function":"Softplus","MSE":0.2755654344241879,"_wandb":{"runtime":2},"L2RE":4.8479145265507615,"_step":0,"MAE":3.991036138653676e+66,"_timestamp":1.724275738615942e+09}