{"_wandb":{"runtime":818},"max_APE":3.3187945860345926e+68,"_timestamp":1.7240126899351137e+09,"_runtime":818.167334341,"_step":0,"MSE":0.004753613614404841,"MAE":1.6263260081782002e+65,"L2RE":0.6367288424139902}