{"_timestamp":1.7242725406869106e+09,"activation_function":"ELU","initialization_method":"He normal","_wandb":{"runtime":1},"_runtime":1.288006342,"_step":0,"L2RE":0.4565658624643288,"MSE":0.0024441153841030226,"max_APE":1.387272866541234e+68,"MAE":9.193078454494602e+64,"iterations":5}