{"_wandb":{"runtime":48},"MSE":0.1139567422601419,"MAE":1.2864100721840652e+43,"L2RE":0.7155594774422555,"max_APE":2.9716039022701277e+45,"_timestamp":1.719738699010323e+09,"_runtime":47.636865,"_step":0}