{"initialization_method":"He normal","MAE":8.160192736293755e+64,"_timestamp":1.7240277233165781e+09,"iterations":200,"_step":0,"_runtime":1.113560174,"L2RE":1.0065511211343239,"MSE":0.01187918118354853,"_wandb":{"runtime":1},"max_APE":1.7366236519568604e+68,"activation_function":"Swish"}