{"iterations":750,"_step":0,"_wandb":{"runtime":1},"max_APE":3.889278645117305e+68,"initialization_method":"Glorot normal","activation_function":"tanh","MSE":0.003970754715188757,"MAE":2.0593723183305716e+65,"L2RE":0.5819412115702078,"_runtime":1.18425443,"_timestamp":1.7240680493173652e+09}