{"_runtime":32.323726421,"_step":0,"MSE":0.008246393017834665,"MAE":4.274475912592483e+65,"L2RE":0.8386381182804508,"_wandb":{"runtime":32},"max_APE":8.275274617106667e+68,"_timestamp":1.7242362689845448e+09}