{"L2RE":0.528618581417117,"_timestamp":1.7242749980840375e+09,"_wandb":{"runtime":2},"max_APE":6.782811134723052e+68,"iterations":10,"MAE":3.852947916391969e+65,"MSE":0.003276420860117474,"initialization_method":"Glorot normal","_runtime":1.5756178410000001,"_step":0,"activation_function":"tanh"}