{"_step":0,"MSE":0.032801065056122757,"MAE":9.733512415876294e+65,"L2RE":1.6725786796221975,"max_APE":1.9883991013852292e+69,"_timestamp":1.7233024319397264e+09,"_wandb":{"runtime":35},"_runtime":35.532658377}