{"activation_function":"SELU","_step":1,"weighted_array":[0.25,0.25,0.25,0.25],"iterations":7,"_wandb":{"runtime":3},"MAE":5.460457514207681e+65,"max_APE":8.095193716508313e+68,"_timestamp":1.7243513862046003e+09,"weighted_score":0.07957069455399915,"initialization_method":"Glorot normal","MSE":0.005703334985156818,"_runtime":2.607211627,"L2RE":0.6974402768245905}