{"L2RE":2.1939863343532657,"max_APE":2.8707222376775574e+69,"_timestamp":1.724345824878273e+09,"_runtime":33.932397546,"_step":0,"_wandb":{"runtime":34},"MSE":0.05643943647237961,"MAE":2.2492268105160765e+66}