{"_timestamp":1.7243582376580856e+09,"_runtime":34.191520137,"_step":0,"_wandb":{"runtime":34},"MSE":0.07436735711999912,"MAE":2.020739040682361e+66,"L2RE":2.5184524621904645,"max_APE":2.664033308082899e+69}