{"_runtime":34.390523417,"_wandb":{"runtime":35},"_step":0,"MSE":0.038848653901821524,"MAE":1.189873186133621e+66,"L2RE":1.820248036872686,"max_APE":2.389967287908161e+69,"_timestamp":1.72330266829418e+09}