{"initialization_method":"He normal","_timestamp":1.7240019567781768e+09,"max_APE":2.3086579763011973e+68,"_wandb":{"runtime":4},"MAE":1.175616162980637e+65,"iterations":200,"weighted_score":0.10770799542452361,"weighted_array":[0.25,0.25,0.25,0.25],"_runtime":3.391468547,"_step":1,"L2RE":0.9811860427812782,"MSE":0.011288014434894165,"activation_function":"SiLU"}