{"_step":0,"MSE":0.02169207628280725,"MAE":2.142114791779584e+65,"L2RE":1.3601698542712002,"max_APE":4.563403054780774e+68,"_timestamp":1.7240450760290966e+09,"_wandb":{"runtime":1460},"_runtime":1460.276116967}