{"_runtime":1.161013882,"initialization_method":"He normal","_step":0,"iterations":350,"L2RE":0.9780305307972801,"_wandb":{"runtime":1},"MSE":0.011215526268829617,"activation_function":"SiLU","MAE":7.361482170334538e+64,"_timestamp":1.724026852329052e+09,"max_APE":1.6774490372454083e+68}