{"_timestamp":1.7242363825720963e+09,"_runtime":30.320004585,"_step":0,"MSE":0.008246393017834665,"MAE":4.274475912592483e+65,"_wandb":{"runtime":30},"L2RE":0.8386381182804508,"max_APE":8.275274617106667e+68}