{"MAE":1.0915510424198884e+66,"MSE":0.03651907892774213,"weighted_array":[0.25,0.25,0.25,0.25],"initialization_method":"He normal","iterations":250,"activation_function":"Mish","_timestamp":1.7233040814931276e+09,"_runtime":3.4483008760000002,"_step":1,"max_APE":2.2050772434859673e+69,"L2RE":1.764828430560491,"_wandb":{"runtime":4},"weighted_score":0.16790153442330213}