{"_wandb":{"runtime":3},"weighted_score":0.09467104003004584,"iterations":2,"activation_function":"SiLU","_step":1,"weighted_array":[0.25,0.25,0.25,0.25],"MSE":0.01147006038351851,"MAE":1.5871114741853598e+64,"L2RE":0.9890663712015482,"_timestamp":1.7243586010389845e+09,"initialization_method":"He normal","max_APE":2.8329032302244797e+67,"_runtime":2.409248639}