{"L2RE":1.0385306661627374,"max_APE":1.4003557631870284e+69,"_timestamp":1.7233009499691079e+09,"_wandb":{"runtime":30},"_runtime":30.626690844,"_step":0,"MSE":0.012646008886904684,"MAE":6.883587791244444e+65}