{"MSE":0.037413443533896626,"MAE":1.4218833827512665e+65,"activation_function":"APTx","iterations":15,"_timestamp":1.7242759439748623e+09,"L2RE":1.7863083363702963,"_step":0,"_wandb":{"runtime":1},"max_APE":3.0644256790733366e+68,"_runtime":1.339521626,"initialization_method":"Glorot normal"}