{"initialization_method":"He normal","iterations":200,"max_APE":1.986800301365086e+69,"_wandb":{"runtime":3},"_step":0,"_runtime":2.251173965,"_timestamp":1.723443959991315e+09,"MSE":0.005380314739916928,"L2RE":0.6774019222908066,"MAE":1.1041536183649104e+66,"activation_function":"Swish"}