{"iterations":175,"MAE":1.1385471081145975e+65,"L2RE":0.9759643319398239,"_step":0,"initialization_method":"He normal","max_APE":2.3155802801279175e+68,"_timestamp":1.7239990039472713e+09,"_wandb":{"runtime":1},"activation_function":"Swish","MSE":0.01116818821849168,"_runtime":1.24670693}