{"_runtime":36.137604969,"_step":0,"_wandb":{"runtime":36},"MSE":0.01708052975954527,"MAE":1.4005809695874558e+65,"L2RE":1.2069610410837086,"max_APE":2.6082294526863646e+68,"_timestamp":1.7239999575212066e+09}