{"MAE":1.0460539814122243e+65,"_runtime":1.203111919,"max_APE":1.7919961512977606e+68,"activation_function":"Swish","_timestamp":1.7241777975733979e+09,"MSE":0.012402180405371633,"_wandb":{"runtime":1},"_step":0,"iterations":1000,"initialization_method":"He normal","L2RE":1.028469947700095}