{"MAE":1.6414920065492387e+66,"L2RE":3.2106257118999872,"max_APE":2.344543363380977e+69,"_wandb":{"runtime":29},"_timestamp":1.7233000374908302e+09,"_runtime":29.763871338,"_step":0,"MSE":0.12086322857923501}