{"MAE":9.617310420311646e+65,"L2RE":0.7964404767558876,"max_APE":1.8367912931154196e+69,"_timestamp":1.7233608091616437e+09,"_wandb":{"runtime":302},"_runtime":302.493444592,"_step":0,"MSE":0.007437405829102103}