{"MAE":4.7159078295170164e+66,"L2RE":5.959398247286704,"max_APE":6.309685089789872e+69,"_timestamp":1.7233030841452127e+09,"_runtime":35.064904679,"_wandb":{"runtime":35},"_step":0,"MSE":0.41640856160189854}