{"_runtime":1.216851555,"initialization_method":"Glorot normal","_wandb":{"runtime":1},"L2RE":4.8479145265507615,"MAE":3.991036138653676e+66,"iterations":5,"MSE":0.2755654344241879,"_timestamp":1.7242755197066112e+09,"max_APE":5.106414610320549e+69,"_step":0,"activation_function":"Softplus"}