{"MSE":0.016368079450816864,"MAE":4.881606632438192e+65,"L2RE":1.1815210024876863,"max_APE":1.1075410233832156e+69,"_wandb":{"runtime":34},"_timestamp":1.7239969350932715e+09,"_runtime":34.186020333,"_step":0}