{"max_APE":2.7698574855460837e+68,"_step":0,"MAE":1.4283806890215682e+65,"iterations":50,"initialization_method":"He normal","L2RE":0.9796882496955488,"_timestamp":1.7239987992013924e+09,"_wandb":{"runtime":1},"_runtime":1.232168835,"activation_function":"Swish","MSE":0.011253578140908285}