{"_timestamp":1.724238996522324e+09,"_wandb":{"runtime":31},"_runtime":31.104511586,"_step":0,"MSE":0.04183275700077686,"MAE":3.323937066326494e+65,"L2RE":1.8888646012216195,"max_APE":4.838784597383686e+68}