{"MAE":1.2193500016491988e+66,"L2RE":1.8175893341331604,"max_APE":2.448880892720624e+69,"_wandb":{"runtime":42},"_timestamp":1.7233027204660585e+09,"_runtime":40.666224136,"_step":0,"MSE":0.03873525002655009}