{"_wandb":{"runtime":33},"_timestamp":1.724045116952686e+09,"_runtime":32.792291263,"_step":0,"MSE":0.01939450694025508,"MAE":2.0577287883947356e+65,"L2RE":1.2861213725695455,"max_APE":4.461655627568223e+68}