{"_step":0,"iterations":75,"MAE":5.60050989082257e+65,"_wandb":{"runtime":1},"initialization_method":"Glorot normal","_runtime":1.216541708,"_timestamp":1.724027017331999e+09,"MSE":0.02833581655416394,"max_APE":1.400205142749279e+69,"L2RE":1.5545705992382526,"activation_function":"sin"}