{"L2RE":1.727057147101507,"iterations":100,"activation_function":"Swish","_timestamp":1.7242357885061119e+09,"MSE":0.034972626448801045,"_wandb":{"runtime":2},"_runtime":1.439557629,"initialization_method":"He normal","MAE":5.669995942665946e+65,"max_APE":7.793419365381578e+68,"_step":0}