{"_timestamp":1.7244028791532738e+09,"_wandb":{"runtime":1},"iterations":3,"L2RE":0.9890663712015482,"_step":0,"_runtime":1.202080046,"MSE":0.01147006038351851,"max_APE":2.8329032302244797e+67,"activation_function":"SiLU","MAE":1.5871114741853595e+64,"initialization_method":"He normal"}