{"MAE":1.858655703593897e+66,"L2RE":1.110703963385519,"max_APE":2.9459348447474358e+69,"_timestamp":1.7234436244867296e+09,"_runtime":34.925097838,"_wandb":{"runtime":35},"_step":0,"MSE":0.014464768108951738}