{"MAE":2.0593723183305716e+65,"L2RE":0.5819412115702078,"max_APE":3.889278645117305e+68,"_timestamp":1.7240680448911164e+09,"_runtime":38.538838553,"_wandb":{"runtime":38},"_step":0,"MSE":0.003970754715188757}