{"L2RE":2.4853706813568075,"max_APE":2.2601401981693595e+69,"_timestamp":1.7240003677433388e+09,"_runtime":32.579588047,"_step":0,"_wandb":{"runtime":33},"MSE":0.07242644592907344,"MAE":1.6608961888883614e+66}