{"_wandb":{"runtime":3},"_step":1,"activation_function":"Softplus","iterations":10,"_timestamp":1.7242766671144557e+09,"_runtime":2.416441586,"weighted_score":0.9999999999027726,"weighted_array":[0.25,0.25,0.25,0.25],"L2RE":4.8479145265507615,"initialization_method":"Glorot normal","max_APE":5.106414610320549e+69,"MAE":3.991036138653676e+66,"MSE":0.2755654344241879}