{"max_APE":6.38109110761481e+68,"_timestamp":1.7232373186751657e+09,"_runtime":329.907333587,"_step":0,"MSE":0.007098195770597621,"_wandb":{"runtime":333},"MAE":3.471208767373437e+65,"L2RE":0.7780662372778508}