{"_timestamp":1.7240454214083707e+09,"L2RE":1.006551121134324,"MSE":0.01187918118354853,"weighted_score":0.08170362264181025,"initialization_method":"He normal","_wandb":{"runtime":2},"iterations":200,"_runtime":2.318630168,"max_APE":1.7366236519568604e+68,"MAE":8.160192736293755e+64,"activation_function":"SiLU","_step":1,"weighted_array":[0.25,0.25,0.25,0.25]}