{"_timestamp":1.7242316839928274e+09,"MAE":1.1052501318670818e+65,"initialization_method":"He normal","_runtime":1.229118382,"_wandb":{"runtime":1},"_step":0,"L2RE":0.4613493946960407,"iterations":25,"max_APE":1.410126230349896e+68,"MSE":0.002495598654340934,"activation_function":"ELU"}