{"max_APE":2.6850065600727405e+69,"_timestamp":1.7233036923767486e+09,"_runtime":31.357831293,"_wandb":{"runtime":31},"_step":0,"MSE":0.09454100782023618,"MAE":1.3828224576635653e+66,"L2RE":2.839570773823428}