{"initialization_method":"He normal","activation_function":"Mish","_wandb":{"runtime":1},"_runtime":1.158246511,"iterations":1000,"MSE":0.02800449083686678,"MAE":4.364009488496405e+65,"max_APE":6.023976963880395e+68,"_timestamp":1.724237331887295e+09,"_step":0,"L2RE":1.5454552144942943}