{"MAE":1.858655703593897e+66,"L2RE":1.110703963385519,"max_APE":2.9459348447474358e+69,"_wandb":{"runtime":31},"_timestamp":1.7233619339034257e+09,"_runtime":31.302776085,"_step":0,"MSE":0.014464768108951738}