{"initialization_method":"He normal","max_APE":1.7334419477278486e+69,"activation_function":"ReLu","iterations":350,"L2RE":1.6991371726569895,"MAE":8.360063843329601e+65,"_timestamp":1.7240253616269777e+09,"_wandb":{"runtime":1},"_step":0,"MSE":0.033851016534098805,"_runtime":1.23166947}