{"L2RE":1.5454552144942943,"max_APE":6.023976963880395e+68,"_wandb":{"runtime":35},"_timestamp":1.7242369529819567e+09,"_runtime":34.978751252,"_step":0,"MSE":0.02800449083686678,"MAE":4.364009488496405e+65}