{"initialization_method":"He normal","MSE":0.01147006038351851,"L2RE":0.9890663712015482,"max_APE":2.8329032302244797e+67,"_runtime":1.183116971,"_step":0,"_wandb":{"runtime":1},"activation_function":"SiLU","iterations":1,"_timestamp":1.7243575181626816e+09,"MAE":1.5871114741853595e+64}