{"_step":0,"MSE":0.06984042547982874,"MAE":9.87809942194596e+65,"L2RE":2.440596712850833,"_wandb":{"runtime":32},"max_APE":1.8576398189101854e+69,"_timestamp":1.7233034494120724e+09,"_runtime":32.266294542}