{"weighted_score":0.42414406159707546,"_runtime":3.065910257,"MAE":2.2492268105160765e+66,"weighted_array":[0.25,0.25,0.25,0.25],"MSE":0.05643943647237961,"initialization_method":"Glorot normal","activation_function":"Sigmoid","L2RE":2.1939863343532657,"iterations":10,"max_APE":2.8707222376775574e+69,"_step":1,"_timestamp":1.7242764679769356e+09,"_wandb":{"runtime":3}}