{"activation_function":"SiLU","initialization_method":"He normal","MAE":9.135507260037398e+65,"_runtime":1.288477421,"_wandb":{"runtime":1},"max_APE":1.7823611883000874e+69,"iterations":75,"_step":0,"_timestamp":1.7235651529498923e+09,"MSE":0.007078244449241425,"L2RE":0.7769719892769227}