{"iterations":5,"L2RE":1.388445339667925,"_wandb":{"runtime":3},"_runtime":3.424440137,"MSE":0.02260332901705805,"initialization_method":"He normal","weighted_score":0.09820889667878913,"activation_function":"Mish","max_APE":4.0360149464657366e+68,"weighted_array":[0.25,0.25,0.25,0.25],"MAE":3.005237873851247e+65,"_timestamp":1.7242766272895956e+09,"_step":1}