{"_runtime":2.439314174,"initialization_method":"He normal","max_APE":6.023976963880395e+68,"L2RE":1.5454552144942943,"_timestamp":1.7242396659990504e+09,"iterations":750,"_step":1,"weighted_array":[0.25,0.25,0.25,0.25],"MSE":0.02800449083686678,"_wandb":{"runtime":3},"MAE":4.364009488496405e+65,"activation_function":"Mish","weighted_score":0.10165950765117392}