{"_step":0,"_wandb":{"runtime":35},"MSE":0.03767355754093816,"MAE":4.470151529238e+65,"L2RE":1.7925071645289665,"max_APE":1.11514186482554e+69,"_timestamp":1.7240272973624022e+09,"_runtime":35.282765296}