{"iterations":75,"_wandb":{"runtime":1},"initialization_method":"He normal","_timestamp":1.7240250372185931e+09,"_runtime":1.099020917,"MSE":0.053434538019919195,"activation_function":"ReLu","max_APE":1.8120453448684302e+69,"_step":0,"L2RE":2.1347823979255827,"MAE":8.684353444492245e+65}