{"initialization_method":"He normal","MAE":1.4218833827512663e+65,"iterations":25,"_wandb":{"runtime":5},"L2RE":1.7863083363702963,"_runtime":3.3928772609999998,"_timestamp":1.7242767462367473e+09,"weighted_array":[0.25,0.25,0.25,0.25],"weighted_score":0.1193740535222172,"max_APE":3.0644256790733366e+68,"_step":1,"activation_function":"APTx","MSE":0.037413443533896626}