{"_runtime":2.436471717,"weighted_array":[0.25,0.25,0.25,0.25],"weighted_score":0.1193740535222172,"MSE":0.037413443533896626,"_wandb":{"runtime":3},"L2RE":1.7863083363702963,"iterations":5,"max_APE":3.0644256790733366e+68,"activation_function":"APTx","_step":1,"_timestamp":1.7243527391411183e+09,"MAE":1.4218833827512663e+65,"initialization_method":"Glorot normal"}