{"L2RE":0.9887652321089153,"max_APE":2.145085333266889e+68,"_timestamp":1.7241897769724638e+09,"_runtime":31.937839846,"_step":0,"MSE":0.011463076913353354,"_wandb":{"runtime":32},"MAE":1.2906536453587044e+65}