{"_wandb":{"runtime":4},"iterations":500,"_runtime":3.44684784,"_step":1,"MAE":5.669995942665947e+65,"_timestamp":1.7242393936068285e+09,"max_APE":7.793419365381578e+68,"MSE":0.034972626448801045,"activation_function":"SiLU","weighted_array":[0.25,0.25,0.25,0.25],"weighted_score":0.1285172508772952,"L2RE":1.727057147101507,"initialization_method":"He normal"}