{"iterations":10,"L2RE":1.7863083363702963,"max_APE":3.0644256790733366e+68,"_step":0,"activation_function":"APTx","initialization_method":"He normal","_runtime":1.318334797,"MSE":0.037413443533896626,"_wandb":{"runtime":1},"_timestamp":1.7243501524162672e+09,"MAE":1.4218833827512665e+65}