{"L2RE":0.528618581417117,"max_APE":6.782811134723052e+68,"_wandb":{"runtime":32},"_timestamp":1.7242749079756732e+09,"_runtime":32.047486549,"_step":0,"MSE":0.003276420860117474,"MAE":3.852947916391969e+65}