{"MAE":1.1620415947659637e+65,"activation_function":"APTx","_wandb":{"runtime":3},"iterations":3,"_timestamp":1.7243585178187501e+09,"_runtime":1.3995734610000001,"initialization_method":"He normal","L2RE":1.6168913485311258,"_step":0,"MSE":0.03065324857643442,"max_APE":1.7206753065511447e+68}