{"_wandb":{"runtime":313},"MAE":9.617310420311646e+65,"L2RE":0.7964404767558876,"max_APE":1.8367912931154196e+69,"_timestamp":1.7234424082423055e+09,"_runtime":313.539277636,"_step":0,"MSE":0.007437405829102103}