{"_step":0,"MSE":0.026945087398743326,"_wandb":{"runtime":31},"MAE":9.047012816198529e+65,"L2RE":1.5159412898858837,"max_APE":1.885630817380371e+69,"_timestamp":1.7233005381026983e+09,"_runtime":31.514478083}