{"_step":0,"_wandb":{"runtime":30},"MSE":0.022217408193337767,"MAE":5.037217995639899e+65,"L2RE":1.3765414107183382,"max_APE":1.0948072922976585e+69,"_timestamp":1.7233022767280104e+09,"_runtime":30.400156639}