{"initialization_method":"He normal","MAE":3.9320035438791094e+65,"_wandb":{"runtime":1},"max_APE":5.293780334143051e+68,"MSE":0.02444910359824417,"_timestamp":1.7243459533151345e+09,"iterations":3,"L2RE":1.4440228122359777,"_runtime":1.177112551,"activation_function":"SiLU","_step":0}