{"_runtime":38.110605917,"_step":0,"MSE":0.012069657790956489,"MAE":8.349310206102946e+64,"_wandb":{"runtime":38},"L2RE":1.01458879601633,"max_APE":1.783084668017504e+68,"_timestamp":1.7240276780085268e+09}