{"_step":0,"_runtime":2.082464638,"L2RE":1.4440228122359777,"max_APE":5.293780334143051e+68,"initialization_method":"He normal","activation_function":"SiLU","MAE":3.9320035438791094e+65,"_timestamp":1.7242740786117268e+09,"_wandb":{"runtime":2},"MSE":0.02444910359824417,"iterations":7}