{"L2RE":2.839570773823428,"iterations":400,"initialization_method":"He normal","activation_function":"APTx","_step":0,"MSE":0.09454100782023618,"max_APE":2.6850065600727405e+69,"_wandb":{"runtime":1},"_timestamp":1.7233036961937451e+09,"_runtime":1.226754629,"MAE":1.3828224576635653e+66}