{"MSE":0.04270725067587338,"MAE":4.155014334974775e+65,"_timestamp":1.7242326471011336e+09,"activation_function":"GELU","initialization_method":"He normal","_wandb":{"runtime":1},"iterations":400,"_step":0,"L2RE":1.9085053900455407,"max_APE":5.647375368954981e+68,"_runtime":1.226497175}