{"activation_function":"Swish","iterations":100,"_step":0,"L2RE":1.0551696167090103,"_runtime":1.2031027619999999,"_wandb":{"runtime":1},"_timestamp":1.724027552432634e+09,"MAE":8.95710319564568e+64,"initialization_method":"He normal","MSE":0.013054474287521572,"max_APE":2.047097824655088e+68}