{"max_APE":3.8281546752129725e+69,"iterations":1000,"weighted_array":[0.25,0.25,0.25,0.25],"L2RE":3.1215600743783565,"_step":1,"initialization_method":"Glorot normal","_runtime":3.4416752170000002,"_wandb":{"runtime":4},"weighted_score":0.4967184858379994,"MSE":0.11425053099184893,"activation_function":"Sigmoid","MAE":2.9982241196633376e+66,"_timestamp":1.7242393379453025e+09}