{"_wandb":{"runtime":36},"max_APE":2.251081681633743e+45,"_timestamp":1.7196976908587074e+09,"MSE":0.005007912233215042,"MAE":9.744955663271284e+42,"L2RE":0.15000442828282048,"_runtime":36.079257,"_step":0}