{"_runtime":4.683032754,"MAE":3.991036138653676e+66,"L2RE":4.8479145265507615,"iterations":5,"weighted_score":0.9999999999027726,"MSE":0.2755654344241879,"_timestamp":1.724352699831518e+09,"activation_function":"Softplus","initialization_method":"Glorot normal","max_APE":5.106414610320549e+69,"_step":1,"weighted_array":[0.25,0.25,0.25,0.25],"_wandb":{"runtime":5}}