{"weighted_score":0.2788720928846141,"weighted_array":[0.25,0.25,0.25,0.25],"L2RE":1.7515420465224287,"_step":1,"_runtime":2.505910632,"max_APE":3.642738001546461e+68,"MAE":2.610300801149146e+65,"iterations":500,"MSE":0.035971286204307465,"initialization_method":"Glorot normal","activation_function":"APTx","_timestamp":1.7240023209919677e+09,"_wandb":{"runtime":3}}