{"max_APE":1.8367912931154196e+69,"L2RE":0.7964404767558876,"initialization_method":"He normal","_wandb":{"runtime":2},"_step":0,"MSE":0.007437405829102103,"activation_function":"Swish","MAE":9.617310420311646e+65,"_timestamp":1.7234438561138287e+09,"iterations":100,"_runtime":1.734192417}