{"_wandb":{"runtime":4},"MAE":1.2163823344233238e+65,"MSE":0.00369193996982882,"initialization_method":"He normal","L2RE":0.5611382833125542,"_timestamp":1.7241656670563738e+09,"activation_function":"ELU","weighted_array":[0.25,0.25,0.25,0.25],"iterations":750,"_runtime":3.503932258,"max_APE":2.444195017693385e+68,"weighted_score":0.07652963589801355,"_step":1}