{"MSE":0.02845394684387141,"activation_function":"APTx","max_APE":4.990963434711822e+68,"iterations":200,"L2RE":1.5578076839167976,"_step":0,"MAE":2.401645310533099e+65,"_runtime":1.183365592,"_wandb":{"runtime":1},"initialization_method":"Glorot normal","_timestamp":1.7240297658154254e+09}