{"_runtime":3.40568093,"initialization_method":"He normal","L2RE":1.9085053900455409,"iterations":175,"weighted_array":[0.25,0.25,0.25,0.25],"activation_function":"GELU","_timestamp":1.7242391073857503e+09,"weighted_score":0.12457299223247842,"max_APE":5.647375368954981e+68,"MAE":4.1550143349747753e+65,"_wandb":{"runtime":4},"_step":1,"MSE":0.04270725067587338}