{"max_APE":3.0644256790733366e+68,"activation_function":"APTx","L2RE":1.7863083363702963,"_wandb":{"runtime":2},"MSE":0.037413443533896626,"MAE":1.4218833827512665e+65,"_runtime":1.355902547,"iterations":7,"initialization_method":"Glorot normal","_step":0,"_timestamp":1.7242758638175879e+09}