{"max_APE":3.8184107801525346e+68,"_runtime":1.173300462,"initialization_method":"He normal","iterations":15,"MAE":2.288606660963791e+65,"activation_function":"GELU","_timestamp":1.7243449520275297e+09,"L2RE":1.7526433590160473,"_wandb":{"runtime":1},"_step":0,"MSE":0.03601653556785414}