{"_step":0,"MSE":0.01597813880918266,"MAE":4.697336503484598e+65,"L2RE":1.1673623402556568,"max_APE":1.151938736026021e+69,"_wandb":{"runtime":34},"_timestamp":1.723996893532688e+09,"_runtime":33.902211134}