{"MSE":0.024032023105086363,"_wandb":{"runtime":35},"MAE":1.7988452508906933e+65,"L2RE":1.4316529423900786,"max_APE":3.5771594762565726e+68,"_timestamp":1.724024696975757e+09,"_runtime":34.735959093,"_step":0}