{"MSE":0.02800449083686678,"_timestamp":1.7242370001077356e+09,"iterations":150,"_runtime":1.231909885,"_step":0,"_wandb":{"runtime":1},"max_APE":6.023976963880395e+68,"L2RE":1.5454552144942943,"initialization_method":"He normal","MAE":4.364009488496405e+65,"activation_function":"Mish"}