{"_runtime":1.196775222,"iterations":1,"L2RE":0.5828668026719861,"max_APE":2.148070288701766e+68,"activation_function":"tanh","MAE":1.3851817018723383e+65,"_wandb":{"runtime":1},"_timestamp":1.7243579101916392e+09,"initialization_method":"Glorot normal","MSE":0.003983395916671265,"_step":0}