{"L2RE":1.4440228122359777,"_wandb":{"runtime":33},"max_APE":5.293780334143051e+68,"_timestamp":1.724346030671445e+09,"_runtime":32.706909711,"_step":0,"MSE":0.02444910359824417,"MAE":3.9320035438791094e+65}