{"L2RE":1.0551696167090103,"_wandb":{"runtime":34},"max_APE":2.047097824655088e+68,"_timestamp":1.7240275478838797e+09,"_runtime":34.227010093,"_step":0,"MSE":0.013054474287521572,"MAE":8.95710319564568e+64}