{"L2RE":0.46521687162437175,"max_APE":2.1048553727792939e+46,"_runtime":44.423578,"_step":0,"_wandb":{"runtime":44},"_timestamp":1.7197396285401068e+09,"MSE":0.04816809402286697,"MAE":9.111938195060223e+43}