{"weighted_score":0.3594247988032919,"initialization_method":"Glorot normal","_timestamp":1.7234442924271202e+09,"_runtime":4.364994716,"_step":1,"activation_function":"tanh","L2RE":0.850496123920176,"_wandb":{"runtime":4},"max_APE":2.7301742536122137e+69,"MAE":1.6445809234536877e+66,"weighted_array":[0.25,0.25,0.25,0.25],"iterations":75,"MSE":0.008481243064659742}