{"L2RE":0.4239900452217743,"MSE":0.0021077842378115024,"max_APE":4.0613340251362955e+67,"initialization_method":"He normal","_wandb":{"runtime":3},"_timestamp":1.7241708169525273e+09,"_step":0,"MAE":2.5812196236241856e+64,"_runtime":3.031658584,"iterations":500,"activation_function":"ELU"}