{"max_APE":3.903884489276563e+68,"activation_function":"sin","_runtime":3.563255178,"_wandb":{"runtime":4},"iterations":3,"MSE":0.01182794673060916,"weighted_score":0.16211644982667192,"_timestamp":1.7244048878028777e+09,"MAE":2.57056457393607e+65,"initialization_method":"Glorot normal","L2RE":1.004378167441385,"weighted_array":[0.25,0.25,0.25,0.25],"_step":1}