{"_timestamp":1.72399843785794e+09,"_wandb":{"runtime":30},"_runtime":30.72589721,"_step":0,"MSE":0.027687261043766783,"MAE":3.661172028048555e+65,"L2RE":1.5366769659021005,"max_APE":5.48112585774483e+68}