{"_step":0,"MSE":0.010534431644470599,"MAE":3.827034520374988e+65,"L2RE":0.9478686039705023,"max_APE":8.138334067089996e+68,"_timestamp":1.7239972406273794e+09,"_runtime":37.106657419,"_wandb":{"runtime":37}}