{"_runtime":39.789270299,"_step":0,"MSE":0.048781966216754576,"MAE":2.930377721721396e+65,"L2RE":2.039727890407325,"_wandb":{"runtime":40},"max_APE":3.7391171184225726e+68,"_timestamp":1.724233334498169e+09}