{"_runtime":5.626633047,"MSE":0.04183275700077686,"iterations":175,"MAE":3.323937066326494e+65,"activation_function":"APTx","_timestamp":1.724238731179992e+09,"_step":0,"L2RE":1.8888646012216195,"initialization_method":"He normal","_wandb":{"runtime":6},"max_APE":4.838784597383686e+68}