{"MAE":3.97683939182781e+65,"L2RE":1.5748184769310096,"max_APE":6.143470759501049e+68,"_timestamp":1.7239987157880802e+09,"_runtime":30.522791338,"_step":0,"MSE":0.02907875683142255,"_wandb":{"runtime":30}}