{"iterations":25,"_runtime":1.300983918,"MAE":2.288606660963791e+65,"_timestamp":1.724345036370754e+09,"initialization_method":"He normal","MSE":0.03601653556785414,"max_APE":3.8184107801525346e+68,"_step":0,"L2RE":1.7526433590160473,"activation_function":"GELU","_wandb":{"runtime":1}}