{"initialization_method":"Glorot normal","weighted_array":[0.25,0.25,0.25,0.25],"_step":1,"max_APE":3.8281546752129725e+69,"_runtime":3.468503585,"iterations":125,"_wandb":{"runtime":4},"_timestamp":1.724239293843526e+09,"L2RE":3.1215600743783565,"weighted_score":0.4967184858379994,"MAE":2.9982241196633376e+66,"activation_function":"Sigmoid","MSE":0.11425053099184893}