{"max_APE":7.793419365381578e+68,"iterations":1000,"L2RE":1.727057147101507,"activation_function":"SiLU","_step":0,"initialization_method":"He normal","_wandb":{"runtime":2},"MSE":0.034972626448801045,"_timestamp":1.7242350675155003e+09,"_runtime":1.764240254,"MAE":5.669995942665946e+65}