{"_wandb":{"runtime":505},"max_APE":7.628106817878933e+63,"_timestamp":1.7207873391073372e+09,"MSE":0.017640739520477202,"MAE":3.0033301873438224e+60,"L2RE":0.8905664059024726,"_runtime":504.642693,"_step":0}