{"MAE":4.274475912592483e+65,"_wandb":{"runtime":34},"L2RE":0.8386381182804508,"max_APE":8.275274617106667e+68,"_timestamp":1.7242364646980395e+09,"_runtime":33.703846929,"_step":0,"MSE":0.008246393017834665}