{"_wandb":{"runtime":42},"L2RE":1.3008976793558393,"max_APE":6.169993378168116e+68,"_timestamp":1.724086810354182e+09,"_runtime":41.63729146,"_step":0,"MSE":0.01984271571944233,"MAE":2.874697750984699e+65}