{"_runtime":32.323540796,"_wandb":{"runtime":32},"_step":0,"MSE":0.014807680726943637,"MAE":1.2956901085307278e+65,"L2RE":1.12379243616799,"max_APE":1.8073769586228923e+68,"_timestamp":1.7240262767416854e+09}