{"_step":0,"MSE":0.005703334985156818,"MAE":5.460457514207681e+65,"L2RE":0.6974402768245905,"max_APE":8.095193716508313e+68,"_timestamp":1.7242734999064422e+09,"_runtime":32.64812355,"_wandb":{"runtime":33}}