{"max_APE":5.647375368954981e+68,"weighted_score":0.12457299223247842,"_timestamp":1.7242391440974648e+09,"_runtime":5.081050335,"weighted_array":[0.25,0.25,0.25,0.25],"_step":1,"L2RE":1.9085053900455409,"MSE":0.04270725067587338,"MAE":4.1550143349747753e+65,"activation_function":"GELU","_wandb":{"runtime":5},"iterations":1000,"initialization_method":"He normal"}