{"L2RE":0.42628887703634255,"_wandb":{"runtime":1324},"max_APE":4.801064159212356e+67,"_timestamp":1.7239940649244487e+09,"_runtime":1324.139781797,"_step":0,"MSE":0.002130702592945047,"MAE":2.7619064461566986e+64}