{"MAE":1.1411361835777549e+65,"L2RE":0.9751627066973225,"_wandb":{"runtime":32},"max_APE":2.474922400425978e+68,"_timestamp":1.7239988735680163e+09,"_runtime":32.222402092,"_step":0,"MSE":0.011149849382598475}