{"_timestamp":1.7242347637524214e+09,"_runtime":31.782332169,"_step":0,"MSE":0.034972626448801045,"MAE":5.669995942665946e+65,"_wandb":{"runtime":33},"L2RE":1.727057147101507,"max_APE":7.793419365381578e+68}