{"_step":0,"MSE":0.0026190366969898876,"MAE":2.9635782267582426e+64,"L2RE":0.4726213926534318,"_wandb":{"runtime":33},"max_APE":5.571361955316037e+67,"_timestamp":1.724356951752041e+09,"_runtime":33.014994041}