{"_runtime":31.344420552,"_wandb":{"runtime":31},"_step":0,"MSE":0.0056764433462576985,"MAE":2.121865899336222e+65,"L2RE":0.6957940932699967,"max_APE":3.3210606711983926e+68,"_timestamp":1.723999327227203e+09}