{"_runtime":30.237699209,"_step":0,"MSE":0.03698442902204405,"MAE":2.4667938092876336e+65,"L2RE":1.7760371380325704,"max_APE":3.2562362648868856e+68,"_wandb":{"runtime":30},"_timestamp":1.7240009577423627e+09}