{"_wandb":{"runtime":3},"initialization_method":"He normal","_runtime":2.403936376,"weighted_score":0.5391233095464891,"_timestamp":1.7241903215682402e+09,"weighted_array":[0.25,0.25,0.25,0.25],"max_APE":1.7919961512977606e+68,"iterations":1000,"_step":1,"MAE":1.0460539814122244e+65,"activation_function":"Swish","L2RE":1.028469947700095,"MSE":0.012402180405371633}