{"_step":0,"MSE":0.03699648085237783,"_wandb":{"runtime":30},"MAE":2.4836926849383735e+65,"L2RE":1.7763264862173929,"max_APE":3.170053853388118e+68,"_timestamp":1.7240009191049352e+09,"_runtime":29.841312844}