{"max_APE":1.4073144002966624e+69,"initialization_method":"Glorot normal","L2RE":0.6330538557156712,"MSE":0.004698899420006574,"iterations":50,"_step":0,"_wandb":{"runtime":1},"_runtime":1.18921734,"MAE":8.45026374123726e+65,"activation_function":"SELU","_timestamp":1.7242334230769954e+09}