{"L2RE":2.8109184964425986,"activation_function":"APTx","_runtime":1.262564883,"MSE":0.09264272886112812,"_timestamp":1.7233036161126516e+09,"iterations":300,"max_APE":2.50060023637232e+69,"initialization_method":"He normal","MAE":1.2975599717449364e+66,"_step":0,"_wandb":{"runtime":1}}