{"L2RE":0.6680649835522775,"max_APE":3.805534909414524e+63,"_timestamp":1.7207900238301568e+09,"_runtime":340.298194,"_step":0,"_wandb":{"runtime":340},"MSE":0.009927081513991512,"MAE":1.4984833264331023e+60}