{"_timestamp":1.72406774889721e+09,"_runtime":39.336747763,"_step":0,"MSE":0.003849945816101875,"MAE":1.1245020091730585e+65,"L2RE":0.5730201478884963,"max_APE":2.2521766678646684e+68,"_wandb":{"runtime":39}}