{"_timestamp":1.7242763966158848e+09,"_runtime":3.45903596,"weighted_score":0.17949702159862505,"iterations":10,"activation_function":"ReLu","max_APE":6.964396883979389e+68,"MSE":0.04581109894857657,"_step":1,"L2RE":1.9766416345028768,"MAE":4.849014810141398e+65,"_wandb":{"runtime":4},"initialization_method":"He normal","weighted_array":[0.25,0.25,0.25,0.25]}