{"_step":0,"max_APE":3.6226116675355753e+68,"_timestamp":1.7239962346354911e+09,"MSE":0.03037255295202679,"initialization_method":"He normal","L2RE":1.6094712848753332,"iterations":400,"_wandb":{"runtime":2},"MAE":2.533562795076013e+65,"activation_function":"GELU","_runtime":1.652847593}