{"MSE":0.02171662058459501,"MAE":1.0821075703716465e+66,"L2RE":1.3609391439597627,"max_APE":2.1612860119667188e+69,"_timestamp":1.7233004184835634e+09,"_wandb":{"runtime":31},"_runtime":30.898036875,"_step":0}