{"L2RE":0.6330538557156712,"max_APE":1.4073144002966624e+69,"_timestamp":1.7242336269338682e+09,"_wandb":{"runtime":34},"_runtime":33.942459337,"_step":0,"MSE":0.004698899420006574,"MAE":8.45026374123726e+65}