{"_step":0,"MSE":0.013078621013525664,"MAE":6.614501177283825e+64,"_wandb":{"runtime":32},"L2RE":1.0561450340232206,"max_APE":1.0292625922095874e+68,"_timestamp":1.7240260348167796e+09,"_runtime":32.302426587}