{"_runtime":38.378244137,"_step":0,"_wandb":{"runtime":38},"MSE":0.014069218796379372,"MAE":1.3692646105786384e+65,"L2RE":1.0954122051191946,"max_APE":3.366093945148281e+68,"_timestamp":1.7240288136627812e+09}