{"_step":0,"MSE":0.004674142038496885,"MAE":1.5864233174674104e+65,"_wandb":{"runtime":947},"L2RE":0.6313839482557123,"max_APE":3.245785701030976e+68,"_timestamp":1.7240136453943832e+09,"_runtime":947.28392613}