{"MSE":0.11425053099184891,"_timestamp":1.7242344013526368e+09,"_wandb":{"runtime":2},"activation_function":"Sigmoid","_step":0,"max_APE":3.8281546752129725e+69,"_runtime":1.551428209,"L2RE":3.1215600743783565,"initialization_method":"Glorot normal","MAE":2.9982241196633372e+66,"iterations":500}