{"_wandb":{"runtime":6},"MAE":4.780666084904372e+66,"_runtime":4.966241168,"_step":1,"activation_function":"Softplus","iterations":250,"weighted_array":[0.25,0.25,0.25,0.25],"_timestamp":1.7242397134115438e+09,"weighted_score":0.9999999999343518,"MSE":0.4118363173112845,"L2RE":5.926590282741275,"initialization_method":"Glorot normal","max_APE":6.197633245284772e+69}