{"weighted_array":[0.25,0.25,0.25,0.25],"iterations":7,"L2RE":1.4440228122359775,"weighted_score":0.11533434948435324,"_step":1,"MSE":0.02444910359824417,"_wandb":{"runtime":3},"activation_function":"SiLU","MAE":3.9320035438791094e+65,"_runtime":3.343919091,"_timestamp":1.7242764984315174e+09,"max_APE":5.293780334143051e+68,"initialization_method":"He normal"}