{"MAE":5.460457514207681e+65,"L2RE":0.6974402768245905,"max_APE":8.095193716508313e+68,"_wandb":{"runtime":36},"_timestamp":1.7243453627977977e+09,"_runtime":35.63132843,"_step":0,"MSE":0.005703334985156818}