{"_wandb":{"runtime":602},"MSE":0.005380314739916928,"MAE":1.1041536183649104e+66,"L2RE":0.6774019222908066,"max_APE":1.986800301365086e+69,"_timestamp":1.723443472288403e+09,"_runtime":601.385444087,"_step":0}