{"_step":0,"MSE":0.014319788069554034,"MAE":2.400845017237482e+66,"_wandb":{"runtime":34},"L2RE":1.105123665180706,"max_APE":3.4358783190793036e+69,"_timestamp":1.7233620135403926e+09,"_runtime":33.768332052}