{"activation_function":"Mish","MSE":0.02800449083686678,"_wandb":{"runtime":3},"MAE":4.364009488496405e+65,"_runtime":2.561440138,"weighted_array":[0.25,0.25,0.25,0.25],"max_APE":6.023976963880395e+68,"iterations":250,"initialization_method":"He normal","_timestamp":1.7242396475398824e+09,"_step":1,"weighted_score":0.10165950765117392,"L2RE":1.5454552144942943}