{"L2RE":1.8888646012216195,"max_APE":4.838784597383686e+68,"_step":0,"iterations":100,"MAE":3.323937066326494e+65,"_timestamp":1.7242380744214284e+09,"_runtime":1.137083382,"MSE":0.04183275700077686,"initialization_method":"Glorot normal","_wandb":{"runtime":1},"activation_function":"APTx"}