{"max_APE":4.2011409051305707e+68,"_timestamp":1.7240284929976242e+09,"_runtime":37.881650253,"_step":0,"MSE":0.017149579989880554,"MAE":1.7110820783487356e+65,"_wandb":{"runtime":38},"L2RE":1.2093982277454762}