{"iterations":750,"MAE":3.191990462673953e+64,"_wandb":{"runtime":3},"_timestamp":1.7241779725273657e+09,"max_APE":7.254268695653187e+67,"weighted_score":0.033675323866084135,"activation_function":"ELU","_step":1,"weighted_array":[0.25,0.25,0.25,0.25],"MSE":0.0021721485791105803,"_runtime":2.650694625,"initialization_method":"He normal","L2RE":0.4304149503275988}