{"initialization_method":"He normal","MSE":0.02444910359824417,"activation_function":"Swish","MAE":3.9320035438791094e+65,"_timestamp":1.7242748288210504e+09,"iterations":25,"_runtime":1.398444471,"_wandb":{"runtime":2},"L2RE":1.4440228122359777,"_step":0,"max_APE":5.293780334143051e+68}