{"iterations":300,"max_APE":8.275274617106667e+68,"initialization_method":"Glorot normal","_timestamp":1.7242365918809202e+09,"activation_function":"tanh","MAE":4.274475912592483e+65,"_runtime":1.376875043,"L2RE":0.8386381182804508,"MSE":0.008246393017834665,"_wandb":{"runtime":1},"_step":0}