{"L2RE":1.0127282716842518,"_wandb":{"runtime":1},"activation_function":"Sigmoid","MAE":1.2409857858274064e+66,"_timestamp":1.723997774156152e+09,"max_APE":1.579863872291691e+69,"MSE":0.012025432381416831,"initialization_method":"Glorot normal","_step":0,"_runtime":1.346535125,"iterations":500}