{"MAE":7.466095341187378e+64,"_step":1,"initialization_method":"He normal","_wandb":{"runtime":3},"iterations":1000,"max_APE":1.278133971818446e+68,"MSE":0.004097776831021166,"_timestamp":1.7240690146759908e+09,"_runtime":3.410790334,"L2RE":0.5911759188432121,"weighted_array":[0.25,0.25,0.25,0.25],"activation_function":"Swish","weighted_score":0.022488310905664537}