{"_timestamp":1.724178030338465e+09,"iterations":750,"initialization_method":"He normal","MAE":1.1692380188800063e+65,"max_APE":1.962376539860051e+68,"L2RE":1.0082940381892684,"_runtime":2.375180596,"weighted_score":0.552804200296952,"MSE":0.011920356147572666,"_step":1,"_wandb":{"runtime":3},"weighted_array":[0.25,0.25,0.25,0.25],"activation_function":"Swish"}