{"MAE":1.063312161287676e+65,"L2RE":1.0997126574761138,"max_APE":1.5241649495853621e+68,"_timestamp":1.7240261973907533e+09,"_runtime":32.259054718,"_step":0,"MSE":0.01417990365173674,"_wandb":{"runtime":32}}