{"_wandb":{"runtime":32},"_runtime":32.287707838,"_step":0,"MSE":0.0026190366969898876,"MAE":2.9635782267582426e+64,"L2RE":0.4726213926534318,"max_APE":5.571361955316037e+67,"_timestamp":1.7243569927663395e+09}