{"MAE":9.135507260037398e+65,"L2RE":0.7769719892769227,"max_APE":1.7823611883000874e+69,"_timestamp":1.7235651485487347e+09,"_wandb":{"runtime":509},"_runtime":508.862449336,"_step":0,"MSE":0.007078244449241425}