{"iterations":5,"MAE":2.2492268105160765e+66,"_wandb":{"runtime":2},"_step":0,"L2RE":2.1939863343532657,"activation_function":"Sigmoid","max_APE":2.8707222376775574e+69,"MSE":0.05643943647237961,"initialization_method":"Glorot normal","_runtime":1.601949587,"_timestamp":1.724345702228709e+09}