{"_wandb":{"runtime":1},"initialization_method":"Glorot normal","max_APE":1.4073144002966624e+69,"L2RE":0.6330538557156712,"_step":0,"_runtime":1.207062052,"MAE":8.45026374123726e+65,"iterations":200,"_timestamp":1.7242336707590477e+09,"MSE":0.004698899420006574,"activation_function":"SELU"}