{"MAE":1.5871114741853595e+64,"MSE":0.01147006038351851,"_step":0,"_timestamp":1.7243575977927926e+09,"iterations":3,"_runtime":1.225441299,"L2RE":0.9890663712015482,"_wandb":{"runtime":1},"max_APE":2.8329032302244797e+67,"initialization_method":"He normal","activation_function":"SiLU"}