{"max_APE":3.2562362648868856e+68,"_timestamp":1.7240014534046876e+09,"_runtime":33.986888008,"_step":0,"_wandb":{"runtime":34},"MSE":0.03698442902204405,"MAE":2.4667938092876336e+65,"L2RE":1.7760371380325704}