{"_step":0,"MSE":0.010440896286485538,"MAE":2.1447824673886024e+66,"L2RE":0.9436511524556839,"max_APE":3.186523269588154e+69,"_timestamp":1.7234436694196324e+09,"_wandb":{"runtime":35},"_runtime":33.845453595}