{"_wandb":{"runtime":31},"max_APE":3.0644256790733366e+68,"_timestamp":1.724275978542066e+09,"_runtime":31.254399795,"_step":0,"MSE":0.037413443533896626,"MAE":1.4218833827512665e+65,"L2RE":1.7863083363702963}