{"_wandb":{"runtime":35},"MAE":9.494350235477157e+64,"L2RE":1.0752435930987398,"max_APE":1.998948090477688e+68,"_timestamp":1.7240264757059999e+09,"_runtime":34.944555555,"_step":0,"MSE":0.013555906335847892}