{"MAE":1.0998105141367507e+66,"L2RE":1.4467853475953558,"max_APE":2.1683137907714495e+69,"_timestamp":1.724025653101275e+09,"_runtime":34.207534299,"_step":0,"_wandb":{"runtime":35},"MSE":0.02454273940355083}