{"_step":0,"MSE":0.07832895383120769,"MAE":1.1073149898649808e+66,"_wandb":{"runtime":32},"L2RE":2.584661934405047,"max_APE":2.1098731964966176e+69,"_timestamp":1.723303163221722e+09,"_runtime":31.971327132}