{"_step":0,"MSE":0.005703334985156818,"_wandb":{"runtime":34},"MAE":5.460457514207681e+65,"L2RE":0.6974402768245905,"max_APE":8.095193716508313e+68,"_timestamp":1.724273413945472e+09,"_runtime":34.009339636}