{"L2RE":0.8896106131383401,"_wandb":{"runtime":36},"max_APE":6.414201845248965e+68,"_timestamp":1.7240687713873932e+09,"_runtime":35.739996041,"_step":0,"MSE":0.00927928990834215,"MAE":2.751588025323648e+65}