{"_timestamp":1.7240283233534248e+09,"_runtime":31.944409883,"_step":0,"MSE":0.022919274796827073,"_wandb":{"runtime":32},"MAE":3.5974746527941477e+65,"L2RE":1.3981154006328653,"max_APE":8.281645820951883e+68}