{"_timestamp":1.7240009617606623e+09,"_wandb":{"runtime":1},"initialization_method":"Glorot normal","max_APE":3.2562362648868856e+68,"_runtime":1.230725586,"MSE":0.03698442902204405,"_step":0,"MAE":2.4667938092876336e+65,"iterations":200,"L2RE":1.7760371380325704,"activation_function":"APTx"}