{"_runtime":37.696470388,"_step":0,"MSE":0.0024441153841030226,"MAE":9.193078454494602e+64,"L2RE":0.4565658624643288,"max_APE":1.387272866541234e+68,"_wandb":{"runtime":38},"_timestamp":1.7243447328056095e+09}