{"_step":0,"_wandb":{"runtime":33},"MSE":0.043568808507287914,"MAE":4.529765940433152e+65,"L2RE":1.9276599546342057,"max_APE":8.840720144624161e+68,"_timestamp":1.7239966452344778e+09,"_runtime":32.906210255}