{"MSE":0.006785565120974109,"MAE":5.838086488350192e+65,"L2RE":0.7607388489959248,"max_APE":1.0878328610557132e+69,"_timestamp":1.7232374068874009e+09,"_wandb":{"runtime":32},"_runtime":31.559140586,"_step":0}