{"max_APE":2.3694278661620623e+69,"_timestamp":1.724000489374502e+09,"_runtime":33.202024257,"_step":0,"MSE":0.0740306416142599,"MAE":1.7398752003160166e+66,"_wandb":{"runtime":33},"L2RE":2.5127445542578632}