{"max_APE":2.8707222376775574e+69,"_timestamp":1.724273828817976e+09,"_wandb":{"runtime":32},"_runtime":31.813044716,"_step":0,"MSE":0.05643943647237961,"MAE":2.2492268105160765e+66,"L2RE":2.1939863343532657}