{"max_APE":9.405552409589292e+36,"_timestamp":1.7202840146105e+09,"MSE":0.1582415367851703,"MAE":1.5541181323973853e+35,"L2RE":0.9982639349590757,"_runtime":3121.495018,"_step":0,"_wandb":{"runtime":3121}}