{"max_APE":2.6032138327808938e+69,"_timestamp":1.7233622522440443e+09,"_wandb":{"runtime":31},"_runtime":31.184818802,"_step":0,"MSE":0.008769181705577367,"MAE":1.5185022100822613e+66,"L2RE":0.8648128186966396}