{"_wandb":{"runtime":3},"weighted_score":0.19216740269889265,"MAE":3.9696941875621583e+65,"weighted_array":[0.25,0.25,0.25,0.25],"activation_function":"SELU","iterations":350,"MSE":0.011070536645777198,"_runtime":3.341652003,"L2RE":0.9716881819123884,"initialization_method":"Glorot normal","max_APE":8.589096569674091e+68,"_step":1,"_timestamp":1.7240018621939578e+09}