{"_step":0,"MSE":0.0031084670868744453,"MAE":1.3026546106287898e+65,"_wandb":{"runtime":41},"L2RE":0.5148914976325744,"max_APE":2.786837872430078e+68,"_timestamp":1.7240667730386891e+09,"_runtime":40.96501338}