{"_runtime":29.760555555,"_step":0,"MSE":0.0046382334634495525,"MAE":2.248357370874021e+65,"L2RE":0.6289540039218819,"_wandb":{"runtime":29},"max_APE":3.1668597782185617e+68,"_timestamp":1.7239996334720504e+09}