{"_wandb":{"runtime":31},"_timestamp":1.724357191364009e+09,"_runtime":30.948829583,"_step":0,"MSE":0.03850787259720428,"MAE":3.256774038161601e+65,"L2RE":1.812246822242899,"max_APE":7.934607384628394e+68}