{"_runtime":1.215588055,"_timestamp":1.724272580319211e+09,"max_APE":1.387272866541234e+68,"MAE":9.193078454494602e+64,"_wandb":{"runtime":1},"iterations":7,"activation_function":"ELU","MSE":0.0024441153841030226,"L2RE":0.4565658624643288,"_step":0,"initialization_method":"He normal"}