{"iterations":25,"activation_function":"tanh","_timestamp":1.7243471133798316e+09,"initialization_method":"Glorot normal","_wandb":{"runtime":2},"MSE":0.003276420860117474,"_runtime":1.8191766710000001,"L2RE":0.528618581417117,"max_APE":6.782811134723052e+68,"MAE":3.852947916391969e+65,"_step":0}