{"_wandb":{"runtime":1},"L2RE":0.4304149503275988,"iterations":750,"MAE":3.191990462673953e+64,"_runtime":1.273966046,"_step":0,"MSE":0.0021721485791105803,"_timestamp":1.7241733144110117e+09,"activation_function":"ELU","max_APE":7.254268695653187e+67,"initialization_method":"He normal"}