{"MSE":0.01939450694025508,"initialization_method":"Glorot normal","iterations":500,"_wandb":{"runtime":1},"_timestamp":1.7240299656852112e+09,"MAE":2.0577287883947356e+65,"_runtime":1.226797171,"_step":0,"max_APE":4.461655627568223e+68,"L2RE":1.2861213725695455,"activation_function":"APTx"}