{"_wandb":{"runtime":41},"L2RE":0.5730449714159938,"max_APE":3.046603390372579e+68,"_timestamp":1.7240684064302325e+09,"_runtime":41.264016053,"_step":0,"MSE":0.003850279386592325,"MAE":1.8211414614284023e+65}