{"activation_function":"SiLU","max_APE":1.962376539860051e+68,"_timestamp":1.7241780129024549e+09,"_wandb":{"runtime":2},"MSE":0.011920356147572666,"_step":1,"_runtime":2.299144588,"initialization_method":"He normal","weighted_array":[0.25,0.25,0.25,0.25],"weighted_score":0.552804200296952,"MAE":1.1692380188800063e+65,"L2RE":1.0082940381892684,"iterations":750}