{"_step":0,"MSE":0.030206744727539453,"max_APE":6.475292600025261e+68,"MAE":3.975556900369976e+65,"_wandb":{"runtime":1},"activation_function":"sin","_timestamp":1.723998759301816e+09,"iterations":500,"L2RE":1.60507210272663,"_runtime":1.285315053,"initialization_method":"Glorot normal"}