{"_step":0,"MSE":0.007253785992952843,"_wandb":{"runtime":33},"MAE":9.236753257466078e+65,"L2RE":0.7865474963769545,"max_APE":1.8150389091222062e+69,"_timestamp":1.72336205393478e+09,"_runtime":32.727212668}