{"L2RE":0.6974402768245905,"iterations":5,"weighted_array":[0.25,0.25,0.25,0.25],"_step":1,"weighted_score":0.07957069455399915,"MAE":5.460457514207681e+65,"_wandb":{"runtime":3},"MSE":0.005703334985156818,"_timestamp":1.7243513802501588e+09,"initialization_method":"Glorot normal","_runtime":3.063844138,"max_APE":8.095193716508313e+68,"activation_function":"SELU"}