{"MAE":1.1115466967823156e+38,"L2RE":0.18683497174860658,"max_APE":5.65919578075409e+39,"_runtime":4743.289913,"_step":0,"_wandb":{"runtime":4932},"_timestamp":1.7205210381337972e+09,"MSE":0.005543015215884104}