{"MSE":0.02444910359824417,"MAE":3.9320035438791094e+65,"L2RE":1.4440228122359777,"max_APE":5.293780334143051e+68,"_timestamp":1.7243459491176577e+09,"_wandb":{"runtime":34},"_runtime":33.736534548,"_step":0}