{"_step":0,"MSE":0.03794207546526007,"_wandb":{"runtime":39},"MAE":1.1335047324080683e+66,"L2RE":1.798883861155746,"max_APE":2.2826086732086507e+69,"_timestamp":1.7233025655185702e+09,"_runtime":37.795249508}