{"max_APE":4.2531452888096007e+68,"_timestamp":1.7240007268747826e+09,"_runtime":29.941417089,"_step":0,"MSE":0.04315224998964526,"_wandb":{"runtime":30},"MAE":3.049381990466621e+65,"L2RE":1.9184227072939741}