{"L2RE":1.7863083363702963,"_timestamp":1.72435027729076e+09,"iterations":25,"max_APE":3.0644256790733366e+68,"initialization_method":"He normal","_runtime":2.268407091,"MAE":1.4218833827512665e+65,"activation_function":"APTx","_step":0,"_wandb":{"runtime":3},"MSE":0.037413443533896626}