{"max_APE":1.780326660028885e+69,"_timestamp":1.7233023880187068e+09,"_runtime":34.189405134,"_step":0,"MSE":0.030012944115293733,"_wandb":{"runtime":34},"MAE":8.697155417189385e+65,"L2RE":1.5999149019510683}