{"iterations":500,"_wandb":{"runtime":4},"activation_function":"APTx","L2RE":1.8888646012216197,"MAE":3.3239370663264945e+65,"_timestamp":1.7242398532849393e+09,"weighted_array":[0.25,0.25,0.25,0.25],"_runtime":3.393136011,"_step":1,"MSE":0.04183275700077686,"weighted_score":0.11535394529871053,"max_APE":4.838784597383686e+68,"initialization_method":"He normal"}