{"_timestamp":1.7240270534603057e+09,"_runtime":33.326363003,"_step":0,"MSE":0.029371924422393735,"MAE":5.313604323581224e+65,"_wandb":{"runtime":33},"L2RE":1.5827371082138588,"max_APE":1.2889920819060654e+69}