{"activation_function":"SELU","L2RE":1.1815210024876863,"_runtime":1.300358627,"max_APE":1.1075410233832156e+69,"MAE":4.881606632438192e+65,"_timestamp":1.7239969390826075e+09,"_wandb":{"runtime":1},"MSE":0.016368079450816864,"_step":0,"iterations":125,"initialization_method":"Glorot normal"}