{"_runtime":1.212534716,"max_APE":1.6044365595850858e+69,"MSE":0.012594818805329203,"initialization_method":"Glorot normal","L2RE":1.0364265881659818,"_wandb":{"runtime":1},"_step":0,"MAE":1.2617994149449704e+66,"activation_function":"Sigmoid","iterations":3,"_timestamp":1.7243574788856738e+09}