{"_runtime":37.514854334,"_step":0,"MSE":0.0065602225126120345,"MAE":5.421883265850745e+65,"L2RE":0.748000466747533,"_wandb":{"runtime":37},"max_APE":7.650811907806017e+68,"_timestamp":1.7241649017330065e+09}