{"_wandb":{"runtime":1},"_step":0,"initialization_method":"Glorot normal","activation_function":"sin","L2RE":1.004378167441385,"MAE":2.57056457393607e+65,"_timestamp":1.7243577497042677e+09,"iterations":3,"_runtime":1.213102508,"max_APE":3.903884489276563e+68,"MSE":0.011827946730609159}