{"_timestamp":1.724357707823597e+09,"_runtime":30.739087836,"_step":0,"_wandb":{"runtime":31},"MSE":0.011827946730609159,"MAE":2.57056457393607e+65,"L2RE":1.004378167441385,"max_APE":3.903884489276563e+68}