{"max_APE":4.429767748933618e+68,"activation_function":"ELU","initialization_method":"He normal","_runtime":1.148684925,"MAE":2.504721075873215e+65,"_timestamp":1.724010590408916e+09,"iterations":75,"_wandb":{"runtime":1},"MSE":0.004491505880359346,"_step":0,"L2RE":0.6189257762876159}