{"initialization_method":"Glorot normal","_runtime":3.292513009,"_wandb":{"runtime":3},"activation_function":"sin","_timestamp":1.7242394297941196e+09,"max_APE":1.1375704139252121e+69,"iterations":150,"L2RE":1.1561879894496223,"MSE":0.015673707568259598,"_step":1,"weighted_score":0.10413200571358819,"weighted_array":[0.25,0.25,0.25,0.25],"MAE":5.432439844354207e+65}