{"MAE":4.155014334974775e+65,"_wandb":{"runtime":31},"L2RE":1.9085053900455407,"max_APE":5.647375368954981e+68,"_timestamp":1.7242325214037666e+09,"_runtime":31.534402798,"_step":0,"MSE":0.04270725067587338}