{"MAE":2.5916155076123444e+65,"L2RE":1.7531897435024808,"max_APE":3.6822758664556887e+68,"_timestamp":1.724001603611934e+09,"_runtime":29.987350592,"_step":0,"_wandb":{"runtime":30},"MSE":0.03603899529261361}