{"_wandb":{"runtime":2422},"_runtime":2421.499489667,"_step":0,"MSE":0.0021721485791105803,"MAE":3.191990462673953e+64,"L2RE":0.4304149503275988,"max_APE":7.254268695653187e+67,"_timestamp":1.724186299949524e+09}