{"_runtime":1.216655886,"max_APE":5.611989056120444e+68,"_timestamp":1.724068645367866e+09,"L2RE":0.8045274706293954,"MSE":0.007589210307425356,"_wandb":{"runtime":1},"initialization_method":"Glorot normal","iterations":750,"MAE":2.430142680793174e+65,"_step":0,"activation_function":"APTx"}