{"_wandb":{"runtime":33},"MSE":0.030286557848519326,"MAE":5.152103253061896e+65,"L2RE":1.607191187478625,"max_APE":1.2612758877809008e+69,"_timestamp":1.7240270936034636e+09,"_runtime":33.219885758,"_step":0}