{"MSE": 0.0034557276391346606, "MAE": 3.298781875715071e+43, "L2RE": 0.12460787183950704, "max_APE": 7.620178517858484e+45, "_timestamp": 1719404169.7398813, "_runtime": 3940.5337603092194, "_step": 0, "_wandb": {"runtime": 3938}}