{"_runtime":4.092618379,"iterations":2,"weighted_score":0.26434118002960233,"MAE":1.1620415947659635e+65,"_step":1,"activation_function":"APTx","_wandb":{"runtime":4},"weighted_array":[0.25,0.25,0.25,0.25],"MSE":0.03065324857643442,"_timestamp":1.7243587010757165e+09,"L2RE":1.6168913485311258,"max_APE":1.7206753065511447e+68,"initialization_method":"He normal"}