{"max_APE":6.035343408584595e+39,"_timestamp":1.7205509849545455e+09,"MSE":0.007232317203039802,"MAE":1.0210713007116706e+38,"L2RE":0.2134144728878771,"_runtime":5985.658219,"_step":0,"_wandb":{"runtime":5986}}