{"L2RE":0.9759643319398239,"_wandb":{"runtime":37},"max_APE":2.3155802801279175e+68,"_timestamp":1.7239989999747589e+09,"_runtime":37.200978137,"_step":0,"MSE":0.01116818821849168,"MAE":1.1385471081145975e+65}