{"iterations":125,"MSE":0.015673707568259598,"_wandb":{"runtime":2},"_step":0,"L2RE":1.1561879894496223,"_timestamp":1.7242352686546988e+09,"_runtime":1.189399375,"activation_function":"sin","initialization_method":"Glorot normal","MAE":5.432439844354207e+65,"max_APE":1.137570413925212e+69}