{"MSE":0.03208165342235798,"_wandb":{"runtime":35},"MAE":2.8292667751450516e+65,"L2RE":1.6541350157830823,"max_APE":6.475571200384914e+68,"_timestamp":1.724086509885671e+09,"_runtime":35.45787296,"_step":0}