{"_wandb":{"runtime":1},"max_APE":1.0878328610557132e+69,"_timestamp":1.7232373722935967e+09,"_runtime":1.3300939999999999,"_step":0,"L2RE":0.7607388489959248,"MAE":5.838086488350192e+65,"MSE":0.006785565120974109}