{"L2RE":1.7992292877533687,"max_APE":2.093540707967263e+69,"_timestamp":1.7240254834714549e+09,"_runtime":35.040441346,"_step":0,"MSE":0.03795664834643612,"MAE":1.2074062247807017e+66,"_wandb":{"runtime":35}}