{"max_APE":1.7600918684570642e+69,"_timestamp":1.724024993464663e+09,"_runtime":32.930697508,"_step":0,"MSE":0.05664818291141411,"MAE":8.516198207425765e+65,"_wandb":{"runtime":33},"L2RE":2.198039919646826}