{"_runtime":3599.647902,"_step":0,"_wandb":{"runtime":3600},"_timestamp":1.7203440248109355e+09,"MSE":0.03972359392067702,"MAE":6.579438562489572e+37,"L2RE":0.5001605133915802,"max_APE":2.3278051614761355e+39}