{"_runtime":30.109078722,"_step":0,"MSE":0.037946398227894446,"MAE":2.662000745933248e+65,"_wandb":{"runtime":30},"L2RE":1.7989863321773043,"max_APE":3.711417057359597e+68,"_timestamp":1.7240008040693214e+09}