{"_wandb":{"runtime":33},"MSE":0.07551307931862265,"MAE":1.2569958142111389e+66,"L2RE":2.5377782680035743,"max_APE":2.5115392659682935e+69,"_timestamp":1.7232999253422093e+09,"_runtime":33.312035508,"_step":0}