{"_wandb":{"runtime":1},"max_APE":2.474922400425978e+68,"initialization_method":"He normal","L2RE":0.9751627066973225,"MSE":0.011149849382598475,"_step":0,"MAE":1.1411361835777549e+65,"activation_function":"SiLU","_timestamp":1.723997893071919e+09,"iterations":100,"_runtime":1.244183722}