{"initialization_method":"He normal","_timestamp":1.7242305024669282e+09,"activation_function":"ELU","L2RE":0.4613493946960407,"iterations":25,"MSE":0.002495598654340934,"MAE":1.1052501318670818e+65,"_step":0,"max_APE":1.410126230349896e+68,"_runtime":1.50237646,"_wandb":{"runtime":2}}