{"_wandb":{"runtime":30},"_runtime":30.181479595,"_step":0,"MSE":0.1428707409115393,"MAE":1.8305769972579067e+66,"L2RE":3.490713713987983,"max_APE":2.7481486540421837e+69,"_timestamp":1.7233001120475304e+09}