{"_timestamp":1.7233006517883587e+09,"_runtime":32.422554428,"_wandb":{"runtime":32},"_step":0,"MSE":0.01638873494554746,"MAE":1.4752530503894327e+66,"L2RE":1.1822662703244866,"max_APE":1.911048660217357e+69}