{"_wandb":{"runtime":36},"MSE":0.007137533058658403,"MAE":9.03374666537254e+65,"L2RE":0.7802192300068496,"max_APE":1.773106640197396e+69,"_timestamp":1.7235683313772135e+09,"_runtime":36.513788337,"_step":0}