{"_step":0,"MSE":0.025198891450414547,"MAE":5.550879230470676e+65,"L2RE":1.4659977427605375,"_wandb":{"runtime":35},"max_APE":1.1431123241451234e+69,"_timestamp":1.724026972828993e+09,"_runtime":34.534529424}