{"MSE":0.01662405430057989,"MAE":1.4603644283713895e+65,"L2RE":1.1907238653109273,"max_APE":3.0741871984874266e+68,"_timestamp":1.724024953305991e+09,"_runtime":37.319899503,"_step":0,"_wandb":{"runtime":37}}