{"_wandb":{"runtime":33},"MSE":0.017353506663735047,"MAE":1.5835353443930094e+65,"L2RE":1.2165674912590942,"max_APE":2.302120866280737e+68,"_timestamp":1.724000205252773e+09,"_runtime":33.486655833,"_step":0}