{"initialization_method":"He normal","MAE":1.5835353443930094e+65,"_timestamp":1.7241901031101575e+09,"L2RE":1.2165674912590942,"MSE":0.017353506663735047,"_wandb":{"runtime":1},"activation_function":"Mish","iterations":500,"max_APE":2.302120866280737e+68,"_runtime":1.3069915939999999,"_step":0}