{"_step":0,"_wandb":{"runtime":30},"MSE":0.004385668873950945,"MAE":2.313061498803104e+65,"L2RE":0.6115901792663081,"max_APE":3.1681311041906547e+68,"_timestamp":1.7241896222931383e+09,"_runtime":30.656180177}