{"max_APE":5.491167902946473e+39,"_timestamp":1.720455122500379e+09,"_runtime":2996.744866,"_step":0,"_wandb":{"runtime":2997},"MSE":0.005405380647287972,"MAE":1.015740825688235e+38,"L2RE":0.1845008097339547}