{"_step":0,"MAE":4.630936975108508e+65,"_wandb":{"runtime":1},"L2RE":1.2158342603954233,"activation_function":"sin","initialization_method":"Glorot normal","_runtime":1.304150469,"max_APE":9.054034475472478e+68,"MSE":0.017332594889706704,"_timestamp":1.7242744953371532e+09,"iterations":20}