{"_runtime":33.805197055,"_step":0,"MSE":0.040696427127046256,"MAE":8.527831065062604e+65,"L2RE":1.8630337613740506,"max_APE":1.761002098537217e+69,"_wandb":{"runtime":34},"_timestamp":1.7240252752195792e+09}