{"_timestamp":1.7205168899722419e+09,"_runtime":4020.082722,"_step":0,"_wandb":{"runtime":4020},"MSE":0.005543015215884104,"MAE":1.1115466967823156e+38,"L2RE":0.18683497174860658,"max_APE":5.65919578075409e+39}