{"MAE":1.5871114741853598e+64,"_timestamp":1.7243586297854755e+09,"_runtime":3.337734805,"weighted_score":0.09467104003004584,"_wandb":{"runtime":3},"iterations":2,"activation_function":"Swish","weighted_array":[0.25,0.25,0.25,0.25],"L2RE":0.9890663712015482,"_step":1,"initialization_method":"He normal","max_APE":2.8329032302244797e+67,"MSE":0.01147006038351851}