{"_step":0,"MSE":0.0043865759821878555,"_wandb":{"runtime":30},"MAE":2.2741570572638557e+65,"L2RE":0.6116534250129986,"max_APE":3.5457362704846013e+68,"_timestamp":1.7241896595794759e+09,"_runtime":30.452319875}