{"max_APE":1.226768555691772e+68,"activation_function":"ELU","_wandb":{"runtime":3},"weighted_score":0.10377584392848699,"MAE":5.785743930976418e+64,"iterations":250,"_runtime":2.428701926,"weighted_array":[0.25,0.25,0.25,0.25],"initialization_method":"He normal","MSE":0.002221295770186864,"_step":1,"_timestamp":1.7241779623698375e+09,"L2RE":0.43525701422501295}