{"MAE":9.439886698483586e+65,"L2RE":0.7458681908220424,"max_APE":1.2007779891470699e+69,"_timestamp":1.7239974465157018e+09,"_wandb":{"runtime":35},"_runtime":35.064816417,"_step":0,"MSE":0.006522874228696833}