{"activation_function":"SiLU","weighted_array":[0.25,0.25,0.25,0.25],"MSE":0.01147006038351851,"_timestamp":1.7244048715822117e+09,"_step":1,"L2RE":0.9890663712015482,"weighted_score":0.09467104003004584,"initialization_method":"He normal","max_APE":2.8329032302244797e+67,"iterations":3,"_wandb":{"runtime":2},"MAE":1.5871114741853598e+64,"_runtime":2.411945171}