{"_wandb":{"runtime":2},"MSE":0.04270725067587338,"max_APE":5.647375368954981e+68,"_runtime":1.3334118830000001,"_step":0,"_timestamp":1.7242324047422006e+09,"activation_function":"GELU","iterations":125,"L2RE":1.9085053900455407,"initialization_method":"He normal","MAE":4.155014334974775e+65}