{"weighted_score":0.10413200571358819,"_step":1,"L2RE":1.1561879894496223,"max_APE":1.1375704139252121e+69,"weighted_array":[0.25,0.25,0.25,0.25],"_runtime":3.46756418,"MAE":5.432439844354207e+65,"initialization_method":"Glorot normal","_timestamp":1.7242394389224524e+09,"activation_function":"sin","iterations":200,"MSE":0.015673707568259598,"_wandb":{"runtime":3}}