{"max_APE":2.381687705492306e+68,"_timestamp":1.724000080350386e+09,"_wandb":{"runtime":33},"_runtime":33.226274595,"_step":0,"MSE":0.017439629421040943,"MAE":1.5279767876831077e+65,"L2RE":1.2195825727623566}