{"_runtime":3.362031672,"L2RE":1.2158342603954233,"MSE":0.017332594889706704,"_step":1,"activation_function":"sin","_timestamp":1.724276523466249e+09,"weighted_score":0.11923442903897193,"initialization_method":"Glorot normal","iterations":3,"_wandb":{"runtime":3},"MAE":4.630936975108509e+65,"max_APE":9.054034475472478e+68,"weighted_array":[0.25,0.25,0.25,0.25]}