{"MAE":3.323937066326494e+65,"L2RE":1.8888646012216195,"_wandb":{"runtime":31},"max_APE":4.838784597383686e+68,"_timestamp":1.7242385290753326e+09,"_runtime":31.046291342,"_step":0,"MSE":0.04183275700077686}