{"_runtime":9.845777222,"MAE":1.2500822984162174e+65,"iterations":300,"initialization_method":"He normal","_wandb":{"runtime":10},"_timestamp":1.7240019743095243e+09,"_step":1,"L2RE":1.002762323399461,"activation_function":"SiLU","max_APE":2.210042261160664e+68,"weighted_score":0.11122553678834725,"MSE":0.011789919732252288,"weighted_array":[0.25,0.25,0.25,0.25]}