{"_wandb":{"runtime":1},"iterations":500,"_timestamp":1.7239962755073743e+09,"_step":0,"max_APE":3.566697727714691e+68,"activation_function":"GELU","MAE":2.494066726846117e+65,"_runtime":1.185712917,"initialization_method":"He normal","L2RE":1.6058258016262446,"MSE":0.03023511994577554}