{"L2RE":0.5559320793525934,"max_APE":1.8045989198784878e+68,"_timestamp":1.7241648556121528e+09,"_wandb":{"runtime":11233},"_runtime":11233.375766007,"_step":0,"MSE":0.0036237506214635462,"MAE":1.1526122810620675e+65}