{"MAE":4.2744759125924835e+65,"activation_function":"tanh","weighted_array":[0.25,0.25,0.25,0.25],"MSE":0.008246393017834665,"_runtime":2.547184507,"L2RE":0.8386381182804508,"_step":1,"iterations":50,"max_APE":8.275274617106667e+68,"initialization_method":"Glorot normal","_timestamp":1.7242395445248425e+09,"weighted_score":0.06607352429952101,"_wandb":{"runtime":3}}