{"_wandb":{"runtime":33},"_step":0,"MSE":0.11425053099184891,"MAE":2.9982241196633372e+66,"L2RE":3.1215600743783565,"max_APE":3.8281546752129725e+69,"_timestamp":1.7242342398775613e+09,"_runtime":33.005054427}