{"_step":0,"MSE":0.005600400154078982,"MAE":1.174451503171371e+66,"L2RE":0.6911178551548781,"_wandb":{"runtime":1195},"max_APE":2.449818508334913e+69,"_timestamp":1.7232966213102715e+09,"_runtime":1194.76319784}