{"iterations":3,"_step":0,"_wandb":{"runtime":1},"_runtime":1.247221002,"max_APE":5.571361955316037e+67,"L2RE":0.4726213926534318,"MAE":2.9635782267582426e+64,"activation_function":"ELU","MSE":0.0026190366969898876,"_timestamp":1.7244020137511697e+09,"initialization_method":"He normal"}