{"MSE":0.2755654344241879,"max_APE":5.106414610320549e+69,"iterations":7,"_runtime":2.030606043,"L2RE":4.8479145265507615,"_timestamp":1.7243494835771224e+09,"initialization_method":"Glorot normal","MAE":3.991036138653676e+66,"_step":0,"_wandb":{"runtime":2},"activation_function":"Softplus"}