{"activation_function":"APTx","_runtime":3.370920587,"_timestamp":1.7233042072081938e+09,"max_APE":2.5966817050296394e+69,"weighted_array":[0.25,0.25,0.25,0.25],"MSE":0.09440523583683696,"_step":1,"L2RE":2.837531062790022,"iterations":350,"weighted_score":0.2865848265121812,"_wandb":{"runtime":3},"initialization_method":"He normal","MAE":1.342191287799016e+66}