{"_step":0,"MSE":0.012534850442892676,"MAE":8.73627390723786e+64,"L2RE":1.0339562483486036,"max_APE":1.9152981630267688e+68,"_timestamp":1.7240265994392235e+09,"_wandb":{"runtime":34},"_runtime":33.867211751}