{"_runtime":30.315394345,"_wandb":{"runtime":30},"_step":0,"MSE":0.036722927212289286,"MAE":2.458755128860573e+65,"L2RE":1.7697471828496976,"max_APE":3.4161616835048534e+68,"_timestamp":1.7240014906323493e+09}