{"MAE":3.695404079108323e+65,"L2RE":1.557944059103138,"max_APE":5.524991179335392e+68,"_timestamp":1.7239984763574421e+09,"_runtime":30.643453464,"_wandb":{"runtime":30},"_step":0,"MSE":0.028458928950705925}