{"MSE":0.025884576926073207,"MAE":1.884587040467258e+65,"L2RE":1.4858094603926788,"_wandb":{"runtime":36},"max_APE":3.8164887088148273e+68,"_timestamp":1.7240246142329879e+09,"_runtime":36.495445721,"_step":0}