{"iterations":25,"L2RE":0.4565658624643288,"activation_function":"ELU","max_APE":1.387272866541234e+68,"_wandb":{"runtime":3},"_timestamp":1.7243503210928893e+09,"initialization_method":"He normal","_step":1,"_runtime":2.456813416,"MSE":0.0024441153841030226,"weighted_array":[0.25,0.25,0.25,0.25],"weighted_score":0,"MAE":9.193078454494602e+64}