{"MAE":1.0460539814122243e+65,"L2RE":1.028469947700095,"max_APE":1.7919961512977606e+68,"_timestamp":1.7241900160614288e+09,"_runtime":33.204322346,"_step":0,"_wandb":{"runtime":33},"MSE":0.012402180405371633}