{"MAE":3.690141262859595e+65,"L2RE":0.9308561350617682,"max_APE":7.444582567125824e+68,"_timestamp":1.7239972848032143e+09,"_runtime":36.779866968,"_step":0,"_wandb":{"runtime":37},"MSE":0.010159678460647522}