{"MAE":9.95246738580529e+65,"_wandb":{"runtime":2},"_timestamp":1.7234438131069694e+09,"iterations":75,"_step":0,"initialization_method":"He normal","activation_function":"Swish","MSE":0.008570965106243495,"max_APE":1.939111918537516e+69,"_runtime":1.55033555,"L2RE":0.8549829364408744}