{"_step":0,"MSE":0.03625165522765712,"MAE":2.583351440282581e+65,"L2RE":1.7583547713356078,"max_APE":5.476438796463018e+68,"_wandb":{"runtime":33},"_timestamp":1.7240295205876951e+09,"_runtime":32.643785298}