{"_runtime":33.236715713,"_step":0,"MSE":0.03601653556785414,"MAE":2.288606660963791e+65,"L2RE":1.7526433590160473,"max_APE":3.8184107801525346e+68,"_timestamp":1.7242730420776734e+09,"_wandb":{"runtime":33}}