{"activation_function":"tanh","MSE":0.008246393017834665,"_wandb":{"runtime":3},"weighted_score":0.06607352429952101,"max_APE":8.275274617106667e+68,"weighted_array":[0.25,0.25,0.25,0.25],"_runtime":3.34169055,"_step":1,"initialization_method":"Glorot normal","L2RE":0.8386381182804508,"_timestamp":1.7242395769275713e+09,"MAE":4.2744759125924835e+65,"iterations":250}