{"_runtime":29.753975133,"_step":0,"_wandb":{"runtime":29},"MSE":0.13378953171203753,"MAE":1.7553307228826907e+66,"L2RE":3.3779533729815885,"max_APE":2.580240623367398e+69,"_timestamp":1.7233000739251502e+09}