{"_runtime":37.241125929,"_step":0,"_wandb":{"runtime":37},"MSE":0.4118363173112845,"MAE":4.780666084904372e+66,"L2RE":5.926590282741275,"max_APE":6.197633245284772e+69,"_timestamp":1.7242375450934339e+09}