{"initialization_method":"He normal","MSE":0.02800449083686678,"activation_function":"Mish","_timestamp":1.7242396200087323e+09,"weighted_score":0.10165950765117392,"weighted_array":[0.25,0.25,0.25,0.25],"max_APE":6.023976963880395e+68,"MAE":4.364009488496405e+65,"L2RE":1.5454552144942943,"_step":1,"_wandb":{"runtime":5},"_runtime":2.429338333,"iterations":100}