{"_wandb":{"runtime":37},"_timestamp":1.7240278453111901e+09,"_runtime":36.566809175,"_step":0,"MSE":0.011215526268829617,"MAE":7.361482170334538e+64,"L2RE":0.9780305307972801,"max_APE":1.6774490372454083e+68}