{
	"Parameters":{
		"L0":5.0e-2,
		"tf":1800,
		"Ta":37,
		"Tmax":45,
		"a1":1.0613750000000002,
		"a2":4.428317250000002,
		"a3":0.0,
		"W":2.3154600000000003
	}
}