{"_timestamp":1.7240454256538868e+09,"weighted_array":[0.25,0.25,0.25,0.25],"L2RE":0.9937500658210324,"initialization_method":"He normal","_runtime":2.35346817,"MAE":7.905036460388165e+64,"iterations":250,"_step":1,"max_APE":1.722583990158674e+68,"MSE":0.011578949861030271,"_wandb":{"runtime":2},"weighted_score":0.07872570895750045,"activation_function":"SiLU"}