{"MSE":0.034972626448801045,"_wandb":{"runtime":33},"MAE":5.669995942665946e+65,"L2RE":1.727057147101507,"max_APE":7.793419365381578e+68,"_timestamp":1.724234516233546e+09,"_runtime":32.711944388,"_step":0}