{"initialization_method":"Glorot normal","_wandb":{"runtime":2},"MAE":4.274475912592483e+65,"_runtime":1.290794334,"activation_function":"tanh","max_APE":8.275274617106667e+68,"_step":0,"MSE":0.008246393017834665,"iterations":25,"L2RE":0.8386381182804508,"_timestamp":1.7242362312552564e+09}