{"_timestamp":1.724025873762658e+09,"_runtime":33.981001221,"_step":0,"MSE":0.016339700638927434,"MAE":8.866042935152769e+65,"L2RE":1.1804963035133427,"_wandb":{"runtime":34},"max_APE":1.8168489302422717e+69}