{"_step":0,"_wandb":{"runtime":38},"MSE":0.03106039090727793,"MAE":1.2114403839957878e+66,"L2RE":1.62759385817324,"max_APE":1.6136378279109676e+69,"_timestamp":1.7240671511810188e+09,"_runtime":38.3587535}