{"_timestamp":1.7242384949702764e+09,"activation_function":"APTx","MAE":3.323937066326494e+65,"L2RE":1.8888646012216195,"MSE":0.04183275700077686,"_step":0,"max_APE":4.838784597383686e+68,"_wandb":{"runtime":1},"iterations":25,"initialization_method":"He normal","_runtime":1.177652757}