{"_timestamp":1.7233004989712627e+09,"_runtime":30.85858176,"_step":0,"MSE":0.02573905555836994,"MAE":9.57465700945253e+65,"L2RE":1.4816270128273528,"_wandb":{"runtime":31},"max_APE":1.9799673394541862e+69}