{"_timestamp":1.723998917683654e+09,"_step":0,"_runtime":1.766250709,"MSE":0.01118354303971053,"iterations":125,"_wandb":{"runtime":2},"L2RE":0.9766350141581781,"MAE":1.1018786234122481e+65,"initialization_method":"He normal","activation_function":"Swish","max_APE":2.3783165394615346e+68}