{"_wandb":{"runtime":1},"initialization_method":"He normal","L2RE":1.3601698542712002,"iterations":400,"MAE":2.142114791779584e+65,"_step":0,"_timestamp":1.7240450806731713e+09,"_runtime":1.23689976,"max_APE":4.563403054780774e+68,"activation_function":"APTx","MSE":0.02169207628280725}