{"_wandb":{"runtime":4},"_runtime":3.451275971,"iterations":300,"L2RE":3.1215600743783565,"max_APE":3.8281546752129725e+69,"weighted_score":0.4967184858379994,"initialization_method":"Glorot normal","_timestamp":1.7242393167632148e+09,"_step":1,"MAE":2.9982241196633376e+66,"MSE":0.11425053099184893,"activation_function":"Sigmoid","weighted_array":[0.25,0.25,0.25,0.25]}