{"_wandb":{"runtime":4},"iterations":3,"_step":1,"MAE":3.005237873851247e+65,"L2RE":1.388445339667925,"_runtime":3.523272219,"_timestamp":1.7243526532998235e+09,"max_APE":4.0360149464657366e+68,"weighted_score":0.09820889667878913,"weighted_array":[0.25,0.25,0.25,0.25],"MSE":0.02260332901705805,"activation_function":"Mish","initialization_method":"He normal"}