{"max_APE":2.779509971218446e+69,"_timestamp":1.723444150273199e+09,"_runtime":33.543365428,"_step":0,"MSE":0.011213057079155457,"_wandb":{"runtime":33},"MAE":1.8827386921980475e+66,"L2RE":0.9779228641679241}