{"weighted_array":[0.25,0.25,0.25,0.25],"MSE":0.02426007398734223,"iterations":300,"_runtime":2.3586415020000002,"max_APE":4.727365806104572e+68,"_step":1,"weighted_score":0.22420730160553903,"activation_function":"APTx","initialization_method":"Glorot normal","_timestamp":1.7240457524257312e+09,"L2RE":1.438429708872041,"_wandb":{"runtime":2},"MAE":2.239311570916213e+65}