{"_timestamp":1.723999873109692e+09,"_wandb":{"runtime":34},"_runtime":33.599551305,"_step":0,"MSE":0.01704044140130122,"MAE":1.3573863173883843e+65,"L2RE":1.20554382771711,"max_APE":2.7293660414253163e+68}