{"MAE":9.690765315270966e+37,"L2RE":0.17676431914964397,"max_APE":5.112801790237427e+39,"_timestamp":1.7204618481931572e+09,"_runtime":3541.281644,"_step":0,"_wandb":{"runtime":3542},"MSE":0.004961567897933114}