{"_timestamp":1.7242391163118334e+09,"initialization_method":"He normal","iterations":250,"_wandb":{"runtime":4},"weighted_array":[0.25,0.25,0.25,0.25],"activation_function":"GELU","max_APE":5.647375368954981e+68,"MSE":0.04270725067587338,"MAE":4.1550143349747753e+65,"L2RE":1.9085053900455409,"_step":1,"weighted_score":0.12457299223247842,"_runtime":3.378514628}