{"max_APE":8.917992767492061e+68,"initialization_method":"He normal","MSE":0.04386494820342938,"activation_function":"ReLu","_wandb":{"runtime":1},"L2RE":1.9342000678387408,"_runtime":1.233038585,"_step":0,"_timestamp":1.7239967293399017e+09,"MAE":4.076568875342933e+65,"iterations":400}