{"max_APE":5.2087706200219e+68,"_timestamp":1.7240301616983788e+09,"_runtime":32.942208303,"_step":0,"MSE":0.03098370696331253,"MAE":2.486352336919745e+65,"L2RE":1.6255834609631672,"_wandb":{"runtime":33}}