{"L2RE":1.002762323399461,"max_APE":2.210042261160664e+68,"_timestamp":1.7239981455319326e+09,"_runtime":34.914529005,"_step":0,"MSE":0.011789919732252288,"_wandb":{"runtime":35},"MAE":1.2500822984162174e+65}