{"_wandb":{"runtime":31},"_timestamp":1.724232884542432e+09,"_runtime":30.958959174,"_step":0,"MSE":0.048781966216754576,"MAE":2.930377721721396e+65,"L2RE":2.039727890407325,"max_APE":3.7391171184225726e+68}