{"iterations":200,"max_APE":2.3086579763011973e+68,"initialization_method":"He normal","MAE":1.175616162980637e+65,"weighted_score":0.10770799542452361,"_timestamp":1.7240020750319262e+09,"MSE":0.011288014434894165,"L2RE":0.9811860427812782,"weighted_array":[0.25,0.25,0.25,0.25],"_wandb":{"runtime":2},"_runtime":2.304608004,"activation_function":"Swish","_step":1}