{"_timestamp":1.7233041554372694e+09,"_runtime":3.463616216,"_step":1,"MSE":0.08479058951231262,"MAE":1.1853644717611466e+66,"max_APE":2.2694617188159286e+69,"activation_function":"APTx","_wandb":{"runtime":4},"initialization_method":"Glorot normal","weighted_array":[0.25,0.25,0.25,0.25],"L2RE":2.689158566024318,"weighted_score":0.24932042124956094,"iterations":200}