{"MAE":1.1052501318670818e+65,"_timestamp":1.7242317242459986e+09,"iterations":50,"_wandb":{"runtime":2},"_step":0,"L2RE":0.4613493946960407,"max_APE":1.410126230349896e+68,"initialization_method":"He normal","MSE":0.002495598654340934,"_runtime":1.9352694700000002,"activation_function":"ELU"}