{"MAE":4.291970667388737e+65,"_wandb":{"runtime":34},"L2RE":1.997932304199688,"max_APE":1.0473882909370625e+69,"_timestamp":1.7239963974161794e+09,"_runtime":33.717321918,"_step":0,"MSE":0.04680328869684207}