{"max_APE":6.475292600025261e+68,"_runtime":2.491517503,"initialization_method":"Glorot normal","MAE":3.9755569003699762e+65,"iterations":500,"weighted_array":[0.25,0.25,0.25,0.25],"activation_function":"sin","_wandb":{"runtime":3},"_step":1,"weighted_score":0.2888011251777347,"_timestamp":1.7240020423269129e+09,"MSE":0.030206744727539453,"L2RE":1.60507210272663}