{"initialization_method":"He normal","max_APE":7.793419365381578e+68,"activation_function":"SiLU","MAE":5.669995942665946e+65,"_runtime":1.278171132,"L2RE":1.727057147101507,"_timestamp":1.724234564638654e+09,"_step":0,"_wandb":{"runtime":2},"iterations":50,"MSE":0.034972626448801045}