{"_runtime":3.4369142200000002,"weighted_score":0.07957069455399915,"weighted_array":[0.25,0.25,0.25,0.25],"MAE":5.460457514207681e+65,"L2RE":0.6974402768245905,"max_APE":8.095193716508313e+68,"_wandb":{"runtime":4},"_timestamp":1.7242764170011158e+09,"_step":1,"activation_function":"SELU","MSE":0.005703334985156818,"initialization_method":"Glorot normal","iterations":3}