{"max_APE":6.550322354425999e+67,"_timestamp":1.7239927327707787e+09,"_runtime":1180.144740472,"_wandb":{"runtime":1180},"_step":0,"MSE":0.0021340423273375595,"MAE":3.083649112980799e+64,"L2RE":0.4266228359332445}