{"_step":0,"MSE":0.007229852113861477,"MAE":1.0145217380849774e+66,"_wandb":{"runtime":526},"L2RE":0.7852488168490246,"max_APE":2.227029867251058e+69,"_timestamp":1.7232927944666522e+09,"_runtime":525.936987388}