{"_wandb":{"runtime":35},"_step":0,"MSE":0.3377570143152379,"MAE":4.170828128278918e+66,"L2RE":5.3671628426016005,"max_APE":5.5787218006686644e+69,"_timestamp":1.7233029504073741e+09,"_runtime":34.162552131}