{"_step":0,"_timestamp":1.724357400623578e+09,"activation_function":"Sigmoid","_wandb":{"runtime":1},"L2RE":1.0364265881659818,"max_APE":1.6044365595850858e+69,"MSE":0.012594818805329203,"initialization_method":"Glorot normal","iterations":1,"_runtime":1.310073555,"MAE":1.2617994149449704e+66}