{"MSE":0.01486930251166176,"MAE":1.318503583989109e+65,"L2RE":1.1261283252494336,"max_APE":1.8093083505322423e+68,"_timestamp":1.724026395372021e+09,"_runtime":32.589287254,"_step":0,"_wandb":{"runtime":32}}