{"MSE":0.034972626448801045,"_step":0,"_runtime":1.242859423,"_wandb":{"runtime":1},"initialization_method":"He normal","iterations":175,"max_APE":7.793419365381578e+68,"L2RE":1.727057147101507,"activation_function":"Swish","MAE":5.669995942665946e+65,"_timestamp":1.724235911961243e+09}