{"_timestamp":1.7233033314121513e+09,"_step":0,"MAE":1.342191287799016e+66,"max_APE":2.5966817050296394e+69,"_runtime":1.266638626,"initialization_method":"Glorot normal","MSE":0.09440523583683696,"_wandb":{"runtime":2},"activation_function":"APTx","iterations":350,"L2RE":2.837531062790022}