{"max_APE":4.0360149464657366e+68,"MSE":0.02260332901705805,"initialization_method":"He normal","activation_function":"Mish","MAE":3.005237873851247e+65,"L2RE":1.388445339667925,"_step":0,"iterations":7,"_runtime":1.392892169,"_wandb":{"runtime":2},"_timestamp":1.7243472653863254e+09}