{"MSE":0.04270725067587338,"initialization_method":"He normal","_wandb":{"runtime":2},"MAE":4.155014334974775e+65,"activation_function":"GELU","max_APE":5.647375368954981e+68,"iterations":250,"L2RE":1.9085053900455407,"_runtime":1.5808295129999999,"_step":0,"_timestamp":1.7242325656076324e+09}