{"MSE":0.011054807262293246,"MAE":1.2731353323258389e+65,"L2RE":0.9709976332329375,"_wandb":{"runtime":33},"max_APE":2.6941522438986425e+68,"_timestamp":1.723997850238755e+09,"_runtime":33.156313674,"_step":0}