{"initialization_method":"Glorot normal","iterations":75,"activation_function":"APTx","MAE":2.574945252368263e+65,"_wandb":{"runtime":1},"_step":0,"L2RE":1.6829475861172691,"max_APE":5.638388982171703e+68,"MSE":0.03320901646118235,"_timestamp":1.7240295640659497e+09,"_runtime":1.157630679}