{"weighted_score":0.9999999999343518,"_runtime":3.459582175,"MAE":4.780666084904372e+66,"iterations":500,"max_APE":6.197633245284772e+69,"MSE":0.4118363173112845,"_wandb":{"runtime":4},"activation_function":"Softplus","weighted_array":[0.25,0.25,0.25,0.25],"_timestamp":1.7242397273521793e+09,"initialization_method":"Glorot normal","L2RE":5.926590282741275,"_step":1}