{"L2RE":0.528618581417117,"_timestamp":1.724347071101262e+09,"initialization_method":"Glorot normal","max_APE":6.782811134723052e+68,"activation_function":"tanh","MAE":3.852947916391969e+65,"_step":0,"MSE":0.003276420860117474,"_runtime":1.335239054,"_wandb":{"runtime":2},"iterations":20}