{"_step":0,"L2RE":1.004378167441385,"MSE":0.011827946730609159,"_timestamp":1.724403511330501e+09,"_wandb":{"runtime":2},"MAE":2.57056457393607e+65,"activation_function":"sin","initialization_method":"Glorot normal","iterations":3,"_runtime":1.168391637,"max_APE":3.903884489276563e+68}