{"iterations":25,"MSE":0.005703334985156818,"L2RE":0.6974402768245905,"initialization_method":"Glorot normal","_step":1,"weighted_score":0.07957069455399915,"MAE":5.460457514207681e+65,"_timestamp":1.7242764476655881e+09,"activation_function":"SELU","weighted_array":[0.25,0.25,0.25,0.25],"_runtime":3.577692762,"max_APE":8.095193716508313e+68,"_wandb":{"runtime":4}}