{"iterations":20,"_step":0,"initialization_method":"Glorot normal","MSE":0.037413443533896626,"_timestamp":1.724349941120393e+09,"_runtime":1.464536171,"L2RE":1.7863083363702963,"MAE":1.4218833827512665e+65,"activation_function":"APTx","max_APE":3.0644256790733366e+68,"_wandb":{"runtime":2}}