{"MSE":0.017113295519189445,"MAE":1.1290004196924098e+66,"L2RE":1.2081181494475521,"max_APE":2.1341318991511035e+69,"_timestamp":1.7233003041240764e+09,"_runtime":33.94155792,"_step":0,"_wandb":{"runtime":34}}