{"MAE":2.4836877497127716e+65,"_wandb":{"runtime":32},"L2RE":1.774524938904827,"max_APE":3.2400096580513947e+68,"_timestamp":1.724000882361573e+09,"_runtime":31.934799758,"_step":0,"MSE":0.036921475370502124}