{"_step":1,"weighted_score":0.1193740535222172,"L2RE":1.7863083363702963,"_runtime":2.572822381,"_wandb":{"runtime":3},"activation_function":"APTx","MSE":0.037413443533896626,"max_APE":3.0644256790733366e+68,"MAE":1.4218833827512663e+65,"_timestamp":1.7243527933957822e+09,"initialization_method":"He normal","iterations":10,"weighted_array":[0.25,0.25,0.25,0.25]}