{"_timestamp":1.7241778337885842e+09,"_runtime":33.174967755,"_step":0,"_wandb":{"runtime":33},"MSE":0.017315272706696846,"MAE":1.511046133184653e+65,"L2RE":1.2152265565750666,"max_APE":2.5122762012018637e+68}