{"_wandb":{"runtime":33},"_timestamp":1.7240263164879434e+09,"_runtime":33.032644384,"_step":0,"MSE":0.014926436543306939,"MAE":1.3395699899705486e+65,"L2RE":1.1282897771497586,"max_APE":1.8520375791720035e+68}