{"MAE":9.494350235477157e+64,"L2RE":1.0752435930987398,"max_APE":1.998948090477688e+68,"_timestamp":1.724027465235823e+09,"_runtime":36.045118472,"_step":0,"_wandb":{"runtime":36},"MSE":0.013555906335847892}