{"max_APE":4.838784597383686e+68,"_timestamp":1.7242379611783438e+09,"iterations":25,"MAE":3.323937066326494e+65,"L2RE":1.8888646012216195,"activation_function":"APTx","_wandb":{"runtime":1},"initialization_method":"Glorot normal","_runtime":1.207324385,"_step":0,"MSE":0.04183275700077686}