{"L2RE":0.19799046021802003,"max_APE":5.630260109901429e+39,"_timestamp":1.7206084289960105e+09,"MSE":0.006224697624100596,"MAE":9.435179983743974e+37,"_runtime":21020.679528,"_step":0,"_wandb":{"runtime":21021}}