{"max_APE":1.998948090477688e+68,"_runtime":1.178343376,"_step":0,"MSE":0.013555906335847892,"initialization_method":"He normal","_timestamp":1.7240274693855538e+09,"_wandb":{"runtime":1},"L2RE":1.0752435930987398,"iterations":50,"MAE":9.494350235477157e+64,"activation_function":"Swish"}