{"MSE":0.4118363173112845,"_timestamp":1.7242374182034743e+09,"_step":0,"iterations":50,"L2RE":5.926590282741275,"max_APE":6.197633245284772e+69,"_runtime":1.179967467,"_wandb":{"runtime":1},"MAE":4.780666084904372e+66,"initialization_method":"Glorot normal","activation_function":"Softplus"}