{"MSE":0.034972626448801045,"weighted_score":0.1285172508772952,"_step":1,"_wandb":{"runtime":4},"weighted_array":[0.25,0.25,0.25,0.25],"iterations":200,"max_APE":7.793419365381578e+68,"_timestamp":1.7242393742013347e+09,"initialization_method":"He normal","activation_function":"SiLU","L2RE":1.727057147101507,"MAE":5.669995942665947e+65,"_runtime":3.397911886}