{"_runtime":36.357681673,"_step":0,"MSE":0.03116141850414185,"MAE":2.4878036601761965e+65,"L2RE":1.6302386800802249,"max_APE":4.0855248062432455e+68,"_timestamp":1.7239960184066212e+09,"_wandb":{"runtime":36}}