{"MAE":4.659039361042897e+65,"L2RE":1.761578452628208,"max_APE":1.1519540556565032e+69,"_timestamp":1.724027254890206e+09,"_runtime":33.045266805,"_step":0,"_wandb":{"runtime":33},"MSE":0.03638470108489865}