{"_wandb":{"runtime":32},"_step":0,"MSE":0.023168856295961642,"MAE":3.664357215527531e+65,"L2RE":1.40570724013528,"max_APE":8.476645059056942e+68,"_timestamp":1.7240282848313537e+09,"_runtime":32.121113545}