{"_runtime":38.577739971,"_step":0,"_wandb":{"runtime":38},"MSE":0.013157416196924603,"MAE":1.3245298182028385e+65,"L2RE":1.0593217517550941,"max_APE":3.2950488198573567e+68,"_timestamp":1.7240289045851307e+09}