{"MAE":7.288971200656547e+65,"L2RE":1.1424251642945444,"_wandb":{"runtime":34},"max_APE":1.6081055432995891e+69,"_timestamp":1.723301333851583e+09,"_runtime":33.601099216,"_step":0,"MSE":0.015302780683010303}