{"_runtime":1.242106712,"activation_function":"ReLu","MAE":4.849014810141398e+65,"_wandb":{"runtime":2},"_step":0,"L2RE":1.9766416345028766,"initialization_method":"He normal","MSE":0.04581109894857657,"iterations":5,"max_APE":6.964396883979389e+68,"_timestamp":1.7242731290845842e+09}