{"MAE":1.1052501318670818e+65,"L2RE":0.4613493946960407,"max_APE":1.410126230349896e+68,"_timestamp":1.7242320784730718e+09,"_wandb":{"runtime":32},"_runtime":32.504702426,"_step":0,"MSE":0.002495598654340934}