{"_timestamp":1.7241895849653523e+09,"_runtime":30.556459841,"_step":0,"MSE":0.005094501777285559,"MAE":2.3409355801774227e+65,"L2RE":0.6591639427644982,"_wandb":{"runtime":30},"max_APE":3.2258471341724607e+68}