{"_step":0,"_wandb":{"runtime":1},"_runtime":1.179489805,"iterations":250,"initialization_method":"He normal","_timestamp":1.724027764331285e+09,"max_APE":1.722583990158674e+68,"L2RE":0.9937500658210323,"MAE":7.905036460388165e+64,"activation_function":"Swish","MSE":0.011578949861030273}