{"L2RE":1.4440228122359777,"_wandb":{"runtime":4},"_timestamp":1.7243466303360898e+09,"MAE":3.9320035438791094e+65,"max_APE":5.293780334143051e+68,"_runtime":1.4311880860000001,"iterations":7,"activation_function":"Swish","initialization_method":"He normal","MSE":0.02444910359824417,"_step":0}