{"max_APE":5.871038245765953e+68,"_wandb":{"runtime":36},"_timestamp":1.7239986003433566e+09,"_runtime":35.891938257,"_step":0,"MSE":0.02855935552769208,"MAE":3.8449685922516995e+65,"L2RE":1.5606904942056845}