{"_runtime":33.631894555,"_step":0,"MSE":0.05053210047992228,"MAE":8.803825359433078e+65,"_wandb":{"runtime":34},"L2RE":2.0759947900624796,"max_APE":1.8139935138067375e+69,"_timestamp":1.7240251546050262e+09}