{"MAE":3.3239370663264945e+65,"L2RE":1.8888646012216197,"weighted_array":[0.25,0.25,0.25,0.25],"MSE":0.04183275700077686,"_timestamp":1.7242397898995488e+09,"_runtime":3.4010193429999998,"weighted_score":0.11535394529871053,"initialization_method":"Glorot normal","max_APE":4.838784597383686e+68,"iterations":500,"_step":1,"_wandb":{"runtime":3},"activation_function":"APTx"}