{"iterations":75,"MAE":1.2731353323258389e+65,"max_APE":2.6941522438986425e+68,"_step":0,"_runtime":1.190503717,"_wandb":{"runtime":1},"initialization_method":"He normal","MSE":0.011054807262293246,"_timestamp":1.7239978543101158e+09,"activation_function":"SiLU","L2RE":0.9709976332329375}