{"MSE":0.15831157432796866,"MAE":2.0007990796961443e+66,"L2RE":3.674505634185546,"max_APE":3.1277059208610214e+69,"_timestamp":1.7233002230055604e+09,"_runtime":30.033612674,"_step":0,"_wandb":{"runtime":30}}