{"max_APE":6.023976963880395e+68,"_wandb":{"runtime":3},"iterations":500,"_runtime":2.480023172,"MSE":0.02800449083686678,"_step":1,"activation_function":"Mish","weighted_array":[0.25,0.25,0.25,0.25],"MAE":4.364009488496405e+65,"_timestamp":1.7242396614926362e+09,"weighted_score":0.10165950765117392,"L2RE":1.5454552144942943,"initialization_method":"He normal"}