{"max_APE":6.475292600025261e+68,"_wandb":{"runtime":33},"_timestamp":1.7239987552548027e+09,"_runtime":32.768003343,"_step":0,"MSE":0.030206744727539453,"MAE":3.975556900369976e+65,"L2RE":1.60507210272663}