{"_runtime":1.279464463,"_step":0,"L2RE":1.388445339667925,"max_APE":4.0360149464657366e+68,"initialization_method":"He normal","activation_function":"Mish","iterations":20,"_wandb":{"runtime":2},"MSE":0.02260332901705805,"_timestamp":1.7242753825261226e+09,"MAE":3.005237873851247e+65}