{"_step":0,"_wandb":{"runtime":6768},"MAE":3.681626538838667e+43,"L2RE":0.12558630132700746,"max_APE":8.504549250285053e+45,"_timestamp":1.7197624897780714e+09,"MSE":0.0035102099189995056,"_runtime":6767.977896}