{"_wandb":{"runtime":34},"_timestamp":1.7239968074712367e+09,"_runtime":34.238618469,"_step":0,"MSE":0.014953757413561971,"MAE":4.3067999998694355e+65,"L2RE":1.1293218977684751,"max_APE":1.0171779796262305e+69}