{"L2RE":1.1561879894496223,"_wandb":{"runtime":31},"max_APE":1.137570413925212e+69,"_timestamp":1.7242356190332592e+09,"_runtime":31.037943426,"_step":0,"MSE":0.015673707568259598,"MAE":5.432439844354207e+65}