{"iterations":75,"initialization_method":"Glorot normal","_wandb":{"runtime":2},"max_APE":2.5308504058367958e+69,"activation_function":"tanh","_timestamp":1.7235698951310725e+09,"_step":0,"MAE":1.8597232593854184e+66,"MSE":0.018206295205292433,"_runtime":1.981883675,"L2RE":1.2461013711655073}