{"_runtime":3.525040302,"activation_function":"SELU","_wandb":{"runtime":4},"_timestamp":1.7242764430802982e+09,"weighted_array":[0.25,0.25,0.25,0.25],"weighted_score":0.07957069455399915,"max_APE":8.095193716508313e+68,"iterations":20,"L2RE":0.6974402768245905,"initialization_method":"Glorot normal","MAE":5.460457514207681e+65,"_step":1,"MSE":0.005703334985156818}