{"MSE":0.037413443533896626,"iterations":3,"_runtime":4.746162554,"_step":1,"weighted_score":0.1193740535222172,"_timestamp":1.7243527756557865e+09,"max_APE":3.0644256790733366e+68,"weighted_array":[0.25,0.25,0.25,0.25],"initialization_method":"He normal","activation_function":"APTx","MAE":1.4218833827512663e+65,"_wandb":{"runtime":5},"L2RE":1.7863083363702963}