{"_runtime":5.483506177,"L2RE":1.4440228122359775,"weighted_array":[0.25,0.25,0.25,0.25],"initialization_method":"He normal","max_APE":5.293780334143051e+68,"activation_function":"Swish","iterations":3,"weighted_score":0.11533434948435324,"_step":1,"MAE":3.9320035438791094e+65,"MSE":0.02444910359824417,"_timestamp":1.7243525614081378e+09,"_wandb":{"runtime":6}}