{"MSE":0.016150876720304446,"max_APE":2.6636746948523145e+67,"_runtime":1.238855086,"iterations":3,"activation_function":"Mish","_timestamp":1.7244043886339724e+09,"initialization_method":"He normal","_wandb":{"runtime":1},"_step":0,"MAE":1.1364763230131538e+64,"L2RE":1.1736554906308545}