{"max_APE":1.3156487812328395e+69,"activation_function":"tanh","MAE":5.472395955656505e+65,"_step":0,"iterations":100,"_runtime":1.241671503,"L2RE":0.7404882692499893,"initialization_method":"Glorot normal","_wandb":{"runtime":2},"MSE":0.006429115059124121,"_timestamp":1.7233020453586662e+09}