{"max_APE":3.697371803218425e+68,"_step":0,"initialization_method":"He normal","iterations":350,"_timestamp":1.7239961926080234e+09,"MSE":0.03052107427494664,"MAE":2.5602043374505154e+65,"_wandb":{"runtime":1},"L2RE":1.6134016309783967,"activation_function":"GELU","_runtime":1.29029742}