{"_wandb":{"runtime":32},"_runtime":32.119920091,"_step":0,"MSE":0.014873778341603005,"MAE":1.3318625698195507e+65,"L2RE":1.1262978012429294,"max_APE":1.8166644846027056e+68,"_timestamp":1.7240264341242158e+09}