{"max_APE":2.8329032302244797e+67,"_wandb":{"runtime":1},"_runtime":1.129561377,"MSE":0.01147006038351851,"_timestamp":1.72435755665877e+09,"L2RE":0.9890663712015482,"_step":0,"iterations":2,"initialization_method":"He normal","activation_function":"SiLU","MAE":1.5871114741853595e+64}