{"_step":0,"initialization_method":"He normal","_timestamp":1.7242358696069925e+09,"iterations":150,"MAE":5.669995942665946e+65,"L2RE":1.727057147101507,"max_APE":7.793419365381578e+68,"MSE":0.034972626448801045,"_wandb":{"runtime":1},"activation_function":"Swish","_runtime":1.21055825}