{"MSE":0.015673707568259598,"weighted_score":0.10413200571358819,"initialization_method":"Glorot normal","iterations":75,"max_APE":1.1375704139252121e+69,"L2RE":1.1561879894496223,"activation_function":"sin","_step":1,"_timestamp":1.7242394165288212e+09,"MAE":5.432439844354207e+65,"_runtime":3.54276667,"_wandb":{"runtime":4},"weighted_array":[0.25,0.25,0.25,0.25]}