{"max_APE":3.2807368279022583e+68,"_timestamp":1.7239995964862015e+09,"_wandb":{"runtime":29},"_runtime":29.594979635,"_step":0,"MSE":0.004788617452302562,"MAE":2.360579574418779e+65,"L2RE":0.6390688594324835}