{"initialization_method":"He normal","_runtime":4.000801801,"_timestamp":1.7242764117966106e+09,"weighted_score":0.17949702159862505,"MSE":0.04581109894857657,"_step":1,"weighted_array":[0.25,0.25,0.25,0.25],"iterations":25,"max_APE":6.964396883979389e+68,"_wandb":{"runtime":4},"L2RE":1.9766416345028768,"MAE":4.849014810141398e+65,"activation_function":"ReLu"}