{"MSE":0.0066154809361057285,"MAE":1.083854399694439e+66,"L2RE":0.7511441597294863,"max_APE":2.338156026473572e+69,"_timestamp":1.7232935051482563e+09,"_runtime":701.896804175,"_wandb":{"runtime":702},"_step":0}