{"max_APE":1.8520375791720035e+68,"MAE":1.3395699899705486e+65,"_runtime":1.148563011,"initialization_method":"Glorot normal","L2RE":1.1282897771497586,"_step":0,"activation_function":"Sigmoid","_wandb":{"runtime":1},"MSE":0.014926436543306939,"iterations":300,"_timestamp":1.724026320281848e+09}