{"L2RE":1.0082940381892684,"max_APE":1.962376539860051e+68,"_timestamp":1.7241777561286104e+09,"_runtime":31.278909094,"_wandb":{"runtime":31},"_step":0,"MSE":0.011920356147572666,"MAE":1.1692380188800065e+65}