{"_timestamp":1.724239554309542e+09,"MSE":0.008246393017834665,"weighted_score":0.06607352429952101,"L2RE":0.8386381182804508,"_step":1,"MAE":4.2744759125924835e+65,"activation_function":"tanh","max_APE":8.275274617106667e+68,"_runtime":2.808472761,"iterations":100,"weighted_array":[0.25,0.25,0.25,0.25],"initialization_method":"Glorot normal","_wandb":{"runtime":3}}