{"initialization_method":"He normal","L2RE":2.039727890407325,"_runtime":1.372433177,"_step":0,"MSE":0.048781966216754576,"max_APE":3.7391171184225726e+68,"activation_function":"ReLu","iterations":500,"_timestamp":1.7242332499231107e+09,"MAE":2.930377721721396e+65,"_wandb":{"runtime":2}}