{"_timestamp":1.7243449040655477e+09,"_runtime":36.628998093,"_step":0,"MSE":0.03601653556785414,"MAE":2.288606660963791e+65,"_wandb":{"runtime":37},"L2RE":1.7526433590160473,"max_APE":3.8184107801525346e+68}