{"MAE":2.020739040682361e+66,"iterations":1,"activation_function":"Softplus","_timestamp":1.7243581585529854e+09,"MSE":0.07436735711999912,"_wandb":{"runtime":2},"max_APE":2.664033308082899e+69,"initialization_method":"Glorot normal","_runtime":1.501722461,"L2RE":2.5184524621904645,"_step":0}