{"_step":0,"_wandb":{"runtime":265},"L2RE":0.6190364809660575,"max_APE":3.315858068045573e+63,"_timestamp":1.7207894628538663e+09,"MSE":0.008523474324771477,"MAE":1.3057454264851798e+60,"_runtime":264.679059}