{"L2RE":1.6168913485311258,"max_APE":1.7206753065511447e+68,"_timestamp":1.7243583506990101e+09,"_wandb":{"runtime":31},"_runtime":30.852799467,"_step":0,"MSE":0.03065324857643442,"MAE":1.1620415947659637e+65}