{"_step":1,"MAE":1.2731353323258386e+65,"activation_function":"SiLU","MSE":0.011054807262293246,"initialization_method":"He normal","_runtime":2.361294842,"_wandb":{"runtime":3},"weighted_score":0.11049098930059656,"weighted_array":[0.25,0.25,0.25,0.25],"_timestamp":1.7240019337001915e+09,"max_APE":2.6941522438986425e+68,"L2RE":0.9709976332329376,"iterations":75}