{"iterations":1000,"MSE":0.002225871252884973,"_timestamp":1.7241895515092967e+09,"_step":0,"MAE":5.346023429729463e+64,"_runtime":1.197149922,"activation_function":"ELU","initialization_method":"He normal","L2RE":0.43570506046854096,"max_APE":9.928699118350248e+67,"_wandb":{"runtime":1}}