{"_wandb":{"runtime":1},"MAE":2.444657559487873e+65,"MSE":0.029708992363625383,"max_APE":5.098143230007739e+68,"activation_function":"APTx","_runtime":1.1773261289999999,"iterations":175,"initialization_method":"He normal","L2RE":1.5917928324392245,"_timestamp":1.7240302056243067e+09,"_step":0}