{"L2RE":1.7526433590160473,"iterations":5,"weighted_score":0.12553049134948485,"_wandb":{"runtime":5},"MSE":0.03601653556785414,"max_APE":3.8184107801525346e+68,"MAE":2.288606660963791e+65,"initialization_method":"He normal","_runtime":4.561131551,"weighted_array":[0.25,0.25,0.25,0.25],"_timestamp":1.7242763524149003e+09,"_step":1,"activation_function":"GELU"}