{"MAE":2.930377721721396e+65,"L2RE":2.039727890407325,"max_APE":3.7391171184225726e+68,"_timestamp":1.7242332447627468e+09,"_runtime":31.798760757,"_step":0,"_wandb":{"runtime":32},"MSE":0.048781966216754576}