{"L2RE":1.2180897484075008,"max_APE":2.405230283207726e+68,"_wandb":{"runtime":34},"_timestamp":1.7240001641877956e+09,"_runtime":34.122114051,"_step":0,"MSE":0.017396961756650495,"MAE":1.6244636948063433e+65}