{"MSE":0.0024441153841030226,"max_APE":1.387272866541234e+68,"_step":0,"initialization_method":"He normal","_wandb":{"runtime":1},"_runtime":1.289319959,"activation_function":"ELU","L2RE":0.4565658624643288,"iterations":25,"MAE":9.193078454494602e+64,"_timestamp":1.7243447367325487e+09}