{"MAE":9.193078454494602e+64,"activation_function":"ELU","L2RE":0.4565658624643288,"_wandb":{"runtime":2},"MSE":0.0024441153841030226,"_step":0,"_timestamp":1.724272667703021e+09,"initialization_method":"He normal","iterations":15,"max_APE":1.387272866541234e+68,"_runtime":1.414082846}