{"_step":1,"L2RE":0.9527654456369764,"weighted_array":[0.25,0.25,0.25,0.25],"MAE":7.928409500019457e+64,"_runtime":3.332811462,"initialization_method":"Glorot normal","activation_function":"tanh","_wandb":{"runtime":3},"iterations":1000,"max_APE":1.1323166788340052e+68,"MSE":0.01064355793674902,"weighted_score":0.25137659829409886,"_timestamp":1.7240869932814956e+09}