{"L2RE":2.039727890407325,"_step":1,"_runtime":3.428698259,"initialization_method":"He normal","MSE":0.048781966216754576,"weighted_score":0.11985322990243925,"activation_function":"ReLu","iterations":300,"MAE":2.930377721721396e+65,"max_APE":3.7391171184225726e+68,"weighted_array":[0.25,0.25,0.25,0.25],"_wandb":{"runtime":4},"_timestamp":1.7242391891208851e+09}