{"initialization_method":"Glorot normal","weighted_array":[0.25,0.25,0.25,0.25],"iterations":500,"MSE":0.004385668873950945,"L2RE":0.6115901792663081,"weighted_score":0.5412859186663797,"_runtime":3.785440007,"MAE":2.3130614988031044e+65,"_wandb":{"runtime":4},"_timestamp":1.7241779881260583e+09,"_step":1,"max_APE":3.1681311041906547e+68,"activation_function":"tanh"}