{"MAE":1.7036599359582344e+66,"L2RE":2.497014184413752,"max_APE":2.3210587765676694e+69,"_timestamp":1.7240004477893267e+09,"_runtime":32.701245001,"_step":0,"_wandb":{"runtime":33},"MSE":0.07310664457921245}