{"iterations":350,"MAE":2.248357370874021e+65,"_timestamp":1.7239996375251243e+09,"activation_function":"tanh","initialization_method":"Glorot normal","_wandb":{"runtime":1},"_runtime":1.210108209,"MSE":0.0046382334634495525,"_step":0,"max_APE":3.1668597782185617e+68,"L2RE":0.6289540039218819}