{"max_APE":3.0096235648239948e+69,"_timestamp":1.72330018612256e+09,"_wandb":{"runtime":29},"_runtime":29.652513129,"_step":0,"MSE":0.1561926695435373,"MAE":1.94650606127692e+66,"L2RE":3.6498322775256073}