{"_step":1,"weighted_score":0.11002766922036997,"_timestamp":1.7240019613308854e+09,"MSE":0.011527767036230955,"_wandb":{"runtime":5},"MAE":1.2399036312793523e+65,"L2RE":0.9915512797270007,"initialization_method":"He normal","activation_function":"SiLU","_runtime":3.388219341,"max_APE":2.2970079396073144e+68,"weighted_array":[0.25,0.25,0.25,0.25],"iterations":250}