{"_runtime":36.986140259,"_step":0,"MSE":0.04510042422765313,"_wandb":{"runtime":37},"MAE":4.399346697182824e+65,"L2RE":1.96124973199365,"max_APE":9.989404340390405e+68,"_timestamp":1.7239965646644058e+09}