{"_wandb":{"runtime":36},"_step":0,"MSE":0.08367531891261727,"MAE":1.42277059244445e+66,"L2RE":2.671414456693518,"max_APE":1.8107227049128195e+69,"_timestamp":1.7240672802772007e+09,"_runtime":36.268026087}