{"_runtime":33.022013424,"_step":0,"MSE":0.004698899420006574,"MAE":8.45026374123726e+65,"L2RE":0.6330538557156712,"_wandb":{"runtime":33},"max_APE":1.4073144002966624e+69,"_timestamp":1.7242338746685348e+09}