{"_step":1,"initialization_method":"He normal","activation_function":"ReLu","max_APE":6.964396883979389e+68,"iterations":5,"_timestamp":1.7243513378864493e+09,"weighted_array":[0.25,0.25,0.25,0.25],"weighted_score":0.17949702159862505,"_wandb":{"runtime":4},"MSE":0.04581109894857657,"L2RE":1.9766416345028768,"MAE":4.849014810141398e+65,"_runtime":4.098023382}