{"_wandb":{"runtime":33},"MAE":8.684353444492245e+65,"L2RE":2.1347823979255827,"max_APE":1.8120453448684302e+69,"_timestamp":1.7240250332624967e+09,"_runtime":32.884441679,"_step":0,"MSE":0.053434538019919195}