{"L2RE":2.3387749631180803,"max_APE":2.0371937513343432e+69,"_timestamp":1.7232997300999172e+09,"_runtime":31.576516126,"_step":0,"MSE":0.06413449870755787,"_wandb":{"runtime":31},"MAE":1.0243263085875973e+66}