{"activation_function":"APTx","initialization_method":"He normal","MAE":2.563928930918196e+65,"_timestamp":1.7240300859385552e+09,"L2RE":1.695750805250112,"max_APE":5.510414822075513e+68,"MSE":0.033716221356176475,"iterations":100,"_step":0,"_wandb":{"runtime":1},"_runtime":1.151696379}