{"activation_function":"Swish","MSE":0.011527767036230957,"initialization_method":"He normal","iterations":250,"_wandb":{"runtime":1},"MAE":1.2399036312793523e+65,"max_APE":2.2970079396073144e+68,"_step":0,"_runtime":1.185790131,"L2RE":0.9915512797270007,"_timestamp":1.7241776842579026e+09}