{"MAE":2.52539393098329e+65,"activation_function":"APTx","MSE":0.03221834752632883,"max_APE":5.339140675425136e+68,"initialization_method":"He normal","_runtime":1.15612405,"iterations":125,"_timestamp":1.7240301256989198e+09,"_wandb":{"runtime":1},"_step":0,"L2RE":1.6576552545727359}