{"_step":0,"MSE":0.015098670099034966,"_wandb":{"runtime":32},"MAE":1.2338133640363926e+65,"L2RE":1.1347806762860684,"max_APE":1.8262836534680678e+68,"_timestamp":1.7240863012786946e+09,"_runtime":32.260930919}