{"_runtime":1.724270384,"activation_function":"sin","_wandb":{"runtime":2},"max_APE":1.137570413925212e+69,"iterations":175,"MSE":0.015673707568259598,"MAE":5.432439844354207e+65,"L2RE":1.1561879894496223,"_step":0,"initialization_method":"Glorot normal","_timestamp":1.7242353491746583e+09}