{"max_APE":1.7334419477278486e+69,"_wandb":{"runtime":36},"_timestamp":1.724025357808153e+09,"_runtime":36.143195385,"_step":0,"MSE":0.033851016534098805,"MAE":8.360063843329601e+65,"L2RE":1.6991371726569895}