{"_runtime":34.801373971,"_step":0,"_wandb":{"runtime":35},"MSE":0.003276420860117474,"MAE":3.852947916391969e+65,"L2RE":0.528618581417117,"max_APE":6.782811134723052e+68,"_timestamp":1.7243469810335178e+09}