{"_step":1,"_timestamp":1.7233037559583085e+09,"iterations":300,"_wandb":{"runtime":5},"weighted_score":0.1145854697256258,"MAE":1.1624469430239274e+66,"_runtime":4.4625837950000005,"activation_function":"ELU","L2RE":0.7066200712603514,"weighted_array":[0.25,0.25,0.25,0.25],"MSE":0.005854459028007898,"max_APE":2.4427785280545773e+69,"initialization_method":"He normal"}