{"iterations":175,"initialization_method":"He normal","MSE":0.048781966216754576,"MAE":2.930377721721396e+65,"_runtime":1.1582812630000001,"_wandb":{"runtime":1},"activation_function":"ReLu","L2RE":2.039727890407325,"_timestamp":1.724233046224551e+09,"max_APE":3.7391171184225726e+68,"_step":0}