{"L2RE":0.9857395017797875,"max_APE":1.9376165260231273e+68,"_timestamp":1.724165188095037e+09,"_wandb":{"runtime":42},"_runtime":41.994338008,"_step":0,"MSE":0.011393027705197949,"MAE":9.827317995660555e+64}