{"MAE":1.5871114741853595e+64,"L2RE":0.9890663712015482,"max_APE":2.8329032302244797e+67,"_timestamp":1.7244025018611739e+09,"_runtime":31.093913173,"_wandb":{"runtime":31},"_step":0,"MSE":0.01147006038351851}