{"_step":0,"_wandb":{"runtime":267},"MSE":0.0021125679946679137,"MAE":1.0731139256724472e+65,"L2RE":0.4244709093758881,"max_APE":2.502985116458332e+68,"_timestamp":1.7239869719584572e+09,"_runtime":266.808540097}