{"MAE":4.274475912592483e+65,"iterations":125,"L2RE":0.8386381182804508,"max_APE":8.275274617106667e+68,"_step":0,"MSE":0.008246393017834665,"_timestamp":1.7242363882042077e+09,"_runtime":1.440951504,"initialization_method":"Glorot normal","activation_function":"tanh","_wandb":{"runtime":2}}