{"max_APE":2.294528498085361e+68,"activation_function":"ELU","_step":1,"_timestamp":1.724045174375922e+09,"MSE":0.004159192830419869,"_runtime":2.303779512,"MAE":1.0451416816696279e+65,"weighted_array":[0.25,0.25,0.25,0.25],"weighted_score":0.01932628541690116,"iterations":500,"initialization_method":"He normal","_wandb":{"runtime":2},"L2RE":0.5955896082489649}