{"weighted_score":0.11985322990243925,"_timestamp":1.7242392023812642e+09,"L2RE":2.039727890407325,"MAE":2.930377721721396e+65,"max_APE":3.7391171184225726e+68,"_step":1,"activation_function":"ReLu","weighted_array":[0.25,0.25,0.25,0.25],"_runtime":3.405614709,"_wandb":{"runtime":4},"initialization_method":"He normal","iterations":750,"MSE":0.048781966216754576}