{"_runtime":30.736445212,"_wandb":{"runtime":31},"_step":0,"MSE":0.07558357911964107,"MAE":1.225408509956057e+66,"L2RE":2.5389626398057095,"max_APE":2.4439913547297405e+69,"_timestamp":1.7232998850397966e+09}