{"_step":0,"MSE":0.00460200327889805,"MAE":4.642695747941153e+65,"L2RE":0.6264927443529305,"max_APE":6.3150235065110785e+68,"_timestamp":1.7241649472012882e+09,"_runtime":37.567341383,"_wandb":{"runtime":38}}