{"MAE":1.1917117639970724e+65,"L2RE":0.604666984566956,"max_APE":2.546895176792781e+68,"_timestamp":1.7240217572447171e+09,"_runtime":2148.079660968,"_step":0,"_wandb":{"runtime":2148},"MSE":0.004286939407699361}