{"_timestamp":1.7240295244947472e+09,"L2RE":1.7583547713356078,"_wandb":{"runtime":1},"MSE":0.03625165522765712,"_runtime":1.1602028,"initialization_method":"Glorot normal","activation_function":"APTx","iterations":50,"max_APE":5.476438796463018e+68,"MAE":2.583351440282581e+65,"_step":0}