{"L2RE":2.423912737077268,"max_APE":2.1738291288889315e+69,"_timestamp":1.723299771051168e+09,"_runtime":33.660159465,"_step":0,"MSE":0.06888882766859647,"_wandb":{"runtime":34},"MAE":1.092950898864918e+66}