{"_wandb":{"runtime":98},"MAE":1.9128786151863768e+66,"L2RE":1.1632965731765676,"max_APE":2.6212660515108347e+69,"_timestamp":1.7235697886228836e+09,"_runtime":98.050202667,"_step":0,"MSE":0.015867033183939293}