{"_timestamp":1.7242764278658242e+09,"activation_function":"SELU","weighted_array":[0.25,0.25,0.25,0.25],"MSE":0.005703334985156818,"initialization_method":"Glorot normal","max_APE":8.095193716508313e+68,"L2RE":0.6974402768245905,"_step":1,"iterations":7,"_runtime":3.602251378,"weighted_score":0.07957069455399915,"_wandb":{"runtime":4},"MAE":5.460457514207681e+65}