{"max_APE":2.0084260611559073e+69,"activation_function":"Sigmoid","MAE":1.551798275857769e+66,"_wandb":{"runtime":3},"_timestamp":1.723303892988082e+09,"iterations":200,"weighted_array":[0.25,0.25,0.25,0.25],"L2RE":1.2547102283840204,"MSE":0.01845872540593957,"weighted_score":0.15066001930723905,"_runtime":2.370376845,"_step":1,"initialization_method":"Glorot normal"}