{"MSE":0.009100620261415872,"_wandb":{"runtime":30},"MAE":3.816930648329751e+65,"L2RE":0.8810044058361416,"max_APE":5.383709615442269e+68,"_timestamp":1.7244023173507404e+09,"_runtime":30.210241796,"_step":0}