{"weighted_score":0.26434118002960233,"_wandb":{"runtime":5},"activation_function":"APTx","_step":1,"max_APE":1.7206753065511447e+68,"_runtime":4.409166048,"MAE":1.1620415947659635e+65,"weighted_array":[0.25,0.25,0.25,0.25],"L2RE":1.6168913485311258,"MSE":0.03065324857643442,"iterations":3,"initialization_method":"He normal","_timestamp":1.7243587054066029e+09}