{"initialization_method":"He normal","MAE":2.930377721721396e+65,"MSE":0.048781966216754576,"iterations":25,"L2RE":2.039727890407325,"max_APE":3.7391171184225726e+68,"_runtime":1.169653125,"_step":0,"activation_function":"ReLu","_wandb":{"runtime":1},"_timestamp":1.7242328091969886e+09}