{"MSE":0.013686659830878512,"MAE":8.771463892194134e+64,"L2RE":1.0804167795997588,"max_APE":1.292333184856665e+68,"_timestamp":1.7240261172872806e+09,"_wandb":{"runtime":32},"_runtime":32.065805458,"_step":0}