{"_wandb":{"runtime":2},"_step":0,"MAE":4.992229689601334e+65,"max_APE":1.0632969137610852e+69,"L2RE":1.3162339746181917,"activation_function":"tanh","MSE":0.02031332540809741,"_runtime":1.821066127,"iterations":75,"_timestamp":1.7240280110504606e+09,"initialization_method":"Glorot normal"}