{"_wandb":{"runtime":2},"iterations":1,"MAE":1.1620415947659637e+65,"_timestamp":1.724358438491702e+09,"L2RE":1.6168913485311258,"_runtime":1.378657674,"max_APE":1.7206753065511447e+68,"activation_function":"APTx","initialization_method":"He normal","MSE":0.03065324857643442,"_step":0}