{"_runtime":2.4299523880000002,"_wandb":{"runtime":3},"_timestamp":1.7242767193784833e+09,"max_APE":3.0644256790733366e+68,"_step":1,"L2RE":1.7863083363702963,"MSE":0.037413443533896626,"iterations":3,"weighted_array":[0.25,0.25,0.25,0.25],"initialization_method":"He normal","MAE":1.4218833827512663e+65,"activation_function":"APTx","weighted_score":0.1193740535222172}