{"max_APE":4.838784597383686e+68,"_wandb":{"runtime":1},"MSE":0.04183275700077686,"_step":0,"MAE":3.323937066326494e+65,"initialization_method":"He normal","L2RE":1.8888646012216195,"_runtime":1.20341888,"iterations":1000,"_timestamp":1.7242390003195171e+09,"activation_function":"APTx"}