{"L2RE":0.4865903288913541,"max_APE":5.546696587647525e+68,"_timestamp":1.724068139803182e+09,"_runtime":44.47724443,"_step":0,"_wandb":{"runtime":44},"MSE":0.0027761426511500494,"MAE":2.5707525124100123e+65}