{"MAE":2.9982241196633372e+66,"L2RE":3.1215600743783565,"max_APE":3.8281546752129725e+69,"_timestamp":1.7242340010770788e+09,"_wandb":{"runtime":32},"_runtime":32.252163135,"_step":0,"MSE":0.11425053099184891}