{"_timestamp":1.7240250731394973e+09,"_wandb":{"runtime":33},"_runtime":32.89450492,"_step":0,"MSE":0.054720119187227384,"MAE":8.829984450284494e+65,"L2RE":2.1603101248590106,"max_APE":1.8304943826994447e+69}