{"max_APE":6.782811134723052e+68,"MSE":0.003276420860117474,"_wandb":{"runtime":2},"_step":0,"L2RE":0.528618581417117,"iterations":7,"_timestamp":1.7243469421301577e+09,"_runtime":1.78929855,"activation_function":"tanh","initialization_method":"Glorot normal","MAE":3.852947916391969e+65}