{"_wandb":{"runtime":3},"iterations":750,"L2RE":0.8386381182804508,"initialization_method":"Glorot normal","_timestamp":1.7242395954641623e+09,"MSE":0.008246393017834665,"MAE":4.2744759125924835e+65,"weighted_array":[0.25,0.25,0.25,0.25],"_step":1,"activation_function":"tanh","max_APE":8.275274617106667e+68,"weighted_score":0.06607352429952101,"_runtime":3.344243002}