{"_timestamp":1.7242755154459815e+09,"_runtime":37.326855261,"_step":0,"MSE":0.2755654344241879,"MAE":3.991036138653676e+66,"L2RE":4.8479145265507615,"_wandb":{"runtime":37},"max_APE":5.106414610320549e+69}