{"_wandb":{"runtime":37},"max_APE":2.2378307829217777e+68,"_timestamp":1.7239982363419085e+09,"_runtime":36.604052047,"_step":0,"MSE":0.011513315003891784,"MAE":1.3328397777543346e+65,"L2RE":0.9909295450411172}