{"_wandb":{"runtime":2},"_timestamp":1.7239973308878725e+09,"_step":0,"MSE":0.006629152321076313,"_runtime":1.407638836,"iterations":50,"L2RE":0.7519199068779597,"max_APE":1.2329122020169499e+69,"MAE":9.671716335608537e+65,"initialization_method":"Glorot normal","activation_function":"Sigmoid"}