{"L2RE":1.0807411475504318,"_runtime":1.1922320499999999,"max_APE":1.7801055421765274e+69,"iterations":100,"_timestamp":1.723300616335295e+09,"MSE":0.013694879214936392,"_wandb":{"runtime":1},"MAE":1.3705020297918788e+66,"initialization_method":"Glorot normal","_step":0,"activation_function":"Sigmoid"}