{"MSE":0.02800449083686678,"_runtime":2.478622467,"_wandb":{"runtime":3},"activation_function":"Mish","_step":1,"MAE":4.364009488496405e+65,"L2RE":1.5454552144942943,"weighted_array":[0.25,0.25,0.25,0.25],"initialization_method":"He normal","max_APE":6.023976963880395e+68,"weighted_score":0.10165950765117392,"iterations":175,"_timestamp":1.7242396380968256e+09}