{"_runtime":35.514142677,"_wandb":{"runtime":35},"_step":0,"MSE":0.011070536645777198,"MAE":3.969694187562158e+65,"L2RE":0.9716881819123885,"max_APE":8.58909656967409e+68,"_timestamp":1.7239971960506828e+09}