{"_step":0,"MSE":0.008014144069218793,"MAE":9.211375666040838e+65,"L2RE":0.8267441993237612,"max_APE":2.047224855573334e+69,"_timestamp":1.7232922589363537e+09,"_runtime":368.752449335,"_wandb":{"runtime":369}}