{"iterations":500,"_timestamp":1.7233034142499945e+09,"_runtime":1.291719304,"activation_function":"APTx","initialization_method":"Glorot normal","MAE":1.4443421119948415e+66,"MSE":0.09364335664600458,"_step":0,"max_APE":2.828488863449199e+69,"L2RE":2.8260579953790423,"_wandb":{"runtime":1}}