{"_timestamp":1.7242392111704514e+09,"_step":1,"activation_function":"SELU","MAE":8.45026374123726e+65,"L2RE":0.6330538557156712,"weighted_array":[0.25,0.25,0.25,0.25],"_runtime":5.450724672,"weighted_score":0.10078836061403947,"_wandb":{"runtime":6},"initialization_method":"Glorot normal","iterations":25,"max_APE":1.4073144002966624e+69,"MSE":0.004698899420006574}