{"L2RE":1.8888646012216195,"activation_function":"APTx","iterations":400,"_runtime":1.191221798,"max_APE":4.838784597383686e+68,"MAE":3.323937066326494e+65,"_timestamp":1.7242388840163724e+09,"initialization_method":"He normal","MSE":0.04183275700077686,"_step":0,"_wandb":{"runtime":1}}