{"_runtime":36.193919003,"_step":0,"MSE":0.0038207538728147234,"_wandb":{"runtime":36},"MAE":2.1784833950354948e+65,"L2RE":0.5708435716252277,"max_APE":3.991074200372521e+68,"_timestamp":1.7240680884324543e+09}