{"max_APE":2.8707222376775574e+69,"_timestamp":1.7243457456420338e+09,"_runtime":1.5548437179999999,"_step":0,"initialization_method":"Glorot normal","MAE":2.2492268105160765e+66,"iterations":7,"activation_function":"Sigmoid","L2RE":2.1939863343532657,"MSE":0.05643943647237961,"_wandb":{"runtime":2}}