{"activation_function":"APTx","iterations":150,"MSE":0.07832895383120769,"initialization_method":"Glorot normal","_wandb":{"runtime":2},"MAE":1.1073149898649808e+66,"L2RE":2.584661934405047,"_runtime":1.280774342,"max_APE":2.1098731964966176e+69,"_step":0,"_timestamp":1.7233031671937623e+09}