{"_step":1,"_runtime":2.442598625,"max_APE":2.8329032302244797e+67,"activation_function":"Swish","MAE":1.5871114741853598e+64,"weighted_array":[0.25,0.25,0.25,0.25],"weighted_score":0.09467104003004584,"initialization_method":"He normal","iterations":1,"_wandb":{"runtime":3},"_timestamp":1.7244048928763545e+09,"L2RE":0.9890663712015482,"MSE":0.01147006038351851}