{"_wandb":{"runtime":29},"max_APE":1.7801055421765274e+69,"_timestamp":1.7233006125487456e+09,"_runtime":29.532112965,"_step":0,"MSE":0.013694879214936392,"MAE":1.3705020297918788e+66,"L2RE":1.0807411475504318}