{"_wandb":{"runtime":3},"_step":1,"initialization_method":"Glorot normal","iterations":400,"_timestamp":1.7240018665760994e+09,"max_APE":8.138334067089996e+68,"weighted_array":[0.25,0.25,0.25,0.25],"MAE":3.827034520374988e+65,"L2RE":0.9478686039705024,"_runtime":2.336740213,"MSE":0.0105344316444706,"weighted_score":0.18282314595568483,"activation_function":"SELU"}