{"MSE":0.006004098023102669,"MAE":1.6052485179463235e+66,"L2RE":0.7155936378500818,"max_APE":2.5221621417741398e+69,"_timestamp":1.7233623331756134e+09,"_runtime":33.164566839,"_step":0,"_wandb":{"runtime":33}}