{"_timestamp":1.7243457413422248e+09,"_runtime":35.977548175,"_step":0,"MSE":0.05643943647237961,"MAE":2.2492268105160765e+66,"L2RE":2.1939863343532657,"_wandb":{"runtime":36},"max_APE":2.8707222376775574e+69}