{"_wandb":{"runtime":36},"_timestamp":1.7240671937227836e+09,"_runtime":35.634289006,"_step":0,"MSE":0.09059543295332931,"MAE":1.5099813449435245e+66,"L2RE":2.77968597706049,"max_APE":1.921074883866106e+69}