{"_wandb":{"runtime":34},"max_APE":2.2774737160931624e+68,"_timestamp":1.7240265167203999e+09,"_runtime":33.939108671,"_step":0,"MSE":0.012789403743321444,"MAE":9.261375730321778e+64,"L2RE":1.0444020908023313}