{"activation_function":"GELU","MAE":2.288606660963791e+65,"max_APE":3.8184107801525346e+68,"_timestamp":1.724344782054404e+09,"_step":0,"_runtime":1.210508008,"iterations":3,"MSE":0.03601653556785414,"_wandb":{"runtime":1},"initialization_method":"He normal","L2RE":1.7526433590160473}