{"max_APE":8.275274617106667e+68,"_wandb":{"runtime":30},"_timestamp":1.7242367419622433e+09,"_runtime":30.051920543,"_step":0,"MSE":0.008246393017834665,"MAE":4.274475912592483e+65,"L2RE":0.8386381182804508}