{"_runtime":32.964643669,"_step":0,"MSE":0.01939450694025508,"MAE":2.0577287883947356e+65,"_wandb":{"runtime":33},"L2RE":1.2861213725695455,"max_APE":4.461655627568223e+68,"_timestamp":1.72402996164398e+09}