{"max_APE":1.8665696721898256e+69,"_timestamp":1.7235682859783273e+09,"_runtime":35.183344719,"_step":0,"_wandb":{"runtime":36},"MSE":0.022658564538286272,"MAE":1.1283995761096266e+66,"L2RE":1.3901407692787002}