{"activation_function":"SiLU","_step":0,"_timestamp":1.7239982841427617e+09,"initialization_method":"He normal","_wandb":{"runtime":2},"L2RE":0.9887652321089153,"_runtime":2.067632722,"MAE":1.2906536453587044e+65,"iterations":500,"max_APE":2.145085333266889e+68,"MSE":0.011463076913353354}