{"_wandb":{"runtime":2043},"MSE":0.007019890865512264,"MAE":8.512107973418996e+65,"L2RE":0.7737626531003795,"max_APE":1.656872943286518e+69,"_timestamp":1.7231998573002582e+09,"_runtime":2043.174677,"_step":0}