{"iterations":250,"_runtime":1.25730547,"MSE":0.04183275700077686,"_wandb":{"runtime":1},"L2RE":1.8888646012216195,"MAE":3.323937066326494e+65,"_step":0,"activation_function":"APTx","initialization_method":"Glorot normal","max_APE":4.838784597383686e+68,"_timestamp":1.7242382643849993e+09}