{"MSE":0.012755188945604044,"_wandb":{"runtime":98},"MAE":1.574750964667379e+66,"L2RE":1.04300413909466,"max_APE":2.2056080076747963e+69,"_timestamp":1.7235702020706348e+09,"_runtime":98.347247595,"_step":0}