{"iterations":10,"MAE":1.4218833827512663e+65,"MSE":0.037413443533896626,"_step":1,"weighted_array":[0.25,0.25,0.25,0.25],"max_APE":3.0644256790733366e+68,"_runtime":4.464924334,"weighted_score":0.1193740535222172,"activation_function":"APTx","_timestamp":1.7243527516736917e+09,"initialization_method":"Glorot normal","_wandb":{"runtime":5},"L2RE":1.7863083363702963}