{"_runtime":3.479007638,"activation_function":"SiLU","weighted_array":[0.25,0.25,0.25,0.25],"_wandb":{"runtime":4},"weighted_score":0.1285172508772952,"max_APE":7.793419365381578e+68,"initialization_method":"He normal","MAE":5.669995942665947e+65,"MSE":0.034972626448801045,"_step":1,"_timestamp":1.724239346928693e+09,"L2RE":1.727057147101507,"iterations":50}