{"MAE":5.669995942665947e+65,"weighted_score":0.1285172508772952,"initialization_method":"He normal","_wandb":{"runtime":3},"max_APE":7.793419365381578e+68,"iterations":50,"_step":1,"_runtime":3.379258254,"L2RE":1.727057147101507,"activation_function":"Swish","_timestamp":1.7242394778769376e+09,"MSE":0.034972626448801045,"weighted_array":[0.25,0.25,0.25,0.25]}