{"initialization_method":"He normal","MAE":9.193078454494602e+64,"_wandb":{"runtime":4},"_runtime":3.068116586,"weighted_score":0,"weighted_array":[0.25,0.25,0.25,0.25],"L2RE":0.4565658624643288,"_timestamp":1.7243502964837275e+09,"max_APE":1.387272866541234e+68,"MSE":0.0024441153841030226,"_step":1,"iterations":7,"activation_function":"ELU"}