{"_wandb":{"runtime":43},"MAE":1.9833143727496224e+65,"L2RE":0.576543494133038,"max_APE":3.7964128753557527e+68,"_timestamp":1.7240683550732582e+09,"_runtime":42.535941502,"_step":0,"MSE":0.0038974359261741095}