{"iterations":50,"_timestamp":1.7242396794694862e+09,"_runtime":2.446546666,"weighted_array":[0.25,0.25,0.25,0.25],"activation_function":"Softplus","MSE":0.4118363173112845,"L2RE":5.926590282741275,"initialization_method":"Glorot normal","weighted_score":0.9999999999343518,"MAE":4.780666084904372e+66,"_wandb":{"runtime":3},"max_APE":6.197633245284772e+69,"_step":1}