{"_runtime":2.362374004,"weighted_score":0.09483364299212983,"MAE":9.466909053478021e+64,"iterations":50,"weighted_array":[0.25,0.25,0.25,0.25],"_step":1,"L2RE":1.0823994132073955,"max_APE":1.3935351891631668e+68,"activation_function":"Sigmoid","initialization_method":"Glorot normal","_timestamp":1.7240453362625537e+09,"_wandb":{"runtime":3},"MSE":0.013736937705262128}