{"MSE":0.0021077842378115024,"_wandb":{"runtime":1699},"MAE":2.5812196236241856e+64,"L2RE":0.4239900452217743,"max_APE":4.0613340251362955e+67,"_timestamp":1.7239957742095716e+09,"_runtime":1699.395540088,"_step":0}