{"_step":0,"initialization_method":"Glorot normal","MAE":1.1620415947659637e+65,"max_APE":1.7206753065511447e+68,"activation_function":"APTx","_timestamp":1.7243583980450912e+09,"iterations":3,"MSE":0.03065324857643442,"L2RE":1.6168913485311258,"_runtime":2.736398461,"_wandb":{"runtime":3}}