{"_runtime":2.348196554,"weighted_score":0.2746802440096313,"iterations":350,"MSE":0.02838109724077375,"_wandb":{"runtime":3},"MAE":3.985010122855763e+65,"max_APE":5.962164288464121e+68,"L2RE":1.555812206742018,"activation_function":"sin","weighted_array":[0.25,0.25,0.25,0.25],"_timestamp":1.7240020325325773e+09,"initialization_method":"Glorot normal","_step":1}