{"initialization_method":"Glorot normal","_wandb":{"runtime":1},"iterations":15,"L2RE":2.1939863343532657,"MAE":2.2492268105160765e+66,"max_APE":2.8707222376775574e+69,"_timestamp":1.7243458288185856e+09,"_step":0,"_runtime":1.287058965,"activation_function":"Sigmoid","MSE":0.05643943647237961}