{"_runtime":2.835031929,"MAE":9.617310420311646e+65,"weighted_array":[0.25,0.25,0.25,0.25],"weighted_score":0.07501934583150816,"activation_function":"SiLU","L2RE":0.7964404767558876,"_wandb":{"runtime":3},"_step":1,"_timestamp":1.723444211309776e+09,"iterations":100,"max_APE":1.8367912931154196e+69,"MSE":0.007437405829102103,"initialization_method":"He normal"}