{"_runtime":1.628692888,"MSE":0.02260332901705805,"max_APE":4.0360149464657366e+68,"_step":0,"_wandb":{"runtime":2},"activation_function":"Mish","MAE":3.005237873851247e+65,"_timestamp":1.7243473181512022e+09,"initialization_method":"He normal","L2RE":1.388445339667925,"iterations":10}