{"max_APE":1.410126230349896e+68,"_timestamp":1.7242305436550925e+09,"_runtime":36.781088299,"_step":0,"MSE":0.002495598654340934,"MAE":1.1052501318670818e+65,"_wandb":{"runtime":37},"L2RE":0.4613493946960407}