{"MSE":0.037413443533896626,"L2RE":1.7863083363702963,"_step":1,"activation_function":"APTx","weighted_array":[0.25,0.25,0.25,0.25],"max_APE":3.0644256790733366e+68,"weighted_score":0.1193740535222172,"MAE":1.4218833827512663e+65,"_wandb":{"runtime":5},"_timestamp":1.7243527816628451e+09,"initialization_method":"He normal","_runtime":4.707269376,"iterations":5}