{"_step":0,"MSE":0.02165759737237453,"MAE":2.9529500039280696e+65,"L2RE":1.3590884496096958,"max_APE":6.200095774205817e+68,"_timestamp":1.7240868575709043e+09,"_runtime":40.28185376,"_wandb":{"runtime":40}}