{"MAE":1.4218833827512665e+65,"iterations":25,"_step":0,"MSE":0.037413443533896626,"_wandb":{"runtime":1},"activation_function":"APTx","initialization_method":"Glorot normal","_timestamp":1.7242760224390187e+09,"L2RE":1.7863083363702963,"max_APE":3.0644256790733366e+68,"_runtime":1.331244176}