{"MSE":0.04270725067587338,"_wandb":{"runtime":33},"MAE":4.155014334974775e+65,"L2RE":1.9085053900455407,"max_APE":5.647375368954981e+68,"_timestamp":1.7242323615826485e+09,"_runtime":32.783309918,"_step":0}