{"L2RE":2.440596712850833,"iterations":100,"activation_function":"APTx","_timestamp":1.7233034542985625e+09,"_wandb":{"runtime":3},"_runtime":1.758923544,"MAE":9.87809942194596e+65,"initialization_method":"He normal","max_APE":1.8576398189101854e+69,"_step":0,"MSE":0.06984042547982874}