{"_runtime":1.347200052,"_step":0,"L2RE":2.11985586791354,"MAE":8.823810351023758e+65,"activation_function":"ReLu","MSE":0.05268991521509512,"initialization_method":"He normal","_wandb":{"runtime":2},"max_APE":1.8238298011518975e+69,"iterations":125,"_timestamp":1.7240251179679935e+09}