{"_timestamp":1.7242395394065046e+09,"max_APE":8.275274617106667e+68,"MSE":0.008246393017834665,"_wandb":{"runtime":4},"weighted_score":0.06607352429952101,"_runtime":3.437952421,"initialization_method":"Glorot normal","_step":1,"activation_function":"tanh","L2RE":0.8386381182804508,"iterations":25,"MAE":4.2744759125924835e+65,"weighted_array":[0.25,0.25,0.25,0.25]}