{"max_APE":2.3694723337620456e+69,"_timestamp":1.7233008748397672e+09,"_runtime":29.350731753,"_step":0,"_wandb":{"runtime":29},"MSE":0.028080556796581498,"MAE":1.8348499946266624e+66,"L2RE":1.5475526783629692}