{"MAE":5.740920337900272e+63,"L2RE":0.5764349653867861,"max_APE":1.157122702401857e+67,"_timestamp":1.724073047124729e+09,"_wandb":{"runtime":1508},"_runtime":1508.337290173,"_step":0,"MSE":0.0038959687549106844}