{"_timestamp":1.723443529598e+09,"_runtime":38.625254335,"_step":0,"MSE":0.02464520568214952,"MAE":1.7807855437340952e+66,"L2RE":1.44980237632247,"_wandb":{"runtime":39},"max_APE":3.092843593617755e+69}