{"MSE":0.034972626448801045,"_runtime":1.377060887,"initialization_method":"He normal","_timestamp":1.7242350242721198e+09,"_wandb":{"runtime":3},"iterations":750,"L2RE":1.727057147101507,"MAE":5.669995942665946e+65,"_step":0,"activation_function":"SiLU","max_APE":7.793419365381578e+68}