{"L2RE":1.4440228122359777,"max_APE":5.293780334143051e+68,"_wandb":{"runtime":33},"_timestamp":1.7242748232237787e+09,"_runtime":32.934753677,"_step":0,"MSE":0.02444910359824417,"MAE":3.9320035438791094e+65}