{"L2RE":1.3601698542712002,"weighted_score":0.20391798233552255,"_runtime":2.307025297,"activation_function":"APTx","weighted_array":[0.25,0.25,0.25,0.25],"_wandb":{"runtime":2},"_timestamp":1.724045760879797e+09,"initialization_method":"Glorot normal","_step":1,"MSE":0.02169207628280725,"max_APE":4.563403054780774e+68,"MAE":2.142114791779584e+65,"iterations":400}