{"max_APE":1.5985580242104202e+69,"_wandb":{"runtime":34},"_timestamp":1.7233018708970776e+09,"_runtime":34.407561298,"_step":0,"MSE":0.013536780932107258,"MAE":8.013270285600955e+65,"L2RE":1.0744848195496246}