{"_wandb":{"runtime":33},"max_APE":1.2466640784557908e+69,"_timestamp":1.7239975303208396e+09,"_runtime":33.062234137,"_step":0,"MSE":0.007033146702186604,"MAE":9.794557008167036e+65,"L2RE":0.774492866293136}