{"_wandb":{"runtime":2},"MSE":0.04183275700077686,"max_APE":4.838784597383686e+68,"weighted_score":0.11535394529871053,"weighted_array":[0.25,0.25,0.25,0.25],"initialization_method":"He normal","iterations":300,"MAE":3.3239370663264945e+65,"L2RE":1.8888646012216197,"_timestamp":1.7242398443115149e+09,"activation_function":"APTx","_step":1,"_runtime":2.341001882}