{"_timestamp":1.7240282460445626e+09,"_runtime":32.133930347,"_step":0,"MSE":0.023175318688638404,"MAE":3.7913146656274384e+65,"_wandb":{"runtime":32},"L2RE":1.4059032705022916,"max_APE":8.735482417528747e+68}