{"iterations":250,"max_APE":6.674886371555458e+68,"weighted_score":0.15523187255717125,"_timestamp":1.7240690951425645e+09,"_step":1,"weighted_array":[0.25,0.25,0.25,0.25],"_wandb":{"runtime":3},"MSE":0.009350002429313407,"L2RE":0.8929938040827885,"MAE":2.8268332926396576e+65,"activation_function":"APTx","initialization_method":"He normal","_runtime":2.609801886}