{"initialization_method":"Glorot normal","iterations":75,"MSE":0.008246393017834665,"MAE":4.274475912592483e+65,"max_APE":8.275274617106667e+68,"activation_function":"tanh","L2RE":0.8386381182804508,"_wandb":{"runtime":1},"_timestamp":1.724236311969412e+09,"_runtime":1.177768844,"_step":0}