{"MAE":1.4467896767720195e+65,"L2RE":1.2474419916443444,"max_APE":2.1549400583974082e+68,"_timestamp":1.724177954075966e+09,"_runtime":33.081528589,"_step":0,"MSE":0.01824549083144791,"_wandb":{"runtime":33}}