{"_step":0,"MSE":0.0024441153841030226,"_wandb":{"runtime":35},"MAE":9.193078454494602e+64,"L2RE":0.4565658624643288,"max_APE":1.387272866541234e+68,"_timestamp":1.724272536575537e+09,"_runtime":35.287767215}