{"max_APE":1.6803213323888633e+69,"_runtime":1.199222798,"_wandb":{"runtime":1},"L2RE":1.1952160201243947,"MSE":0.01674972355681496,"_step":0,"activation_function":"sin","MAE":6.764784899504498e+65,"initialization_method":"Glorot normal","_timestamp":1.723568247719531e+09,"iterations":150}