{"MAE":2.2625458078734714e+65,"L2RE":0.6201008340396951,"max_APE":2.98404710280414e+68,"_timestamp":1.7239996706735723e+09,"_wandb":{"runtime":30},"_runtime":30.044219211,"_step":0,"MSE":0.004508576711961372}