{"_step":1,"weighted_score":0.42414406159707546,"L2RE":2.1939863343532657,"_timestamp":1.7242764729037993e+09,"_wandb":{"runtime":4},"weighted_array":[0.25,0.25,0.25,0.25],"MSE":0.05643943647237961,"iterations":15,"initialization_method":"Glorot normal","MAE":2.2492268105160765e+66,"activation_function":"Sigmoid","_runtime":3.779290343,"max_APE":2.8707222376775574e+69}