{"L2RE":0.43297235182485544,"max_APE":1.890445112938355e+68,"_timestamp":1.7239889459359946e+09,"_runtime":607.600979594,"_step":0,"_wandb":{"runtime":608},"MSE":0.002198037825265363,"MAE":7.889651398498245e+64}