{"MSE":0.37191701920317133,"MAE":4.418471185111663e+66,"L2RE":5.632038435733648,"max_APE":5.9132125106236016e+69,"_timestamp":1.7233030419928002e+09,"_runtime":36.228852923,"_step":0,"_wandb":{"runtime":36}}