{"initialization_method":"He normal","MSE":0.02800449083686678,"weighted_score":0.10165950765117392,"weighted_array":[0.25,0.25,0.25,0.25],"_timestamp":1.7242396703661397e+09,"activation_function":"Mish","_wandb":{"runtime":3},"iterations":1000,"MAE":4.364009488496405e+65,"_step":1,"L2RE":1.5454552144942943,"max_APE":6.023976963880395e+68,"_runtime":2.437829051}