{"_runtime":34.608658468,"_step":0,"MSE":0.011578949861030273,"MAE":7.905036460388165e+64,"L2RE":0.9937500658210323,"_wandb":{"runtime":35},"max_APE":1.722583990158674e+68,"_timestamp":1.7240267667242322e+09}