{"max_APE":2.7393281459808353e+39,"_runtime":3565.623776,"_step":0,"_wandb":{"runtime":3566},"_timestamp":1.7202876273394039e+09,"MSE":0.0037233633430137545,"MAE":8.256291684544347e+37,"L2RE":0.15312737748183872}