{"_step":1,"_timestamp":1.7233624844096143e+09,"initialization_method":"He normal","MAE":1.1041536183649106e+66,"activation_function":"Swish","MSE":0.005380314739916928,"weighted_score":0.057037271099370526,"weighted_array":[0.25,0.25,0.25,0.25],"iterations":200,"max_APE":1.9868003013650863e+69,"_wandb":{"runtime":2},"L2RE":0.6774019222908066,"_runtime":2.358063923}