{"L2RE":5.926590282741275,"activation_function":"Softplus","MAE":4.780666084904372e+66,"_step":0,"_wandb":{"runtime":1},"max_APE":6.197633245284772e+69,"_timestamp":1.7242377981210332e+09,"MSE":0.4118363173112845,"initialization_method":"Glorot normal","iterations":400,"_runtime":1.208380421}