{"MSE":0.02444910359824417,"iterations":15,"initialization_method":"He normal","_timestamp":1.7243467181469963e+09,"_wandb":{"runtime":1},"MAE":3.9320035438791094e+65,"_step":0,"_runtime":1.233833543,"activation_function":"Swish","L2RE":1.4440228122359777,"max_APE":5.293780334143051e+68}