{"MSE":0.017315272706696846,"_runtime":1.21553855,"L2RE":1.2152265565750666,"MAE":1.511046133184653e+65,"max_APE":2.5122762012018637e+68,"initialization_method":"He normal","iterations":250,"_wandb":{"runtime":1},"activation_function":"Mish","_step":0,"_timestamp":1.7240000433740594e+09}