{"_timestamp":1.7235703081075864e+09,"MAE":1.8597232593854184e+66,"iterations":75,"weighted_score":0.8442280948516778,"L2RE":1.2461013711655071,"initialization_method":"Glorot normal","weighted_array":[0.25,0.25,0.25,0.25],"MSE":0.018206295205292433,"activation_function":"tanh","max_APE":2.530850405836796e+69,"_wandb":{"runtime":4},"_step":1,"_runtime":4.186632463}