{"MAE":1.1853644717611464e+66,"_step":0,"activation_function":"APTx","initialization_method":"Glorot normal","_runtime":1.429413875,"iterations":200,"_wandb":{"runtime":2},"_timestamp":1.7233032079985807e+09,"max_APE":2.2694617188159286e+69,"L2RE":2.689158566024318,"MSE":0.08479058951231262}