{"activation_function":"sin","initialization_method":"Glorot normal","L2RE":1.1561879894496223,"iterations":75,"max_APE":1.137570413925212e+69,"_step":0,"_runtime":1.359993088,"MAE":5.432439844354207e+65,"_wandb":{"runtime":2},"_timestamp":1.7242351887392955e+09,"MSE":0.015673707568259598}