{"_wandb":{"runtime":2},"max_APE":4.838784597383686e+68,"activation_function":"APTx","L2RE":1.8888646012216195,"_runtime":1.5367751680000001,"initialization_method":"He normal","_step":0,"iterations":750,"MAE":3.323937066326494e+65,"_timestamp":1.724238961978269e+09,"MSE":0.04183275700077686}