{"_step":0,"_wandb":{"runtime":34},"MSE":0.026116004280037464,"MAE":1.131844336164235e+66,"L2RE":1.4924368004009414,"max_APE":2.2351209368688117e+69,"_timestamp":1.72402561222655e+09,"_runtime":34.228084628}