{"max_APE":2.664033308082899e+69,"MSE":0.07436735711999912,"iterations":3,"MAE":2.020739040682361e+66,"initialization_method":"Glorot normal","_wandb":{"runtime":1},"L2RE":2.5184524621904645,"_runtime":1.291795596,"_step":0,"_timestamp":1.7244044993496027e+09,"activation_function":"Softplus"}