{"_wandb":{"runtime":37},"MSE":0.009350002429313409,"MAE":2.8268332926396576e+65,"L2RE":0.8929938040827885,"max_APE":6.674886371555458e+68,"_timestamp":1.7240687285900176e+09,"_runtime":37.450733216,"_step":0}