{"iterations":25,"weighted_array":[0.25,0.25,0.25,0.25],"_wandb":{"runtime":5},"activation_function":"SiLU","MAE":5.669995942665947e+65,"MSE":0.034972626448801045,"initialization_method":"He normal","weighted_score":0.1285172508772952,"max_APE":7.793419365381578e+68,"_timestamp":1.724239342402963e+09,"_step":1,"_runtime":4.454163677,"L2RE":1.727057147101507}