{"MSE":0.01564664871761363,"weighted_array":[0.25,0.25,0.25,0.25],"_timestamp":1.72400182421966e+09,"initialization_method":"Glorot normal","_runtime":2.404666389,"weighted_score":0.26011290699312795,"iterations":75,"max_APE":1.1715376951468563e+69,"_step":1,"_wandb":{"runtime":3},"MAE":4.873437868883524e+65,"activation_function":"SELU","L2RE":1.1551895456482777}