{"MAE":3.852947916391969e+65,"L2RE":0.528618581417117,"_wandb":{"runtime":33},"max_APE":6.782811134723052e+68,"_timestamp":1.724346889093958e+09,"_runtime":33.410716845,"_step":0,"MSE":0.003276420860117474}