{"_wandb":{"runtime":34},"_step":0,"MSE":0.4118363173112845,"MAE":4.780666084904372e+66,"L2RE":5.926590282741275,"max_APE":6.197633245284772e+69,"_timestamp":1.7242376277758837e+09,"_runtime":33.584717175}