{"MAE":3.852947916391969e+65,"L2RE":0.528618581417117,"max_APE":6.782811134723052e+68,"_timestamp":1.7242749464734764e+09,"_runtime":30.466687095,"_step":0,"_wandb":{"runtime":30},"MSE":0.003276420860117474}