{"_timestamp":1.723444253194061e+09,"iterations":200,"_step":1,"initialization_method":"Glorot normal","_wandb":{"runtime":4},"MSE":0.014319788069554034,"MAE":2.400845017237482e+66,"weighted_score":0.7544464330874618,"max_APE":3.4358783190793036e+69,"_runtime":3.844679754,"L2RE":1.105123665180706,"activation_function":"sin","weighted_array":[0.25,0.25,0.25,0.25]}