{"MSE":0.024203251493809058,"MAE":1.9110699220510498e+66,"L2RE":1.4367441600255806,"max_APE":3.206525012975914e+69,"_wandb":{"runtime":31},"_timestamp":1.7233618953912191e+09,"_runtime":31.355166637,"_step":0}