{"_step":0,"MSE":0.01674972355681496,"MAE":6.764784899504498e+65,"_wandb":{"runtime":35},"L2RE":1.1952160201243947,"max_APE":1.6803213323888633e+69,"_timestamp":1.723568243458192e+09,"_runtime":35.147178255}