{"L2RE":0.7292629056128508,"max_APE":1.6281524321470887e+69,"_timestamp":1.7235680709483914e+09,"_runtime":1276.100049425,"_step":0,"_wandb":{"runtime":1276},"MSE":0.006235669365094452,"MAE":8.458400325944556e+65}