{"MSE":0.04058028515810883,"MAE":4.161969567291337e+65,"L2RE":1.8603734417552653,"max_APE":1.0251459499123222e+69,"_wandb":{"runtime":33},"_timestamp":1.724027422248623e+09,"_runtime":33.45135334,"_step":0}