{"MSE":0.029708992363625383,"MAE":2.444657559487873e+65,"L2RE":1.5917928324392245,"_wandb":{"runtime":33},"max_APE":5.098143230007739e+68,"_timestamp":1.7240302015387173e+09,"_runtime":32.746171543,"_step":0}