{"MSE":0.011463076913353354,"initialization_method":"He normal","_runtime":1.135758842,"L2RE":0.9887652321089153,"activation_function":"Swish","MAE":1.2906536453587044e+65,"_wandb":{"runtime":1},"max_APE":2.145085333266889e+68,"_timestamp":1.724177721424953e+09,"iterations":500,"_step":0}