{"MAE":1.026344335179818e+66,"L2RE":0.7306787451624153,"_runtime":6.549154584,"max_APE":1.8895161739289412e+69,"activation_function":"SiLU","weighted_score":0.05752176009754574,"initialization_method":"He normal","_wandb":{"runtime":7},"iterations":150,"MSE":0.0062599055563421395,"_timestamp":1.7234442160748641e+09,"weighted_array":[0.25,0.25,0.25,0.25],"_step":1}