{"_step":0,"MSE":0.003276420860117474,"MAE":3.852947916391969e+65,"_wandb":{"runtime":30},"L2RE":0.528618581417117,"max_APE":6.782811134723052e+68,"_timestamp":1.7242750318648615e+09,"_runtime":30.281634051}