{"_wandb":{"runtime":38},"_runtime":37.90729059,"_step":0,"MSE":0.013639081250417878,"MAE":8.370476767129281e+65,"L2RE":1.0785372323129376,"max_APE":1.6651039231578789e+69,"_timestamp":1.7233019622554953e+09}