{"iterations":150,"_step":1,"_runtime":2.4658132520000002,"weighted_score":0.10078836061403947,"weighted_array":[0.25,0.25,0.25,0.25],"initialization_method":"Glorot normal","L2RE":0.6330538557156712,"activation_function":"SELU","MSE":0.004698899420006574,"max_APE":1.4073144002966624e+69,"_timestamp":1.7242392338885987e+09,"_wandb":{"runtime":3},"MAE":8.45026374123726e+65}