{"activation_function":"Mish","_timestamp":1.7241655918649843e+09,"_runtime":1.252275376,"_step":0,"L2RE":0.9917089063616873,"max_APE":4.049196607277958e+68,"_wandb":{"runtime":1},"MAE":1.8785646993794806e+65,"MSE":0.011531432459474574,"initialization_method":"He normal","iterations":750}