{"_runtime":30.963890216,"_step":0,"MSE":0.008246393017834665,"_wandb":{"runtime":31},"MAE":4.274475912592483e+65,"L2RE":0.8386381182804508,"max_APE":8.275274617106667e+68,"_timestamp":1.7242366656123075e+09}