{"activation_function":"SiLU","MSE":0.011463076913353354,"_wandb":{"runtime":3},"iterations":500,"weighted_score":0.5677529083388477,"weighted_array":[0.25,0.25,0.25,0.25],"_runtime":2.960980586,"L2RE":0.9887652321089152,"max_APE":2.145085333266889e+68,"MAE":1.2906536453587044e+65,"initialization_method":"He normal","_step":1,"_timestamp":1.7241780086472316e+09}