{"_wandb":{"runtime":37},"L2RE":0.7306787451624153,"max_APE":1.889516173928941e+69,"_timestamp":1.7234438978284786e+09,"_runtime":35.827426923,"_step":0,"MSE":0.0062599055563421395,"MAE":1.026344335179818e+66}