{"_wandb":{"runtime":1},"_runtime":1.247728458,"MSE":0.02800449083686678,"_step":0,"iterations":500,"MAE":4.364009488496405e+65,"activation_function":"Mish","max_APE":6.023976963880395e+68,"_timestamp":1.7242372489578726e+09,"initialization_method":"He normal","L2RE":1.5454552144942943}