{"activation_function":"tanh","iterations":10,"_step":1,"MSE":0.003276420860117474,"initialization_method":"Glorot normal","max_APE":6.782811134723052e+68,"_wandb":{"runtime":4},"_runtime":3.289698626,"L2RE":0.528618581417117,"weighted_score":0.05082668537901392,"MAE":3.8529479163919694e+65,"_timestamp":1.724276604116576e+09,"weighted_array":[0.25,0.25,0.25,0.25]}