{"MAE":1.4283806890215682e+65,"_wandb":{"runtime":1},"max_APE":2.7698574855460837e+68,"L2RE":0.9796882496955488,"activation_function":"SiLU","_runtime":1.247918213,"initialization_method":"He normal","MSE":0.011253578140908285,"iterations":50,"_timestamp":1.7239978140574253e+09,"_step":0}