{"MSE":0.2755654344241879,"MAE":3.991036138653676e+66,"L2RE":4.8479145265507615,"max_APE":5.106414610320549e+69,"_timestamp":1.7242755598237348e+09,"_runtime":36.538199879,"_wandb":{"runtime":37},"_step":0}