{"_wandb":{"runtime":5},"MSE":0.029279512289286023,"weighted_score":0.24465931172989533,"initialization_method":"He normal","_step":1,"MAE":1.9897468376782742e+65,"L2RE":1.580245284077452,"activation_function":"GELU","iterations":50,"weighted_array":[0.25,0.25,0.25,0.25],"_runtime":5.358984542,"_timestamp":1.7240451786114593e+09,"max_APE":4.007894951284013e+68}