{"_runtime":1.266267092,"_timestamp":1.724350070147674e+09,"initialization_method":"He normal","L2RE":1.7863083363702963,"_wandb":{"runtime":3},"MAE":1.4218833827512665e+65,"_step":0,"activation_function":"APTx","max_APE":3.0644256790733366e+68,"iterations":5,"MSE":0.037413443533896626}