{"MAE":3.049381990466621e+65,"L2RE":1.9184227072939741,"max_APE":4.2531452888096007e+68,"_timestamp":1.724001185866826e+09,"_runtime":30.889119593,"_wandb":{"runtime":31},"_step":0,"MSE":0.04315224998964526}