{"MSE":0.002495598654340934,"MAE":1.1052501318670818e+65,"L2RE":0.4613493946960407,"_wandb":{"runtime":32},"max_APE":1.410126230349896e+68,"_timestamp":1.72423183738781e+09,"_runtime":31.706979842,"_step":0}