{"_runtime":30.023970218,"_step":0,"_wandb":{"runtime":30},"MSE":0.013037145917459693,"MAE":7.15604372939532e+65,"L2RE":1.0544690737057738,"max_APE":1.7024737892099782e+69,"_timestamp":1.7233012178216016e+09}