{"_wandb":{"runtime":3017},"max_APE":1.230173432129592e+46,"_timestamp":1.7197554690602074e+09,"MSE":0.005587461792282661,"MAE":5.325429338504384e+43,"L2RE":0.15844663078167393,"_runtime":3016.616251,"_step":0}