{"activation_function":"ReLu","iterations":100,"_wandb":{"runtime":1},"MSE":0.048781966216754576,"initialization_method":"He normal","_timestamp":1.7242329289249332e+09,"_step":0,"L2RE":2.039727890407325,"max_APE":3.7391171184225726e+68,"_runtime":1.344526375,"MAE":2.930377721721396e+65}