{"_wandb":{"runtime":3491},"L2RE":0.18650367761100065,"max_APE":5.686217546463013e+39,"_timestamp":1.7204722475127547e+09,"MSE":0.005523374992083612,"MAE":9.590951393156568e+37,"_runtime":3490.681345,"_step":0}