{"weighted_array":[0.25,0.25,0.25,0.25],"iterations":2,"weighted_score":0.2246593882111625,"MAE":8.80348983421692e+64,"MSE":0.02601454859822507,"L2RE":1.4895350637187834,"activation_function":"GELU","_step":1,"_timestamp":1.7243585435271094e+09,"_runtime":2.451818417,"_wandb":{"runtime":3},"max_APE":1.2511066865631496e+68,"initialization_method":"He normal"}