{"max_APE":2.731487154960633e+39,"_timestamp":1.720335421810446e+09,"MSE":0.004730548618368334,"_runtime":35171.329123,"_step":0,"_wandb":{"runtime":35171},"MAE":8.438168226571128e+37,"L2RE":0.17260003938330437}