{"_wandb":{"runtime":34},"_timestamp":1.7233025191171405e+09,"_runtime":33.793132084,"_step":0,"MSE":0.03651907892774213,"MAE":1.0915510424198884e+66,"L2RE":1.7648284305604913,"max_APE":2.2050772434859673e+69}