{"MSE":0.03691055002887616,"_wandb":{"runtime":33},"MAE":8.433808902436011e+65,"L2RE":1.7742623718566495,"max_APE":1.7471954510301033e+69,"_timestamp":1.7240253150066755e+09,"_runtime":33.179028754,"_step":0}