{"_wandb":{"runtime":231},"MSE":0.005692593554141031,"MAE":7.732056257737238e+65,"L2RE":0.6967832018617411,"max_APE":1.3686670397486918e+69,"_timestamp":1.7221983822294784e+09,"_runtime":230.585057,"_step":0}