{"L2RE":1.028469947700095,"max_APE":1.7919961512977606e+68,"_wandb":{"runtime":31},"_timestamp":1.7241776418326921e+09,"_runtime":30.89497675,"_step":0,"MSE":0.012402180405371633,"MAE":1.0460539814122243e+65}