{"MAE":2.930377721721396e+65,"max_APE":3.7391171184225726e+68,"L2RE":2.039727890407325,"_timestamp":1.7242391712062888e+09,"MSE":0.048781966216754576,"weighted_score":0.11985322990243925,"weighted_array":[0.25,0.25,0.25,0.25],"_wandb":{"runtime":4},"iterations":150,"_runtime":3.394931042,"_step":1,"activation_function":"ReLu","initialization_method":"He normal"}