{"_step":0,"MSE":0.034972626448801045,"MAE":5.669995942665946e+65,"L2RE":1.727057147101507,"max_APE":7.793419365381578e+68,"_timestamp":1.7242359073594062e+09,"_wandb":{"runtime":33},"_runtime":32.52225792}