{"_timestamp":1.7240262367981546e+09,"_runtime":32.54158325,"_step":0,"MSE":0.014409634754006395,"MAE":1.150949877398989e+65,"L2RE":1.1085851841954248,"_wandb":{"runtime":33},"max_APE":1.6324240670775288e+68}