{"_timestamp":1.7244044580926316e+09,"_runtime":29.466515757,"_step":0,"MSE":0.07436735711999912,"MAE":2.020739040682361e+66,"_wandb":{"runtime":30},"L2RE":2.5184524621904645,"max_APE":2.664033308082899e+69}