{"_timestamp":1.7242390886842802e+09,"weighted_array":[0.25,0.25,0.25,0.25],"_runtime":2.506701254,"initialization_method":"He normal","_wandb":{"runtime":3},"MSE":0.04270725067587338,"weighted_score":0.12457299223247842,"max_APE":5.647375368954981e+68,"MAE":4.1550143349747753e+65,"activation_function":"GELU","L2RE":1.9085053900455409,"iterations":75,"_step":1}