{"MSE":0.026484903806403677,"_wandb":{"runtime":1},"activation_function":"sin","initialization_method":"Glorot normal","L2RE":1.5029404864600306,"MAE":3.5352428386525038e+65,"_step":0,"_runtime":1.150909389,"max_APE":5.218563998844515e+68,"iterations":100,"_timestamp":1.7239984039175227e+09}