{"initialization_method":"Glorot normal","iterations":25,"_wandb":{"runtime":2},"_timestamp":1.7243459120052288e+09,"L2RE":2.1939863343532657,"_runtime":1.755787045,"MSE":0.05643943647237961,"max_APE":2.8707222376775574e+69,"MAE":2.2492268105160765e+66,"_step":0,"activation_function":"Sigmoid"}