{"initialization_method":"He normal","L2RE":1.6725786796221975,"max_APE":1.9883991013852292e+69,"_wandb":{"runtime":1},"MSE":0.032801065056122757,"_step":0,"iterations":150,"activation_function":"Mish","_runtime":1.239879295,"MAE":9.733512415876294e+65,"_timestamp":1.7233024362232866e+09}