{"activation_function":"Softplus","_wandb":{"runtime":1},"max_APE":5.106414610320549e+69,"_step":0,"initialization_method":"Glorot normal","_runtime":1.340985013,"MSE":0.2755654344241879,"iterations":10,"MAE":3.991036138653676e+66,"_timestamp":1.7242756085422971e+09,"L2RE":4.8479145265507615}