{"max_APE":6.023976963880395e+68,"_timestamp":1.7242372027372046e+09,"_runtime":34.352591756,"_step":0,"_wandb":{"runtime":34},"MSE":0.02800449083686678,"MAE":4.364009488496405e+65,"L2RE":1.5454552144942943}