{"_timestamp":1.724273793248801e+09,"_step":0,"L2RE":2.1939863343532657,"_runtime":1.184583672,"iterations":7,"max_APE":2.8707222376775574e+69,"_wandb":{"runtime":2},"initialization_method":"Glorot normal","MSE":0.05643943647237961,"activation_function":"Sigmoid","MAE":2.2492268105160765e+66}