{"max_APE":3.8184107801525346e+68,"_timestamp":1.7243449463056767e+09,"_runtime":35.002263876,"_wandb":{"runtime":35},"_step":0,"MSE":0.03601653556785414,"MAE":2.288606660963791e+65,"L2RE":1.7526433590160473}