{"MSE":0.008570965106243495,"iterations":75,"_timestamp":1.7233605035114224e+09,"max_APE":1.939111918537516e+69,"activation_function":"SiLU","MAE":9.95246738580529e+65,"_wandb":{"runtime":1},"_step":0,"_runtime":1.177439548,"initialization_method":"He normal","L2RE":0.8549829364408744}