{"max_APE":7.793419365381578e+68,"initialization_method":"He normal","MSE":0.034972626448801045,"_runtime":1.398304551,"_step":0,"iterations":125,"activation_function":"Swish","_wandb":{"runtime":2},"L2RE":1.727057147101507,"MAE":5.669995942665946e+65,"_timestamp":1.7242358295997336e+09}