{"_runtime":3.502808882,"_wandb":{"runtime":4},"max_APE":1.410126230349896e+68,"MSE":0.002495598654340934,"initialization_method":"He normal","activation_function":"ELU","weighted_array":[0.25,0.25,0.25,0.25],"weighted_score":0,"L2RE":0.4613493946960407,"_timestamp":1.7242390641844578e+09,"iterations":500,"MAE":1.1052501318670818e+65,"_step":1}