{"initialization_method":"He normal","_step":0,"_wandb":{"runtime":3},"L2RE":1.7531897435024808,"MSE":0.03603899529261361,"max_APE":3.6822758664556887e+68,"activation_function":"APTx","MAE":2.5916155076123444e+65,"_timestamp":1.724001607682425e+09,"_runtime":1.425723219,"iterations":400}