{"max_APE":3.2848541480592795e+68,"_timestamp":1.7239995187306256e+09,"_runtime":29.679161085,"_step":0,"_wandb":{"runtime":29},"MSE":0.005381354882852942,"MAE":2.3402731930128623e+65,"L2RE":0.6774673980861758}