{"_timestamp":1.7242735401091702e+09,"_runtime":32.835975264,"_step":0,"_wandb":{"runtime":33},"MSE":0.005703334985156818,"MAE":5.460457514207681e+65,"L2RE":0.6974402768245905,"max_APE":8.095193716508313e+68}