{"_runtime":3.485849542,"MAE":2.2492268105160765e+66,"max_APE":2.8707222376775574e+69,"weighted_array":[0.25,0.25,0.25,0.25],"iterations":3,"_timestamp":1.7242764522684433e+09,"MSE":0.05643943647237961,"_wandb":{"runtime":4},"weighted_score":0.42414406159707546,"L2RE":2.1939863343532657,"_step":1,"initialization_method":"Glorot normal","activation_function":"Sigmoid"}