{"_timestamp":1.7240863419313233e+09,"_runtime":32.900893841,"_step":0,"MSE":0.013922005681105243,"MAE":9.397549474822342e+64,"_wandb":{"runtime":33},"L2RE":1.089666218078955,"max_APE":1.2754221938651756e+68}