{"MAE":2.2492268105160765e+66,"_timestamp":1.724345787914756e+09,"_wandb":{"runtime":2},"iterations":10,"_step":0,"initialization_method":"Glorot normal","_runtime":1.414753793,"MSE":0.05643943647237961,"max_APE":2.8707222376775574e+69,"activation_function":"Sigmoid","L2RE":2.1939863343532657}