{"MSE":0.02800449083686678,"MAE":4.364009488496405e+65,"L2RE":1.5454552144942943,"max_APE":6.023976963880395e+68,"_timestamp":1.7242372449467032e+09,"_wandb":{"runtime":34},"_runtime":33.821235304,"_step":0}