{"MSE":0.02800449083686678,"MAE":4.364009488496405e+65,"L2RE":1.5454552144942943,"max_APE":6.023976963880395e+68,"_timestamp":1.7242306333961663e+09,"_runtime":37.569823007,"_step":0,"_wandb":{"runtime":38}}