{"max_APE":9.928699118350248e+67,"_timestamp":1.7241895463856328e+09,"_runtime":3238.67548742,"_step":0,"_wandb":{"runtime":3239},"MSE":0.002225871252884973,"MAE":5.346023429729463e+64,"L2RE":0.43570506046854096}