{"_step":1,"weighted_array":[0.25,0.25,0.25,0.25],"_wandb":{"runtime":2},"iterations":400,"L2RE":1.5454552144942943,"weighted_score":0.10165950765117392,"_runtime":2.387065462,"_timestamp":1.7242396571063666e+09,"MAE":4.364009488496405e+65,"MSE":0.02800449083686678,"activation_function":"Mish","max_APE":6.023976963880395e+68,"initialization_method":"He normal"}