{"MAE":3.9320035438791094e+65,"L2RE":1.4440228122359777,"max_APE":5.293780334143051e+68,"_timestamp":1.7242741146995971e+09,"_runtime":32.47697346,"_wandb":{"runtime":32},"_step":0,"MSE":0.02444910359824417}