{"L2RE":0.4328444447108724,"max_APE":1.8402262118562287e+68,"_timestamp":1.7239866971022308e+09,"_runtime":194.185188053,"_wandb":{"runtime":194},"_step":0,"MSE":0.002196739344445038,"MAE":7.969767682331579e+64}