{"_wandb":{"runtime":2},"activation_function":"Swish","L2RE":0.5730201478884963,"MAE":1.1245020091730585e+65,"_runtime":2.040629126,"MSE":0.003849945816101875,"initialization_method":"He normal","max_APE":2.2521766678646684e+68,"iterations":250,"_step":0,"_timestamp":1.7240677536039395e+09}